--
-- PostgreSQL database dump
--

\restrict FLcFn4O6sfhQPGs0Mdmuj2aYDq644EK0x0ZvAgKr2gd44AWqD1HBMv92v4VzlFj

-- Dumped from database version 17.6
-- Dumped by pg_dump version 18.3

SET statement_timeout = 0;
SET lock_timeout = 0;
SET idle_in_transaction_session_timeout = 0;
SET transaction_timeout = 0;
SET client_encoding = 'UTF8';
SET standard_conforming_strings = on;
SELECT pg_catalog.set_config('search_path', '', false);
SET check_function_bodies = false;
SET xmloption = content;
SET client_min_messages = warning;
SET row_security = off;

--
-- Data for Name: account_deletion_requests; Type: TABLE DATA; Schema: public; Owner: postgres
--

COPY "public"."account_deletion_requests" ("id", "user_id", "request_origin", "idempotency_key", "status", "storage_cleanup_pending", "cleanup_item_count", "cleanup_completed_count", "requested_at", "started_at", "db_deleted_at", "cleanup_started_at", "cleanup_completed_at", "completed_at", "last_status_changed_at", "last_error_code", "last_error_message") FROM stdin;
\.


--
-- Data for Name: account_deletion_cleanup_items; Type: TABLE DATA; Schema: public; Owner: postgres
--

COPY "public"."account_deletion_cleanup_items" ("id", "request_id", "bucket_name", "storage_path", "cleanup_action", "status", "attempts", "last_attempted_at", "processing_started_at", "cleanup_completed_at", "last_error_code", "last_error_message", "created_at", "updated_at") FROM stdin;
\.


--
-- Data for Name: pets; Type: TABLE DATA; Schema: public; Owner: postgres
--

COPY "public"."pets" ("id", "user_id", "name", "birth_date", "adoption_date", "weight_kg", "gender", "neutered", "breed", "profile_image_url", "theme_color", "likes", "dislikes", "hobbies", "personality_tags", "death_date", "created_at", "updated_at", "species_group", "species_detail_key", "species_display_name") FROM stdin;
a3c135d0-dcfa-4e3f-8087-8012d9a54acb	249ef75b-269b-4664-950e-257c9995dd4a	누리	2011-10-28	2011-10-28	\N	male	t	말티즈	249ef75b-269b-4664-950e-257c9995dd4a/a3c135d0-dcfa-4e3f-8087-8012d9a54acb/avatar_1772860692557.jpg	#2563EB	{장난감}	{큰소리}	{산책}	{#사랑,#귀요미}	2026-02-22	2026-03-06 18:03:48.956388+00	2026-03-09 03:44:08.711179+00	other	\N	\N
085ea033-3230-4deb-ae8f-ec1a5500476c	249ef75b-269b-4664-950e-257c9995dd4a	Test	2026-03-09	2026-03-09	1.00	male	t	Test	249ef75b-269b-4664-950e-257c9995dd4a/085ea033-3230-4deb-ae8f-ec1a5500476c/avatar_1773028491246.jpg	#EC4899	{1}	{1}	{1}	{#1}	2026-03-09	2026-03-09 03:54:51.189343+00	2026-03-09 03:54:52.366885+00	other	\N	\N
ba811b5a-1a0f-4011-84b4-1303f5da9f0b	249ef75b-269b-4664-950e-257c9995dd4a	ㅇㅇㅇㅇ	2026-03-09	2026-03-09	3.00	male	t	말티즈	249ef75b-269b-4664-950e-257c9995dd4a/ba811b5a-1a0f-4011-84b4-1303f5da9f0b/avatar_1773057525873.png	#EC4899	{ㅇㅇ}	{Dd00ㅇㅇ}	{Dd}	{#3jjhㅇㅇㅏ}	\N	2026-03-09 11:58:45.979908+00	2026-03-09 11:58:47.781186+00	other	\N	\N
f95fa11f-0610-4d8a-9f41-ecb7bfb0df23	1e64edc9-219c-4ef8-b45c-350a31b8d85f	누리	2026-03-09	2026-03-09	5.00	male	t	말티즈	1e64edc9-219c-4ef8-b45c-350a31b8d85f/f95fa11f-0610-4d8a-9f41-ecb7bfb0df23/avatar_1773058562876.png	#F97316	{ㅎ}	{ㅎ}	{ㅎ}	{#ㄹ}	\N	2026-03-09 12:16:02.893616+00	2026-03-09 12:16:05.011465+00	other	\N	\N
76055c36-5f66-4842-a1f3-a0310c41bc4b	1e64edc9-219c-4ef8-b45c-350a31b8d85f	nuri	2011-10-28	2011-10-28	2.00	male	t	말티즈	1e64edc9-219c-4ef8-b45c-350a31b8d85f/76055c36-5f66-4842-a1f3-a0310c41bc4b/avatar_1773017747239.png	#F97316	{test}	{Test}	{test}	{#test,#귀요미,#산책왕,#활발함,#애교쟁이,#호기심}	\N	2026-03-09 00:56:00.322858+00	2026-03-17 09:20:22.945764+00	dog	말티즈	말티즈
28b808cf-021d-47a9-9c20-017174d6cb01	74cd98ab-5c3c-4502-b6cc-6543d8bd6a70	테스트1	2011-10-28	2011-10-28	4.30	male	t	말티즈	74cd98ab-5c3c-4502-b6cc-6543d8bd6a70/28b808cf-021d-47a9-9c20-017174d6cb01/avatar_1773914796186.jpg	#F97316	{간식}	{간식}	{산책}	{#기요미,#귀요미,#산책왕,#활발함,#애교쟁이}	\N	2026-03-19 10:06:36.089221+00	2026-03-21 21:00:23.279569+00	dog	말티즈	말티즈
fb0e85be-9818-43c4-a301-ade1d361a5b0	249ef75b-269b-4664-950e-257c9995dd4a	누리	2011-10-28	2011-10-28	4.30	male	t	말티즈	249ef75b-269b-4664-950e-257c9995dd4a/fb0e85be-9818-43c4-a301-ade1d361a5b0/avatar_1773025089982.jpg	#F97316	{장난감}	{큰소리}	{산책하기}	{#누리,#사랑해}	2026-02-21	2026-03-09 02:58:09.907846+00	2026-03-09 02:58:11.329591+00	other	\N	\N
0f4c8132-45bc-49d0-80e6-e2195dede416	a53f9c6c-5bce-4a37-94f7-ef5f683e538c	관리자	2026-03-22	2026-03-22	4.00	male	f	도마뱀	a53f9c6c-5bce-4a37-94f7-ef5f683e538c/0f4c8132-45bc-49d0-80e6-e2195dede416/avatar_1774135050907.jpg	#8B5CF6	{ㅇ}	{ㅇ}	{ㅇ}	{#태그}	\N	2026-03-21 23:17:31.129115+00	2026-03-21 23:17:32.008842+00	other	도마뱀	도마뱀
3c985cf8-4ad3-4af0-9801-2c168e95484e	74cd98ab-5c3c-4502-b6cc-6543d8bd6a70	테스트2	2026-03-22	2026-03-22	4.00	male	t	말티즈	74cd98ab-5c3c-4502-b6cc-6543d8bd6a70/3c985cf8-4ad3-4af0-9801-2c168e95484e/avatar_1774116316040.jpg	#2563EB	{간식}	{간식}	{간식}	{#간식}	\N	2026-03-21 18:05:16.151557+00	2026-03-21 18:06:09.392113+00	dog	말티즈	말티즈
\.


--
-- Data for Name: ai_messages; Type: TABLE DATA; Schema: public; Owner: postgres
--

COPY "public"."ai_messages" ("id", "user_id", "pet_id", "date", "kind", "message", "model", "prompt", "created_at") FROM stdin;
\.


--
-- Data for Name: anniversaries; Type: TABLE DATA; Schema: public; Owner: postgres
--

COPY "public"."anniversaries" ("id", "user_id", "pet_id", "type", "date", "title", "created_at") FROM stdin;
\.


--
-- Data for Name: audit_logs; Type: TABLE DATA; Schema: public; Owner: postgres
--

COPY "public"."audit_logs" ("id", "user_id", "action", "payload", "created_at") FROM stdin;
\.


--
-- Data for Name: billing_events; Type: TABLE DATA; Schema: public; Owner: postgres
--

COPY "public"."billing_events" ("id", "user_id", "event_type", "payload", "created_at") FROM stdin;
\.


--
-- Data for Name: blocked_nickname_patterns; Type: TABLE DATA; Schema: public; Owner: postgres
--

COPY "public"."blocked_nickname_patterns" ("id", "pattern", "reason", "is_active", "created_at") FROM stdin;
1	(시|씨)?[ㅅs][ㅣi1!]*[ㅂb][ㅏa4]*[ㄹr]	profanity	t	2026-03-05 17:49:49.572683+00
2	ㅅㅂ|ㅄ|병신|븅신|개새끼|좆|좇|존나|졸라|닥쳐|꺼져|지랄|염병	profanity	t	2026-03-05 17:49:49.572683+00
3	보신탕|사철탕|영양탕|개고기|개도살|도살장|개장수|동물학대|강아지학대|학대|유기해	pet_harm	t	2026-03-05 17:49:49.572683+00
4	똥개|잡종개|들개새끼	pet_derogatory	t	2026-03-05 17:49:49.572683+00
\.


--
-- Data for Name: blocked_nicknames; Type: TABLE DATA; Schema: public; Owner: postgres
--

COPY "public"."blocked_nicknames" ("term", "reason", "is_active", "created_at", "updated_at", "match_mode") FROM stdin;
또라이	profanity	t	2026-03-05 17:41:25.423243+00	2026-03-05 17:49:49.572683+00	contains
호로	profanity	t	2026-03-05 17:49:49.572683+00	2026-03-05 17:49:49.572683+00	contains
염병	profanity	t	2026-03-05 17:49:49.572683+00	2026-03-05 17:49:49.572683+00	contains
개같	profanity	t	2026-03-05 17:49:49.572683+00	2026-03-05 17:49:49.572683+00	contains
걸레	profanity	t	2026-03-05 17:49:49.572683+00	2026-03-05 17:49:49.572683+00	contains
씨발	profanity	t	2026-03-05 17:39:24.029244+00	2026-03-05 17:49:49.572683+00	contains
시발	profanity	t	2026-03-05 17:39:24.029244+00	2026-03-05 17:49:49.572683+00	contains
씨팔	profanity	t	2026-03-05 17:41:25.423243+00	2026-03-05 17:49:49.572683+00	contains
ㅅㅂ	profanity	t	2026-03-05 17:39:24.029244+00	2026-03-05 17:49:49.572683+00	contains
병신	profanity	t	2026-03-05 17:39:24.029244+00	2026-03-05 17:49:49.572683+00	contains
븅신	profanity	t	2026-03-05 17:41:25.423243+00	2026-03-05 17:49:49.572683+00	contains
등신	profanity	t	2026-03-05 17:41:25.423243+00	2026-03-05 17:49:49.572683+00	contains
멍청이	profanity	t	2026-03-05 17:41:25.423243+00	2026-03-05 17:49:49.572683+00	contains
개새끼	profanity	t	2026-03-05 17:39:24.029244+00	2026-03-05 17:49:49.572683+00	contains
개새	profanity	t	2026-03-05 17:41:25.423243+00	2026-03-05 17:49:49.572683+00	contains
새끼	profanity	t	2026-03-05 17:41:25.423243+00	2026-03-05 17:49:49.572683+00	contains
좆	profanity	t	2026-03-05 17:39:24.029244+00	2026-03-05 17:49:49.572683+00	contains
좇	profanity	t	2026-03-05 17:41:25.423243+00	2026-03-05 17:49:49.572683+00	contains
존나	profanity	t	2026-03-05 17:41:25.423243+00	2026-03-05 17:49:49.572683+00	contains
졸라	profanity	t	2026-03-05 17:41:25.423243+00	2026-03-05 17:49:49.572683+00	contains
꺼져	profanity	t	2026-03-05 17:41:25.423243+00	2026-03-05 17:49:49.572683+00	contains
닥쳐	profanity	t	2026-03-05 17:41:25.423243+00	2026-03-05 17:49:49.572683+00	contains
지랄	profanity	t	2026-03-05 17:41:25.423243+00	2026-03-05 17:49:49.572683+00	contains
미친놈	profanity	t	2026-03-05 17:41:25.423243+00	2026-03-05 17:49:49.572683+00	contains
미친년	profanity	t	2026-03-05 17:41:25.423243+00	2026-03-05 17:49:49.572683+00	contains
똥개	pet_derogatory	t	2026-03-05 17:41:25.423243+00	2026-03-05 17:49:49.572683+00	contains
잡종개	pet_derogatory	t	2026-03-05 17:41:25.423243+00	2026-03-05 17:49:49.572683+00	contains
들개새끼	pet_derogatory	t	2026-03-05 17:41:25.423243+00	2026-03-05 17:49:49.572683+00	contains
유기견주워	pet_derogatory	t	2026-03-05 17:41:25.423243+00	2026-03-05 17:49:49.572683+00	contains
개고기	pet_harm	t	2026-03-05 17:41:25.423243+00	2026-03-05 17:49:49.572683+00	contains
개고기충	pet_harm	t	2026-03-05 17:41:25.423243+00	2026-03-05 17:49:49.572683+00	contains
개장수	pet_harm	t	2026-03-05 17:41:25.423243+00	2026-03-05 17:49:49.572683+00	contains
보신탕	pet_harm	t	2026-03-05 17:41:25.423243+00	2026-03-05 17:49:49.572683+00	contains
사철탕	pet_harm	t	2026-03-05 17:41:25.423243+00	2026-03-05 17:49:49.572683+00	contains
영양탕	pet_harm	t	2026-03-05 17:41:25.423243+00	2026-03-05 17:49:49.572683+00	contains
탕개	pet_harm	t	2026-03-05 17:41:25.423243+00	2026-03-05 17:49:49.572683+00	contains
개도살	pet_harm	t	2026-03-05 17:41:25.423243+00	2026-03-05 17:49:49.572683+00	contains
도살장	pet_harm	t	2026-03-05 17:41:25.423243+00	2026-03-05 17:49:49.572683+00	contains
개잡아	pet_harm	t	2026-03-05 17:41:25.423243+00	2026-03-05 17:49:49.572683+00	contains
개패듯	pet_harm	t	2026-03-05 17:41:25.423243+00	2026-03-05 17:49:49.572683+00	contains
학대	pet_harm	t	2026-03-05 17:41:25.423243+00	2026-03-05 17:49:49.572683+00	contains
동물학대	pet_harm	t	2026-03-05 17:41:25.423243+00	2026-03-05 17:49:49.572683+00	contains
강아지학대	pet_harm	t	2026-03-05 17:41:25.423243+00	2026-03-05 17:49:49.572683+00	contains
유기해	pet_harm	t	2026-03-05 17:49:49.572683+00	2026-03-05 17:49:49.572683+00	contains
admin	reserved_role	t	2026-03-05 17:35:51.445812+00	2026-03-05 17:49:49.572683+00	exact
administrator	reserved_role	t	2026-03-05 17:35:51.445812+00	2026-03-05 17:49:49.572683+00	exact
official	reserved_role	t	2026-03-05 17:35:51.445812+00	2026-03-05 17:49:49.572683+00	exact
support	reserved_role	t	2026-03-05 17:35:51.445812+00	2026-03-05 17:49:49.572683+00	exact
manager	reserved_role	t	2026-03-05 17:35:51.445812+00	2026-03-05 17:49:49.572683+00	exact
root	reserved_role	t	2026-03-05 17:49:49.572683+00	2026-03-05 17:49:49.572683+00	exact
system	reserved_role	t	2026-03-05 17:49:49.572683+00	2026-03-05 17:49:49.572683+00	exact
운영자	reserved_role	t	2026-03-05 17:35:51.445812+00	2026-03-05 17:49:49.572683+00	exact
관리자	reserved_role	t	2026-03-05 17:35:51.445812+00	2026-03-05 17:49:49.572683+00	exact
누리운영팀	reserved_role	t	2026-03-05 17:35:51.445812+00	2026-03-05 17:49:49.572683+00	exact
nuri	reserved_brand	t	2026-03-05 17:35:51.445812+00	2026-03-05 17:49:49.572683+00	exact
nuri_official	reserved_brand	t	2026-03-05 17:35:51.445812+00	2026-03-05 17:49:49.572683+00	exact
\.


--
-- Data for Name: posts; Type: TABLE DATA; Schema: public; Owner: postgres
--

COPY "public"."posts" ("id", "user_id", "pet_id", "visibility", "content", "image_url", "created_at", "updated_at", "status", "category", "like_count", "comment_count", "report_count", "deleted_at", "moderated_at", "moderated_by", "operator_memo", "pet_snapshot_name", "pet_snapshot_species", "pet_snapshot_breed", "pet_snapshot_age_label", "pet_snapshot_avatar_path", "show_pet_age", "author_snapshot_nickname", "author_snapshot_avatar_url", "image_urls", "title", "view_count") FROM stdin;
de1809f8-3b68-4698-b95d-50a0fc81907f	74cd98ab-5c3c-4502-b6cc-6543d8bd6a70	28b808cf-021d-47a9-9c20-017174d6cb01	public	테스트2	\N	2026-03-21 23:35:40.643459+00	2026-03-22 21:45:13.449865+00	active	info	1	4	0	\N	\N	\N	\N	테스트1	말티즈	말티즈	16살	74cd98ab-5c3c-4502-b6cc-6543d8bd6a70/28b808cf-021d-47a9-9c20-017174d6cb01/avatar_1773914796186.jpg	t	누리	\N	{}	테스트2	0
1247ae27-3d2c-48b8-b9ac-4669833373d5	74cd98ab-5c3c-4502-b6cc-6543d8bd6a70	28b808cf-021d-47a9-9c20-017174d6cb01	public	테스트5	\N	2026-03-21 21:29:19.334824+00	2026-03-22 21:24:15.410657+00	deleted	free	0	0	0	2026-03-21 22:15:13.041+00	\N	\N	\N	테스트1	말티즈	말티즈	16살	74cd98ab-5c3c-4502-b6cc-6543d8bd6a70/28b808cf-021d-47a9-9c20-017174d6cb01/avatar_1773914796186.jpg	t	\N	\N	{}	테스트5	0
0f6ae2fe-cf0c-43f2-8423-d009213afcb6	74cd98ab-5c3c-4502-b6cc-6543d8bd6a70	28b808cf-021d-47a9-9c20-017174d6cb01	public	ㅓㅓㅓ어어엉	74cd98ab-5c3c-4502-b6cc-6543d8bd6a70/0f6ae2fe-cf0c-43f2-8423-d009213afcb6/1774140695328_q6kbaxmt.jpg	2026-03-22 00:51:22.574433+00	2026-03-22 21:24:15.410657+00	active	question	1	0	0	\N	\N	\N	\N	테스트1	말티즈	말티즈	16살	74cd98ab-5c3c-4502-b6cc-6543d8bd6a70/28b808cf-021d-47a9-9c20-017174d6cb01/avatar_1773914796186.jpg	t	누리	\N	{74cd98ab-5c3c-4502-b6cc-6543d8bd6a70/0f6ae2fe-cf0c-43f2-8423-d009213afcb6/1774140695328_q6kbaxmt.jpg}	ㅓㅓㅓ어어엉	0
dd8a94a0-1e1e-4778-b725-2447061b9d64	74cd98ab-5c3c-4502-b6cc-6543d8bd6a70	28b808cf-021d-47a9-9c20-017174d6cb01	public	디중테스트	74cd98ab-5c3c-4502-b6cc-6543d8bd6a70/dd8a94a0-1e1e-4778-b725-2447061b9d64/1774162015323_blotgy62.jpg	2026-03-22 06:46:55.371248+00	2026-03-22 21:24:15.410657+00	deleted	question	0	0	0	2026-03-22 06:48:03.296+00	\N	\N	\N	테스트1	말티즈	말티즈	16살	74cd98ab-5c3c-4502-b6cc-6543d8bd6a70/28b808cf-021d-47a9-9c20-017174d6cb01/avatar_1773914796186.jpg	t	누리	\N	{74cd98ab-5c3c-4502-b6cc-6543d8bd6a70/dd8a94a0-1e1e-4778-b725-2447061b9d64/1774162015323_blotgy62.jpg,74cd98ab-5c3c-4502-b6cc-6543d8bd6a70/dd8a94a0-1e1e-4778-b725-2447061b9d64/1774162015666_5v3fusmn.jpg,74cd98ab-5c3c-4502-b6cc-6543d8bd6a70/dd8a94a0-1e1e-4778-b725-2447061b9d64/1774162016266_0f10m31r.jpg}	디중테스트	0
ac3f1e5b-236e-4b79-992e-9ae76c7caeb3	74cd98ab-5c3c-4502-b6cc-6543d8bd6a70	28b808cf-021d-47a9-9c20-017174d6cb01	public	다중이미지	74cd98ab-5c3c-4502-b6cc-6543d8bd6a70/ac3f1e5b-236e-4b79-992e-9ae76c7caeb3/1774162096500_netop6p6.jpg	2026-03-22 06:48:16.562221+00	2026-03-22 21:24:15.410657+00	active	question	1	0	0	\N	\N	\N	\N	테스트1	말티즈	말티즈	16살	74cd98ab-5c3c-4502-b6cc-6543d8bd6a70/28b808cf-021d-47a9-9c20-017174d6cb01/avatar_1773914796186.jpg	t	누리	\N	{74cd98ab-5c3c-4502-b6cc-6543d8bd6a70/ac3f1e5b-236e-4b79-992e-9ae76c7caeb3/1774162096500_netop6p6.jpg,74cd98ab-5c3c-4502-b6cc-6543d8bd6a70/ac3f1e5b-236e-4b79-992e-9ae76c7caeb3/1774162096861_yihgpi3r.jpg,74cd98ab-5c3c-4502-b6cc-6543d8bd6a70/ac3f1e5b-236e-4b79-992e-9ae76c7caeb3/1774162097128_r7162p3o.jpg}	다중이미지	0
dab1fac5-a1ac-4bdd-9959-8fb92cc29514	74cd98ab-5c3c-4502-b6cc-6543d8bd6a70	28b808cf-021d-47a9-9c20-017174d6cb01	public	테스트1	74cd98ab-5c3c-4502-b6cc-6543d8bd6a70/dab1fac5-a1ac-4bdd-9959-8fb92cc29514/1774127358211_ko979m70.jpg	2026-03-21 21:09:18.168736+00	2026-03-22 21:24:15.410657+00	deleted	question	0	0	0	2026-03-21 23:31:12.4+00	\N	\N	\N	\N	\N	\N	\N	\N	t	\N	\N	{74cd98ab-5c3c-4502-b6cc-6543d8bd6a70/dab1fac5-a1ac-4bdd-9959-8fb92cc29514/1774127358211_ko979m70.jpg}	테스트1	0
6b54c68e-4dab-420a-856e-a62ce5168cc3	74cd98ab-5c3c-4502-b6cc-6543d8bd6a70	28b808cf-021d-47a9-9c20-017174d6cb01	public	테스트2	74cd98ab-5c3c-4502-b6cc-6543d8bd6a70/6b54c68e-4dab-420a-856e-a62ce5168cc3/1774127989852_lllk38iy.jpg	2026-03-21 21:19:49.751827+00	2026-03-22 21:24:15.410657+00	deleted	question	0	0	0	2026-03-21 23:31:18.257+00	\N	\N	\N	\N	\N	\N	\N	\N	t	\N	\N	{74cd98ab-5c3c-4502-b6cc-6543d8bd6a70/6b54c68e-4dab-420a-856e-a62ce5168cc3/1774127989852_lllk38iy.jpg}	테스트2	0
657a66aa-347c-4e6a-8b0d-ebf4a2c98bd2	1e64edc9-219c-4ef8-b45c-350a31b8d85f	76055c36-5f66-4842-a1f3-a0310c41bc4b	public	테스트6	\N	2026-03-21 23:15:07.358554+00	2026-03-22 21:24:15.410657+00	active	question	2	2	0	\N	\N	\N	\N	nuri	말티즈	말티즈	16살	1e64edc9-219c-4ef8-b45c-350a31b8d85f/76055c36-5f66-4842-a1f3-a0310c41bc4b/avatar_1773017747239.png	t	\N	\N	{}	테스트6	0
4167d32c-575e-43f2-a450-dc1ff15c2fb1	a53f9c6c-5bce-4a37-94f7-ef5f683e538c	0f4c8132-45bc-49d0-80e6-e2195dede416	public	알수없늠테스트	\N	2026-03-21 23:29:44.786774+00	2026-03-22 21:24:15.410657+00	active	question	0	0	0	\N	\N	\N	\N	관리자	도마뱀	도마뱀	생후 0개월	a53f9c6c-5bce-4a37-94f7-ef5f683e538c/0f4c8132-45bc-49d0-80e6-e2195dede416/avatar_1774135050907.jpg	t	관리자계정	\N	{}	알수없늠테스트	0
e2167239-0222-49c9-9c54-e73fa1110fb3	74cd98ab-5c3c-4502-b6cc-6543d8bd6a70	28b808cf-021d-47a9-9c20-017174d6cb01	public	테스트5	\N	2026-03-21 22:15:35.605711+00	2026-03-22 21:24:15.410657+00	deleted	free	2	1	0	2026-03-21 23:30:57.973+00	\N	\N	\N	테스트1	말티즈	말티즈	16살	74cd98ab-5c3c-4502-b6cc-6543d8bd6a70/28b808cf-021d-47a9-9c20-017174d6cb01/avatar_1773914796186.jpg	t	\N	\N	{}	테스트5	0
fd4d2b72-942f-4267-bc53-4567b037c333	74cd98ab-5c3c-4502-b6cc-6543d8bd6a70	28b808cf-021d-47a9-9c20-017174d6cb01	public	테스트4	\N	2026-03-21 21:29:08.513711+00	2026-03-22 21:24:15.410657+00	deleted	daily	1	0	0	2026-03-21 23:31:02.922+00	\N	\N	\N	\N	\N	\N	\N	\N	t	\N	\N	{}	테스트4	0
c1860c79-955b-4d25-a869-f69648dbfc0b	74cd98ab-5c3c-4502-b6cc-6543d8bd6a70	28b808cf-021d-47a9-9c20-017174d6cb01	public	테스트3	\N	2026-03-21 21:21:10.580667+00	2026-03-22 21:24:15.410657+00	deleted	info	0	0	0	2026-03-21 23:31:07.394+00	\N	\N	\N	\N	\N	\N	\N	\N	t	\N	\N	{}	테스트3	0
66c05b39-b3f2-48b6-8348-3442ce688126	74cd98ab-5c3c-4502-b6cc-6543d8bd6a70	28b808cf-021d-47a9-9c20-017174d6cb01	public	다중이미지테스트	74cd98ab-5c3c-4502-b6cc-6543d8bd6a70/66c05b39-b3f2-48b6-8348-3442ce688126/1774161958788_v7vpa65l.jpg	2026-03-22 06:45:58.844561+00	2026-03-22 21:24:15.410657+00	deleted	question	0	0	0	2026-03-22 06:46:40.254+00	\N	\N	\N	테스트1	말티즈	말티즈	16살	74cd98ab-5c3c-4502-b6cc-6543d8bd6a70/28b808cf-021d-47a9-9c20-017174d6cb01/avatar_1773914796186.jpg	t	누리	\N	{74cd98ab-5c3c-4502-b6cc-6543d8bd6a70/66c05b39-b3f2-48b6-8348-3442ce688126/1774161958788_v7vpa65l.jpg,74cd98ab-5c3c-4502-b6cc-6543d8bd6a70/66c05b39-b3f2-48b6-8348-3442ce688126/1774161959235_xm3z18ko.jpg,74cd98ab-5c3c-4502-b6cc-6543d8bd6a70/66c05b39-b3f2-48b6-8348-3442ce688126/1774161959498_ybsqe7qf.jpg}	다중이미지테스트	0
bbd50524-88db-42bd-b953-a6cdc2c880fc	74cd98ab-5c3c-4502-b6cc-6543d8bd6a70	28b808cf-021d-47a9-9c20-017174d6cb01	public	test	\N	2026-03-22 21:27:34.384405+00	2026-03-22 21:57:58.253509+00	active	question	1	0	0	\N	\N	\N	\N	테스트1	말티즈	말티즈	16살	74cd98ab-5c3c-4502-b6cc-6543d8bd6a70/28b808cf-021d-47a9-9c20-017174d6cb01/avatar_1773914796186.jpg	t	누리	\N	{}	test	0
6f965ad9-38d7-424b-979c-7ae951dafbcc	53e3a8f9-2b51-4bd9-8775-3da75970f3c1	\N	public	image upload flow	53e3a8f9-2b51-4bd9-8775-3da75970f3c1/6f965ad9-38d7-424b-979c-7ae951dafbcc/1774420182163_qa.jpg	2026-03-25 06:29:42.085742+00	2026-03-25 06:29:43.704389+00	auto_hidden	free	0	0	0	\N	\N	\N	\N	\N	\N	\N	\N	\N	t	\N	\N	{53e3a8f9-2b51-4bd9-8775-3da75970f3c1/6f965ad9-38d7-424b-979c-7ae951dafbcc/1774420182163_qa.jpg}	[QA][image] qa-task4-image-1774420180711	0
b526479c-92dc-40e9-8b99-30992af15dbc	74cd98ab-5c3c-4502-b6cc-6543d8bd6a70	28b808cf-021d-47a9-9c20-017174d6cb01	public	test12313131333333333333333333333333333333333333333333333333333333333333333	74cd98ab-5c3c-4502-b6cc-6543d8bd6a70/b526479c-92dc-40e9-8b99-30992af15dbc/1774217290301_efmojsj7.png	2026-03-22 22:08:09.935424+00	2026-03-22 23:52:14.500829+00	active	free	1	14	0	\N	\N	\N	\N	테스트1	말티즈	말티즈	16살	74cd98ab-5c3c-4502-b6cc-6543d8bd6a70/28b808cf-021d-47a9-9c20-017174d6cb01/avatar_1773914796186.jpg	t	누리	\N	{74cd98ab-5c3c-4502-b6cc-6543d8bd6a70/b526479c-92dc-40e9-8b99-30992af15dbc/1774217290301_efmojsj7.png,74cd98ab-5c3c-4502-b6cc-6543d8bd6a70/b526479c-92dc-40e9-8b99-30992af15dbc/1774217294567_wph7djk1.png,74cd98ab-5c3c-4502-b6cc-6543d8bd6a70/b526479c-92dc-40e9-8b99-30992af15dbc/1774217298347_0233x531.png}	test123	0
a4b2d00e-1899-4b43-9005-095a8a2a5b38	a53f9c6c-5bce-4a37-94f7-ef5f683e538c	0f4c8132-45bc-49d0-80e6-e2195dede416	public	1	\N	2026-03-25 04:49:39.85543+00	2026-03-25 04:49:39.85543+00	active	question	0	0	0	\N	\N	\N	\N	관리자	도마뱀	도마뱀	생후 0개월	a53f9c6c-5bce-4a37-94f7-ef5f683e538c/0f4c8132-45bc-49d0-80e6-e2195dede416/avatar_1774135050907.jpg	t	관리자계정	\N	{}	1	0
a64b4f9c-c05a-43a8-b933-10dc88735268	a53f9c6c-5bce-4a37-94f7-ef5f683e538c	0f4c8132-45bc-49d0-80e6-e2195dede416	public	2	\N	2026-03-25 04:49:45.83186+00	2026-03-25 04:49:45.83186+00	active	question	0	0	0	\N	\N	\N	\N	관리자	도마뱀	도마뱀	생후 0개월	a53f9c6c-5bce-4a37-94f7-ef5f683e538c/0f4c8132-45bc-49d0-80e6-e2195dede416/avatar_1774135050907.jpg	t	관리자계정	\N	{}	2	0
da14938a-5ac2-4162-b272-e55c0d69c47c	b92f5857-8423-41c4-b321-63a1b4a8fdf3	\N	public	Task4 evidence main post qa-task4-1774418326693	b92f5857-8423-41c4-b321-63a1b4a8fdf3/da14938a-5ac2-4162-b272-e55c0d69c47c/1774418330634_qa.png	2026-03-25 05:58:49.997973+00	2026-03-25 05:58:54.406309+00	auto_hidden	daily	0	5	0	\N	2026-03-25 05:58:54.406309+00	\N	신고 누적 기준으로 자동 숨김 처리됐어요.	\N	\N	\N	\N	\N	t	Qor	\N	{b92f5857-8423-41c4-b321-63a1b4a8fdf3/da14938a-5ac2-4162-b272-e55c0d69c47c/1774418330634_qa.png}	[QA][Task4][P1] qa-task4-1774418326693	0
53890936-7e5d-49e0-b8da-c76e6e284ffe	b92f5857-8423-41c4-b321-63a1b4a8fdf3	\N	public	Task4 evidence post 2 qa-task4-1774418326693	\N	2026-03-25 05:58:50.276442+00	2026-03-25 05:58:57.083953+00	deleted	daily	0	0	0	2026-03-25 05:58:57.004+00	\N	\N	\N	\N	\N	\N	\N	\N	t	Qor	\N	{}	[QA][Task4][P2] qa-task4-1774418326693	0
1eb1858b-0f6a-49bd-80e3-2e3cbfa88b4b	b92f5857-8423-41c4-b321-63a1b4a8fdf3	\N	public	Task4 evidence post 3 qa-task4-1774418326693	\N	2026-03-25 05:58:50.415563+00	2026-03-25 05:58:57.219586+00	deleted	daily	0	0	0	2026-03-25 05:58:57.147+00	\N	\N	\N	\N	\N	\N	\N	\N	t	Qor	\N	{}	[QA][Task4][P3] qa-task4-1774418326693	0
808c5f9d-d0ab-47bf-b36c-8f18ad6ff411	c72c89fa-9abf-4111-bebf-5846adc12053	\N	public	image blocker repro	\N	2026-03-25 06:21:47.330491+00	2026-03-25 06:21:47.330491+00	active	free	0	0	0	\N	\N	\N	\N	\N	\N	\N	\N	\N	t	\N	\N	{}	[QA][img] 1774419706854	0
21f03d1a-a7a6-4d94-a964-112816df0849	a53f9c6c-5bce-4a37-94f7-ef5f683e538c	0f4c8132-45bc-49d0-80e6-e2195dede416	public	3	\N	2026-03-25 04:49:49.984582+00	2026-03-25 04:50:41.571897+00	active	question	0	5	0	\N	\N	\N	\N	관리자	도마뱀	도마뱀	생후 0개월	a53f9c6c-5bce-4a37-94f7-ef5f683e538c/0f4c8132-45bc-49d0-80e6-e2195dede416/avatar_1774135050907.jpg	t	관리자계정	\N	{}	3	0
975190f9-338a-4219-81ce-06567606dd29	689a0687-d068-424f-b659-2fb726d486ff	\N	public	comment auto-hide repro	\N	2026-03-25 06:26:47.43674+00	2026-03-25 06:26:47.43674+00	active	free	0	0	0	\N	\N	\N	\N	\N	\N	\N	\N	\N	t	\N	\N	{}	[QA][comment-auto-hide] qa-task4-fix-1774420000242	0
3c64e64c-61e4-4f0f-86d6-c01c59ef7163	701836fd-2072-4666-a2f4-00f1d0916811	\N	public	comment auto-hide repro	\N	2026-03-25 06:27:30.385689+00	2026-03-25 06:27:30.385689+00	active	free	0	0	0	\N	\N	\N	\N	\N	\N	\N	\N	\N	t	\N	\N	{}	[QA][comment-auto-hide] qa-task4-fix-1774420046091	0
e70804b7-e1ab-4cc7-9e50-3759c5f7cd57	a53f9c6c-5bce-4a37-94f7-ef5f683e538c	0f4c8132-45bc-49d0-80e6-e2195dede416	public	editbody1234	\N	2026-03-29 04:48:22.906574+00	2026-03-29 05:02:50.759059+00	active	question	1	0	0	\N	\N	\N	\N	관리자	도마뱀	도마뱀	생후 0개월	a53f9c6c-5bce-4a37-94f7-ef5f683e538c/0f4c8132-45bc-49d0-80e6-e2195dede416/avatar_1774135050907.jpg	t	관리자계정	\N	{}	editprobe123yeditbody1234editbody1234	0
a0794c6f-d5be-4d5d-b17f-e34a34f85401	1ea94510-c4e1-4e22-977c-c03fc4af1219	\N	public	x	\N	2026-03-25 06:27:59.160927+00	2026-03-25 06:27:59.666016+00	active	free	0	0	0	\N	\N	\N	\N	\N	\N	\N	\N	\N	t	\N	\N	{}	[QA] qa-task4-diag-1774420075603	0
92e5e7d7-e49c-44b4-ab54-8cc41d934493	a2b7ef69-5c44-4ab3-a191-7d2983e2298a	\N	public	img	\N	2026-03-25 06:27:59.823562+00	2026-03-25 06:27:59.823562+00	active	free	0	0	0	\N	\N	\N	\N	\N	\N	\N	\N	\N	t	\N	\N	{}	[QA][img] qa-task4-diag-1774420075603	0
c1cda3de-0239-4ed3-b3e2-9f1c1ca2af3b	21f8ceb5-ca5f-44f1-ad76-d9be4342fc00	\N	public	target owner-a-1	\N	2026-03-25 06:29:18.366009+00	2026-03-25 06:29:18.366009+00	active	free	0	0	0	\N	\N	\N	\N	\N	\N	\N	\N	\N	t	\N	\N	{}	[QA][owner-a][1] qa-task4-reporter-1774420156736	0
51f2081e-e11f-4efd-b283-a4f4cbdedf15	21f8ceb5-ca5f-44f1-ad76-d9be4342fc00	\N	public	target owner-a-2	\N	2026-03-25 06:29:18.593654+00	2026-03-25 06:29:18.593654+00	active	free	0	0	0	\N	\N	\N	\N	\N	\N	\N	\N	\N	t	\N	\N	{}	[QA][owner-a][2] qa-task4-reporter-1774420156736	0
6e67a848-3c2d-467f-8790-061c849ac660	21f8ceb5-ca5f-44f1-ad76-d9be4342fc00	\N	public	target owner-a-3	\N	2026-03-25 06:29:18.732528+00	2026-03-25 06:29:18.732528+00	active	free	0	0	0	\N	\N	\N	\N	\N	\N	\N	\N	\N	t	\N	\N	{}	[QA][owner-a][3] qa-task4-reporter-1774420156736	0
06850795-614a-48aa-852a-76fe6261a864	4848382d-e1e9-416f-aee0-ec2be79c9aa9	\N	public	target owner-b-1	\N	2026-03-25 06:29:18.879465+00	2026-03-25 06:29:18.879465+00	active	free	0	0	0	\N	\N	\N	\N	\N	\N	\N	\N	\N	t	\N	\N	{}	[QA][owner-b][1] qa-task4-reporter-1774420156736	0
21b4a75c-68f1-46b7-9d98-b8e065463b43	4848382d-e1e9-416f-aee0-ec2be79c9aa9	\N	public	target owner-b-2	\N	2026-03-25 06:29:19.001372+00	2026-03-25 06:29:19.001372+00	active	free	0	0	0	\N	\N	\N	\N	\N	\N	\N	\N	\N	t	\N	\N	{}	[QA][owner-b][2] qa-task4-reporter-1774420156736	0
9572c994-bd24-4b43-98b2-f869e2fa2a1b	4848382d-e1e9-416f-aee0-ec2be79c9aa9	\N	public	target owner-b-3	\N	2026-03-25 06:29:19.134351+00	2026-03-25 06:29:19.134351+00	active	free	0	0	0	\N	\N	\N	\N	\N	\N	\N	\N	\N	t	\N	\N	{}	[QA][owner-b][3] qa-task4-reporter-1774420156736	0
b8f5cbe2-9406-4f78-8d98-9753c7ac0ed2	78101bff-3156-4dfd-8f2f-a2343493109f	\N	public	조회수 검증용 게시글입니다.	\N	2026-03-29 09:24:56.06685+00	2026-03-29 09:24:56.881976+00	deleted	free	0	0	0	2026-03-29 09:24:56.764+00	\N	\N	\N	\N	\N	\N	\N	\N	t	\N	\N	{}	qa-task8-view-count-1774776294721	0
02e386b2-f70e-477f-8be3-85a8337cdd11	82ddd3ff-bcb7-450c-921d-a754c4da2f2a	\N	public	수동 UX 검증용 본문 1774754747726	\N	2026-03-29 03:53:14.410188+00	2026-03-29 05:00:24.23003+00	active	free	1	0	0	\N	\N	\N	\N	\N	\N	\N	\N	\N	t	qatask6o	\N	{}	수동 UX 검증용 게시글 1774754747726	0
e279070f-dce6-4ef7-aeb7-a2219b905b7a	11cc1314-8473-4a27-8b1d-452210a487a9	\N	public	조회수 검증용 게시글입니다.	\N	2026-03-29 09:26:12.219934+00	2026-03-29 09:26:13.766789+00	deleted	free	0	0	0	2026-03-29 09:26:13.051+00	\N	\N	\N	\N	\N	\N	\N	\N	t	\N	\N	{}	qa-task8-view-count-1774776371016	2
\.


--
-- Data for Name: comments; Type: TABLE DATA; Schema: public; Owner: postgres
--

COPY "public"."comments" ("id", "post_id", "user_id", "content", "created_at", "updated_at", "deleted_at", "status", "parent_comment_id", "depth", "reply_count", "like_count") FROM stdin;
1ee53f3a-a17d-4187-b1db-677c4200a7e9	b526479c-92dc-40e9-8b99-30992af15dbc	74cd98ab-5c3c-4502-b6cc-6543d8bd6a70	답글	2026-03-22 23:37:04.687424+00	2026-03-22 23:42:29.977812+00	2026-03-22 23:42:29.57+00	deleted	2ad962b2-6987-488c-8789-7c0358cdb16a	1	0	0
13a44771-f8bb-4beb-97e7-eaad3c2edac4	b526479c-92dc-40e9-8b99-30992af15dbc	74cd98ab-5c3c-4502-b6cc-6543d8bd6a70	답글	2026-03-22 23:37:09.064728+00	2026-03-22 23:42:29.977812+00	2026-03-22 23:42:29.57+00	deleted	2ad962b2-6987-488c-8789-7c0358cdb16a	1	0	0
c53089f6-28ac-44e3-b7ad-08656edd7d8c	21f03d1a-a7a6-4d94-a964-112816df0849	a53f9c6c-5bce-4a37-94f7-ef5f683e538c	1	2026-03-25 04:50:30.643565+00	2026-03-25 04:50:30.643565+00	\N	active	\N	0	0	0
2c86a0ed-3399-4e71-857e-cc639d98b1c0	b526479c-92dc-40e9-8b99-30992af15dbc	74cd98ab-5c3c-4502-b6cc-6543d8bd6a70	5	2026-03-22 23:37:36.690007+00	2026-03-22 23:37:36.690007+00	\N	active	\N	0	0	0
414f5406-044a-42ff-9d46-5b3fde44027a	b526479c-92dc-40e9-8b99-30992af15dbc	74cd98ab-5c3c-4502-b6cc-6543d8bd6a70	6	2026-03-22 23:37:40.184058+00	2026-03-22 23:37:40.184058+00	\N	active	\N	0	0	0
df9e592f-e1fd-437b-a118-5b51b4dea8ac	b526479c-92dc-40e9-8b99-30992af15dbc	74cd98ab-5c3c-4502-b6cc-6543d8bd6a70	7	2026-03-22 23:37:43.989068+00	2026-03-22 23:37:43.989068+00	\N	active	\N	0	0	0
d8ea923e-a76a-4dc7-8942-c3f191914d56	e2167239-0222-49c9-9c54-e73fa1110fb3	74cd98ab-5c3c-4502-b6cc-6543d8bd6a70	테스트	2026-03-21 23:05:18.502671+00	2026-03-22 23:24:24.89826+00	\N	active	\N	0	0	0
a14e6a0e-2b3e-44c3-88a0-79bc5783cdac	e2167239-0222-49c9-9c54-e73fa1110fb3	74cd98ab-5c3c-4502-b6cc-6543d8bd6a70	테스트1	2026-03-21 23:05:25.853869+00	2026-03-22 23:24:24.89826+00	2026-03-21 23:05:47.346+00	deleted	\N	0	0	0
6fa90a7b-b55b-4da0-9df9-1a2ddfb23de9	e2167239-0222-49c9-9c54-e73fa1110fb3	1e64edc9-219c-4ef8-b45c-350a31b8d85f	테스트2	2026-03-21 23:11:25.747117+00	2026-03-22 23:24:24.89826+00	\N	active	\N	0	0	0
844a68a9-afea-4dad-bae0-fd25a29825ea	657a66aa-347c-4e6a-8b0d-ebf4a2c98bd2	1e64edc9-219c-4ef8-b45c-350a31b8d85f	테스트 입니다	2026-03-21 23:15:21.009335+00	2026-03-22 23:24:24.89826+00	\N	active	\N	0	0	0
8279ccd9-3645-4a67-9390-884f8b9c1d92	657a66aa-347c-4e6a-8b0d-ebf4a2c98bd2	a53f9c6c-5bce-4a37-94f7-ef5f683e538c	ㅇㅇㅇ	2026-03-21 23:18:18.364389+00	2026-03-22 23:24:24.89826+00	\N	active	\N	0	0	0
80d6dff1-d1bc-4d84-a1ba-9dfa1b825d53	de1809f8-3b68-4698-b95d-50a0fc81907f	74cd98ab-5c3c-4502-b6cc-6543d8bd6a70	티이잉	2026-03-22 00:42:43.943107+00	2026-03-22 23:24:24.89826+00	\N	active	\N	0	0	0
d10c6728-e753-40cd-86b6-314f1ee34410	de1809f8-3b68-4698-b95d-50a0fc81907f	74cd98ab-5c3c-4502-b6cc-6543d8bd6a70	아아앙	2026-03-22 00:42:48.524851+00	2026-03-22 23:24:24.89826+00	\N	active	\N	0	0	0
8155cfa2-0b8e-452e-9a1e-cc67c7662152	de1809f8-3b68-4698-b95d-50a0fc81907f	74cd98ab-5c3c-4502-b6cc-6543d8bd6a70	어어엉	2026-03-22 00:42:52.335088+00	2026-03-22 23:24:24.89826+00	\N	active	\N	0	0	0
9f4614d5-2e62-452d-b899-82042f12fa2f	de1809f8-3b68-4698-b95d-50a0fc81907f	74cd98ab-5c3c-4502-b6cc-6543d8bd6a70	test	2026-03-22 21:45:13.449865+00	2026-03-22 23:24:24.89826+00	\N	active	\N	0	0	0
7f84ecb7-d29d-4e23-974d-513f863b65e7	b526479c-92dc-40e9-8b99-30992af15dbc	74cd98ab-5c3c-4502-b6cc-6543d8bd6a70	8	2026-03-22 23:37:47.38461+00	2026-03-22 23:37:47.38461+00	\N	active	\N	0	0	0
7a12f0fb-14fb-47c1-b565-ca2c2cd2b2c1	b526479c-92dc-40e9-8b99-30992af15dbc	74cd98ab-5c3c-4502-b6cc-6543d8bd6a70	9	2026-03-22 23:37:51.067386+00	2026-03-22 23:37:51.067386+00	\N	active	\N	0	0	0
874e9057-8b8b-438d-8612-e2d313c21509	657a66aa-347c-4e6a-8b0d-ebf4a2c98bd2	74cd98ab-5c3c-4502-b6cc-6543d8bd6a70	ㅇㅇㅇㅇ	2026-03-22 23:05:46.468817+00	2026-03-22 23:24:24.89826+00	\N	active	\N	0	0	0
674a5189-9561-4e07-9100-868eca4f13ca	b526479c-92dc-40e9-8b99-30992af15dbc	74cd98ab-5c3c-4502-b6cc-6543d8bd6a70	10	2026-03-22 23:37:54.154525+00	2026-03-22 23:37:54.154525+00	\N	active	\N	0	0	0
e12f522e-4585-43f6-bbdf-eea3a2fd95c1	b526479c-92dc-40e9-8b99-30992af15dbc	74cd98ab-5c3c-4502-b6cc-6543d8bd6a70	sss	2026-03-22 22:17:12.599788+00	2026-03-22 23:26:09.604915+00	2026-03-22 23:26:09.389+00	deleted	\N	0	0	0
ce4820ac-10b6-4175-b01b-7c78373826ea	b526479c-92dc-40e9-8b99-30992af15dbc	74cd98ab-5c3c-4502-b6cc-6543d8bd6a70	ssss	2026-03-22 22:17:16.809093+00	2026-03-22 23:26:11.390817+00	2026-03-22 23:26:11.169+00	deleted	\N	0	0	0
2c33dc4e-641e-4a98-a029-c02af36b0239	b526479c-92dc-40e9-8b99-30992af15dbc	74cd98ab-5c3c-4502-b6cc-6543d8bd6a70	11	2026-03-22 23:37:57.20735+00	2026-03-22 23:37:57.20735+00	\N	active	\N	0	0	0
5320f2e4-a291-4847-8b48-64cc2fe5ebdd	b526479c-92dc-40e9-8b99-30992af15dbc	74cd98ab-5c3c-4502-b6cc-6543d8bd6a70	12	2026-03-22 23:38:02.041021+00	2026-03-22 23:38:02.041021+00	\N	active	\N	0	0	0
9c24a99f-bfc3-46ae-a789-11c13a5ac823	b526479c-92dc-40e9-8b99-30992af15dbc	74cd98ab-5c3c-4502-b6cc-6543d8bd6a70	13	2026-03-22 23:38:08.84562+00	2026-03-22 23:38:08.84562+00	\N	active	\N	0	0	0
b0b04594-0e23-4202-b27b-7cc02bd903e9	b526479c-92dc-40e9-8b99-30992af15dbc	74cd98ab-5c3c-4502-b6cc-6543d8bd6a70	14	2026-03-22 23:38:14.126996+00	2026-03-22 23:38:14.126996+00	\N	active	\N	0	0	0
8a59a6f0-c587-418a-9f33-aa93745c3376	b526479c-92dc-40e9-8b99-30992af15dbc	74cd98ab-5c3c-4502-b6cc-6543d8bd6a70	답글	2026-03-22 23:37:13.518935+00	2026-03-22 23:42:29.977812+00	2026-03-22 23:42:29.57+00	deleted	2ad962b2-6987-488c-8789-7c0358cdb16a	1	0	0
2f737a7e-89d0-41cd-99be-c7543832c2d3	b526479c-92dc-40e9-8b99-30992af15dbc	74cd98ab-5c3c-4502-b6cc-6543d8bd6a70	답글테스트	2026-03-22 23:36:29.267723+00	2026-03-22 23:42:23.458589+00	2026-03-22 23:42:23.085+00	deleted	8cb758c2-2623-4f61-970e-08d913d05539	1	0	0
464a649c-386d-42a8-82d2-4fca6cecef6e	b526479c-92dc-40e9-8b99-30992af15dbc	74cd98ab-5c3c-4502-b6cc-6543d8bd6a70	답글	2026-03-22 23:36:34.667516+00	2026-03-22 23:42:23.458589+00	2026-03-22 23:42:23.085+00	deleted	8cb758c2-2623-4f61-970e-08d913d05539	1	0	0
6c8c8c7e-9c48-4407-aca9-f0cba473e3c9	b526479c-92dc-40e9-8b99-30992af15dbc	74cd98ab-5c3c-4502-b6cc-6543d8bd6a70	닺글	2026-03-22 23:36:39.778095+00	2026-03-22 23:42:23.458589+00	2026-03-22 23:42:23.085+00	deleted	8cb758c2-2623-4f61-970e-08d913d05539	1	0	0
423b198e-2fa0-4a8c-b1a1-23eebe373ad6	b526479c-92dc-40e9-8b99-30992af15dbc	74cd98ab-5c3c-4502-b6cc-6543d8bd6a70	답글답글	2026-03-22 23:36:46.868321+00	2026-03-22 23:42:23.458589+00	2026-03-22 23:42:23.085+00	deleted	8cb758c2-2623-4f61-970e-08d913d05539	1	0	0
236b822c-52b0-43ca-8e95-694ca4dc7849	b526479c-92dc-40e9-8b99-30992af15dbc	74cd98ab-5c3c-4502-b6cc-6543d8bd6a70	잡글	2026-03-22 23:36:51.511816+00	2026-03-22 23:42:23.458589+00	2026-03-22 23:42:23.085+00	deleted	8cb758c2-2623-4f61-970e-08d913d05539	1	0	0
95f3c4ab-5144-45eb-9177-c30f46211b2b	b526479c-92dc-40e9-8b99-30992af15dbc	74cd98ab-5c3c-4502-b6cc-6543d8bd6a70	잡글	2026-03-22 23:36:56.849244+00	2026-03-22 23:42:23.458589+00	2026-03-22 23:42:23.085+00	deleted	8cb758c2-2623-4f61-970e-08d913d05539	1	0	0
4b8846df-9992-4027-9a91-8f13d6e87105	b526479c-92dc-40e9-8b99-30992af15dbc	74cd98ab-5c3c-4502-b6cc-6543d8bd6a70	답글	2026-03-22 23:37:23.40092+00	2026-03-22 23:42:29.977812+00	2026-03-22 23:42:29.57+00	deleted	2ad962b2-6987-488c-8789-7c0358cdb16a	1	0	0
cbd4eece-1e96-4c89-839b-926771ee7b9f	21f03d1a-a7a6-4d94-a964-112816df0849	a53f9c6c-5bce-4a37-94f7-ef5f683e538c	2	2026-03-25 04:50:32.785816+00	2026-03-25 04:50:32.785816+00	\N	active	\N	0	0	0
1fd18474-cce2-43d4-9b05-5c1e01624f0e	21f03d1a-a7a6-4d94-a964-112816df0849	a53f9c6c-5bce-4a37-94f7-ef5f683e538c	3	2026-03-25 04:50:34.775944+00	2026-03-25 04:50:34.775944+00	\N	active	\N	0	0	0
c763b77d-4b31-4026-8670-47ef5e8dd81e	21f03d1a-a7a6-4d94-a964-112816df0849	a53f9c6c-5bce-4a37-94f7-ef5f683e538c	4	2026-03-25 04:50:36.892796+00	2026-03-25 04:50:36.892796+00	\N	active	\N	0	0	0
2ad962b2-6987-488c-8789-7c0358cdb16a	b526479c-92dc-40e9-8b99-30992af15dbc	74cd98ab-5c3c-4502-b6cc-6543d8bd6a70	답글	2026-03-22 23:36:21.727577+00	2026-03-22 23:42:29.977812+00	2026-03-22 23:42:29.57+00	deleted	\N	0	0	0
8cb758c2-2623-4f61-970e-08d913d05539	b526479c-92dc-40e9-8b99-30992af15dbc	74cd98ab-5c3c-4502-b6cc-6543d8bd6a70	ㄹㄹㄹ	2026-03-22 23:06:21.486258+00	2026-03-22 23:42:23.458589+00	2026-03-22 23:42:23.085+00	deleted	\N	0	0	1
f500cbbe-11a4-41f5-8d7c-79cc30a17041	b526479c-92dc-40e9-8b99-30992af15dbc	74cd98ab-5c3c-4502-b6cc-6543d8bd6a70	4	2026-03-22 23:37:33.556309+00	2026-03-22 23:51:51.4739+00	\N	active	\N	0	0	1
534f116a-ce4a-430d-b6ad-42f249c52ec4	b526479c-92dc-40e9-8b99-30992af15dbc	74cd98ab-5c3c-4502-b6cc-6543d8bd6a70	ㅋㅋ	2026-03-22 23:52:02.035938+00	2026-03-22 23:52:02.035938+00	\N	active	9adc6e50-280d-4124-b635-b3dcc680148a	1	0	0
48ff7b44-cafc-4348-997f-1849c4cfc3ef	21f03d1a-a7a6-4d94-a964-112816df0849	a53f9c6c-5bce-4a37-94f7-ef5f683e538c	5	2026-03-25 04:50:41.571897+00	2026-03-25 04:50:41.571897+00	\N	active	\N	0	0	0
3e3cae98-d08a-4a1a-8766-c74ed59ce899	b526479c-92dc-40e9-8b99-30992af15dbc	74cd98ab-5c3c-4502-b6cc-6543d8bd6a70	ㅇㅇㅇ	2026-03-22 23:52:14.500829+00	2026-03-22 23:52:14.500829+00	\N	active	9adc6e50-280d-4124-b635-b3dcc680148a	1	0	0
9adc6e50-280d-4124-b635-b3dcc680148a	b526479c-92dc-40e9-8b99-30992af15dbc	74cd98ab-5c3c-4502-b6cc-6543d8bd6a70	3	2026-03-22 23:37:29.04445+00	2026-03-22 23:52:14.500829+00	\N	active	\N	0	2	1
e1920650-61df-4975-ad15-0fd5c62bd2d2	da14938a-5ac2-4162-b272-e55c0d69c47c	b92f5857-8423-41c4-b321-63a1b4a8fdf3	[QA][Task4][C1-DUP] qa-task4-1774418326693	2026-03-25 05:58:51.763691+00	2026-03-25 05:58:51.763691+00	\N	active	\N	0	0	0
0a8dcebb-4226-4468-b67d-0a736c041ec5	da14938a-5ac2-4162-b272-e55c0d69c47c	b92f5857-8423-41c4-b321-63a1b4a8fdf3	[QA][Task4][C2] qa-task4-1774418326693	2026-03-25 05:58:52.083143+00	2026-03-25 05:58:52.083143+00	\N	active	\N	0	0	0
c832299c-cf7c-41ac-b726-1d9f053c0ce4	da14938a-5ac2-4162-b272-e55c0d69c47c	b92f5857-8423-41c4-b321-63a1b4a8fdf3	[QA][Task4][C3] qa-task4-1774418326693	2026-03-25 05:58:52.224015+00	2026-03-25 05:58:52.224015+00	\N	active	\N	0	0	0
469317b0-c02f-47d3-978d-61b786a39e86	da14938a-5ac2-4162-b272-e55c0d69c47c	b92f5857-8423-41c4-b321-63a1b4a8fdf3	[QA][Task4][C4] qa-task4-1774418326693	2026-03-25 05:58:52.375549+00	2026-03-25 05:58:52.375549+00	\N	active	\N	0	0	0
68b548d6-783e-414c-b7a7-a5310fcba2e0	da14938a-5ac2-4162-b272-e55c0d69c47c	b92f5857-8423-41c4-b321-63a1b4a8fdf3	[QA][Task4][C5] qa-task4-1774418326693	2026-03-25 05:58:52.511196+00	2026-03-25 05:58:52.511196+00	\N	active	\N	0	0	0
ff14ff16-af23-45fe-ac68-02a2d210bdab	975190f9-338a-4219-81ce-06567606dd29	14ddfd01-6e3c-419c-a99f-0a6152341b91	qa-task4-fix-1774420000242 comment auto-hide	2026-03-25 06:26:47.696172+00	2026-03-25 06:26:47.696172+00	\N	active	\N	0	0	0
ab5e7c70-64ee-4408-a558-e1d5e4e68e1c	3c64e64c-61e4-4f0f-86d6-c01c59ef7163	f69bedc8-2440-4849-b574-a3c67f037276	qa-task4-fix-1774420046091 comment auto-hide	2026-03-25 06:27:30.539183+00	2026-03-25 06:27:30.539183+00	\N	active	\N	0	0	0
e730cc80-40b5-4b12-92fd-0930c3a3b2d3	a0794c6f-d5be-4d5d-b17f-e34a34f85401	fb4548ff-6f9e-44e5-97ed-7c6bd9a4fadf	qa-task4-diag-1774420075603 comment	2026-03-25 06:27:59.395581+00	2026-03-25 06:27:59.666016+00	\N	auto_hidden	\N	0	0	0
\.


--
-- Data for Name: comment_likes; Type: TABLE DATA; Schema: public; Owner: postgres
--

COPY "public"."comment_likes" ("id", "comment_id", "user_id", "created_at") FROM stdin;
2ecd2196-51fc-4a5e-a006-48dcb251220a	8cb758c2-2623-4f61-970e-08d913d05539	74cd98ab-5c3c-4502-b6cc-6543d8bd6a70	2026-03-22 23:26:57.960336+00
a199b408-590d-4cde-8414-80362891e30e	f500cbbe-11a4-41f5-8d7c-79cc30a17041	74cd98ab-5c3c-4502-b6cc-6543d8bd6a70	2026-03-22 23:51:51.4739+00
5d6aa4f7-d610-4f64-ad79-8b1ea5d1f2a7	9adc6e50-280d-4124-b635-b3dcc680148a	74cd98ab-5c3c-4502-b6cc-6543d8bd6a70	2026-03-22 23:51:52.98078+00
\.


--
-- Data for Name: community_blocked_term_patterns; Type: TABLE DATA; Schema: public; Owner: postgres
--

COPY "public"."community_blocked_term_patterns" ("id", "pattern", "reason", "target_type", "target_field", "is_active", "created_at", "updated_at") FROM stdin;
1	ㅆ+\\s*ㅂ+	task6 initial high-confidence profanity obfuscation seed	all	all	t	2026-03-29 03:23:02.183266+00	2026-03-29 03:23:02.183266+00
\.


--
-- Data for Name: community_blocked_terms; Type: TABLE DATA; Schema: public; Owner: postgres
--

COPY "public"."community_blocked_terms" ("id", "term", "reason", "target_type", "target_field", "match_mode", "is_active", "created_at", "updated_at") FROM stdin;
1	씨발	task6 initial high-confidence profanity seed	all	all	contains	t	2026-03-29 03:23:02.081918+00	2026-03-29 03:23:02.081918+00
2	개새끼	task6 initial high-confidence profanity seed	all	all	contains	t	2026-03-29 03:23:02.081918+00	2026-03-29 03:23:02.081918+00
3	씹새끼	task6 initial high-confidence profanity seed	all	all	contains	t	2026-03-29 03:23:02.081918+00	2026-03-29 03:23:02.081918+00
4	좆같	task6 initial high-confidence profanity seed	all	all	contains	t	2026-03-29 03:23:02.081918+00	2026-03-29 03:23:02.081918+00
\.


--
-- Data for Name: community_image_assets; Type: TABLE DATA; Schema: public; Owner: postgres
--

COPY "public"."community_image_assets" ("id", "storage_path", "storage_bucket", "user_id", "post_id", "upload_status", "source_post_status", "cleanup_reason", "attached_at", "cleanup_requested_at", "cleanup_completed_at", "created_at", "updated_at") FROM stdin;
16819492-e954-4378-8b54-04597d2ec60a	53e3a8f9-2b51-4bd9-8775-3da75970f3c1/6f965ad9-38d7-424b-979c-7ae951dafbcc/1774420182163_qa.jpg	community-images	53e3a8f9-2b51-4bd9-8775-3da75970f3c1	6f965ad9-38d7-424b-979c-7ae951dafbcc	uploaded	auto_hidden	auto_hidden	2026-03-25 06:29:42.733363+00	2026-03-25 06:29:43.704389+00	\N	2026-03-25 06:29:42.516406+00	2026-03-29 09:29:32.623224+00
6103eaad-818f-43e1-adeb-561b000fe918	74cd98ab-5c3c-4502-b6cc-6543d8bd6a70/0f6ae2fe-cf0c-43f2-8423-d009213afcb6/1774140695328_q6kbaxmt.jpg	community-images	74cd98ab-5c3c-4502-b6cc-6543d8bd6a70	0f6ae2fe-cf0c-43f2-8423-d009213afcb6	uploaded	\N	\N	\N	\N	\N	2026-03-22 00:51:36.27205+00	2026-03-29 09:29:32.623224+00
8c2a9006-ba96-4f24-80cc-805982e3301d	74cd98ab-5c3c-4502-b6cc-6543d8bd6a70/66c05b39-b3f2-48b6-8348-3442ce688126/1774161958788_v7vpa65l.jpg	community-images	74cd98ab-5c3c-4502-b6cc-6543d8bd6a70	66c05b39-b3f2-48b6-8348-3442ce688126	uploaded	\N	\N	\N	\N	\N	2026-03-22 06:45:59.442795+00	2026-03-29 09:29:32.623224+00
6303e009-077b-4b86-b4d6-68a36e06eb0d	74cd98ab-5c3c-4502-b6cc-6543d8bd6a70/66c05b39-b3f2-48b6-8348-3442ce688126/1774161959235_xm3z18ko.jpg	community-images	74cd98ab-5c3c-4502-b6cc-6543d8bd6a70	66c05b39-b3f2-48b6-8348-3442ce688126	uploaded	\N	\N	\N	\N	\N	2026-03-22 06:45:59.755241+00	2026-03-29 09:29:32.623224+00
ecb3d6bb-637d-4edb-aa60-2540c778d45a	74cd98ab-5c3c-4502-b6cc-6543d8bd6a70/66c05b39-b3f2-48b6-8348-3442ce688126/1774161959498_ybsqe7qf.jpg	community-images	74cd98ab-5c3c-4502-b6cc-6543d8bd6a70	66c05b39-b3f2-48b6-8348-3442ce688126	uploaded	\N	\N	\N	\N	\N	2026-03-22 06:46:00.168412+00	2026-03-29 09:29:32.623224+00
8f0d83ce-d065-4925-93fd-f31d37786bbb	74cd98ab-5c3c-4502-b6cc-6543d8bd6a70/6b54c68e-4dab-420a-856e-a62ce5168cc3/1774127989852_lllk38iy.jpg	community-images	74cd98ab-5c3c-4502-b6cc-6543d8bd6a70	6b54c68e-4dab-420a-856e-a62ce5168cc3	uploaded	\N	\N	\N	\N	\N	2026-03-21 21:19:50.761423+00	2026-03-29 09:29:32.623224+00
0d50593a-bca1-42f7-9595-01ab89fa6885	74cd98ab-5c3c-4502-b6cc-6543d8bd6a70/ac3f1e5b-236e-4b79-992e-9ae76c7caeb3/1774162096500_netop6p6.jpg	community-images	74cd98ab-5c3c-4502-b6cc-6543d8bd6a70	ac3f1e5b-236e-4b79-992e-9ae76c7caeb3	uploaded	\N	\N	\N	\N	\N	2026-03-22 06:48:17.096691+00	2026-03-29 09:29:32.623224+00
998547e6-2238-45d8-8283-bf03bd98de80	74cd98ab-5c3c-4502-b6cc-6543d8bd6a70/ac3f1e5b-236e-4b79-992e-9ae76c7caeb3/1774162096861_yihgpi3r.jpg	community-images	74cd98ab-5c3c-4502-b6cc-6543d8bd6a70	ac3f1e5b-236e-4b79-992e-9ae76c7caeb3	uploaded	\N	\N	\N	\N	\N	2026-03-22 06:48:17.403673+00	2026-03-29 09:29:32.623224+00
9723102e-8b01-48a1-87bb-f0372141ac44	74cd98ab-5c3c-4502-b6cc-6543d8bd6a70/ac3f1e5b-236e-4b79-992e-9ae76c7caeb3/1774162097128_r7162p3o.jpg	community-images	74cd98ab-5c3c-4502-b6cc-6543d8bd6a70	ac3f1e5b-236e-4b79-992e-9ae76c7caeb3	uploaded	\N	\N	\N	\N	\N	2026-03-22 06:48:17.826975+00	2026-03-29 09:29:32.623224+00
aa6dd5e4-12b0-4af6-8faa-bcdde5cbe450	74cd98ab-5c3c-4502-b6cc-6543d8bd6a70/b526479c-92dc-40e9-8b99-30992af15dbc/1774217290301_efmojsj7.png	community-images	74cd98ab-5c3c-4502-b6cc-6543d8bd6a70	b526479c-92dc-40e9-8b99-30992af15dbc	uploaded	\N	\N	\N	\N	\N	2026-03-22 22:08:14.546521+00	2026-03-29 09:29:32.623224+00
837753a3-ab07-42cf-8676-0ee8d7df5662	74cd98ab-5c3c-4502-b6cc-6543d8bd6a70/b526479c-92dc-40e9-8b99-30992af15dbc/1774217294567_wph7djk1.png	community-images	74cd98ab-5c3c-4502-b6cc-6543d8bd6a70	b526479c-92dc-40e9-8b99-30992af15dbc	uploaded	\N	\N	\N	\N	\N	2026-03-22 22:08:18.131566+00	2026-03-29 09:29:32.623224+00
6532708f-cc77-4d6e-954c-03f712867c6d	74cd98ab-5c3c-4502-b6cc-6543d8bd6a70/b526479c-92dc-40e9-8b99-30992af15dbc/1774217298347_0233x531.png	community-images	74cd98ab-5c3c-4502-b6cc-6543d8bd6a70	b526479c-92dc-40e9-8b99-30992af15dbc	uploaded	\N	\N	\N	\N	\N	2026-03-22 22:08:20.9074+00	2026-03-29 09:29:32.623224+00
e8b23766-9c65-4a8b-99c0-3b048365e4e1	74cd98ab-5c3c-4502-b6cc-6543d8bd6a70/dab1fac5-a1ac-4bdd-9959-8fb92cc29514/1774127358211_ko979m70.jpg	community-images	74cd98ab-5c3c-4502-b6cc-6543d8bd6a70	dab1fac5-a1ac-4bdd-9959-8fb92cc29514	uploaded	\N	\N	\N	\N	\N	2026-03-21 21:09:19.083883+00	2026-03-29 09:29:32.623224+00
388c6c69-5516-4aa8-922e-ff8f6d7f4bc9	74cd98ab-5c3c-4502-b6cc-6543d8bd6a70/dd8a94a0-1e1e-4778-b725-2447061b9d64/1774162015323_blotgy62.jpg	community-images	74cd98ab-5c3c-4502-b6cc-6543d8bd6a70	dd8a94a0-1e1e-4778-b725-2447061b9d64	uploaded	\N	\N	\N	\N	\N	2026-03-22 06:46:55.885789+00	2026-03-29 09:29:32.623224+00
f9547d36-5f56-4422-b403-71b85a5db823	74cd98ab-5c3c-4502-b6cc-6543d8bd6a70/dd8a94a0-1e1e-4778-b725-2447061b9d64/1774162015666_5v3fusmn.jpg	community-images	74cd98ab-5c3c-4502-b6cc-6543d8bd6a70	dd8a94a0-1e1e-4778-b725-2447061b9d64	uploaded	\N	\N	\N	\N	\N	2026-03-22 06:46:56.519668+00	2026-03-29 09:29:32.623224+00
26db4399-0c5f-4ca2-a7d7-335b77943ca4	74cd98ab-5c3c-4502-b6cc-6543d8bd6a70/dd8a94a0-1e1e-4778-b725-2447061b9d64/1774162016266_0f10m31r.jpg	community-images	74cd98ab-5c3c-4502-b6cc-6543d8bd6a70	dd8a94a0-1e1e-4778-b725-2447061b9d64	uploaded	\N	\N	\N	\N	\N	2026-03-22 06:46:56.794369+00	2026-03-29 09:29:32.623224+00
d1cb0e00-5783-4701-ae59-99c00ad48cdb	a2b7ef69-5c44-4ab3-a191-7d2983e2298a/92e5e7d7-e49c-44b4-ab54-8cc41d934493/1774420079865_diag.jpg	community-images	a2b7ef69-5c44-4ab3-a191-7d2983e2298a	92e5e7d7-e49c-44b4-ab54-8cc41d934493	uploaded	\N	\N	\N	\N	\N	2026-03-25 06:28:00.369953+00	2026-03-29 09:29:32.623224+00
\.


--
-- Data for Name: reports; Type: TABLE DATA; Schema: public; Owner: postgres
--

COPY "public"."reports" ("id", "reporter_id", "target_type", "target_id", "reason", "status", "created_at", "resolved_by", "resolved_at", "operator_memo", "reason_category") FROM stdin;
3ebe57bc-6ca8-41ca-a9ab-c7193daf8076	1e64edc9-219c-4ef8-b45c-350a31b8d85f	comment	d8ea923e-a76a-4dc7-8942-c3f191914d56	ㅇㅇ	open	2026-03-21 23:10:58.533354+00	\N	\N	\N	hate
316c3171-3c35-4ee3-a2a0-b709aec45b8d	a53f9c6c-5bce-4a37-94f7-ef5f683e538c	comment	844a68a9-afea-4dad-bae0-fd25a29825ea	1	open	2026-03-21 23:27:26.676911+00	\N	\N	\N	hate
08ad1b62-e9f4-40f5-967f-ce7678cffb8f	74cd98ab-5c3c-4502-b6cc-6543d8bd6a70	comment	c53089f6-28ac-44e3-b7ad-08656edd7d8c	ehqo	open	2026-03-25 04:52:32.457636+00	\N	\N	\N	spam
f6c6abb9-f535-4de6-8af6-04727c77bdef	74cd98ab-5c3c-4502-b6cc-6543d8bd6a70	comment	cbd4eece-1e96-4c89-839b-926771ee7b9f	dd	open	2026-03-25 04:53:54.898285+00	\N	\N	\N	spam
502be542-7435-4fbb-b160-59ea1cfee617	74cd98ab-5c3c-4502-b6cc-6543d8bd6a70	comment	1fd18474-cce2-43d4-9b05-5c1e01624f0e	dd	open	2026-03-25 04:53:59.15093+00	\N	\N	\N	spam
e5a062d1-7be2-40d7-94d5-e23d0804527f	74cd98ab-5c3c-4502-b6cc-6543d8bd6a70	comment	48ff7b44-cafc-4348-997f-1849c4cfc3ef	dd	open	2026-03-25 04:54:05.535557+00	\N	\N	\N	spam
a6e92b4a-18bf-4f21-aeee-9c51cf150d5b	74cd98ab-5c3c-4502-b6cc-6543d8bd6a70	comment	c763b77d-4b31-4026-8670-47ef5e8dd81e	dd	open	2026-03-25 04:54:08.762943+00	\N	\N	\N	spam
899d74e4-8fbe-4069-8b69-a5a7baa93492	8f5481ba-b4dc-4e96-a6ec-e25d35d66e05	comment	e1920650-61df-4975-ad15-0fd5c62bd2d2	comment report 1	open	2026-03-25 05:58:52.932661+00	\N	\N	\N	spam
56aaff39-7bd8-4f51-a8e4-2c04977e906d	8f5481ba-b4dc-4e96-a6ec-e25d35d66e05	post	da14938a-5ac2-4162-b272-e55c0d69c47c	post report 1	open	2026-03-25 05:58:54.127653+00	\N	\N	\N	spam
e4cfd0c8-bf3a-4715-a5d1-68f004ca3b37	a23320ca-0042-4b36-bfdc-3fa81d0a0b6b	post	da14938a-5ac2-4162-b272-e55c0d69c47c	post report 2	open	2026-03-25 05:58:54.265734+00	\N	\N	\N	spam
9c9c28e4-88e7-4121-847b-d7b2c11554e6	34aaf371-8cc7-4220-81b1-e809337e9fa4	post	da14938a-5ac2-4162-b272-e55c0d69c47c	post report 3	open	2026-03-25 05:58:54.406309+00	\N	\N	\N	spam
78e96589-59c8-4cdd-a629-145942779fc1	8f5481ba-b4dc-4e96-a6ec-e25d35d66e05	comment	0a8dcebb-4226-4468-b67d-0a736c041ec5	rate3	open	2026-03-25 05:58:55.493367+00	\N	\N	\N	spam
1582ae6f-1527-4bed-822b-afc7c17ae4dd	8f5481ba-b4dc-4e96-a6ec-e25d35d66e05	comment	c832299c-cf7c-41ac-b726-1d9f053c0ce4	rate4	open	2026-03-25 05:58:55.734708+00	\N	\N	\N	spam
a76dab08-d2a5-4a2d-b9f5-9a0937862fb7	8f5481ba-b4dc-4e96-a6ec-e25d35d66e05	comment	469317b0-c02f-47d3-978d-61b786a39e86	rate5	open	2026-03-25 05:58:56.003432+00	\N	\N	\N	spam
3f524c67-4f03-43f2-bab4-ff0e12d052e7	2b6273e1-d5a0-4cfd-8998-cd87a96f2098	comment	ff14ff16-af23-45fe-ac68-02a2d210bdab	qa-task4-fix-1774420000242-comment-1774420007907	open	2026-03-25 06:26:48.025831+00	\N	\N	\N	spam
5510d262-f133-4bed-8643-a2b4e4508a70	d0844cec-d67a-4c84-9716-8ff4f2678696	comment	ab5e7c70-64ee-4408-a558-e1d5e4e68e1c	qa-task4-fix-1774420046091-comment-1774420050734	open	2026-03-25 06:27:30.829004+00	\N	\N	\N	spam
3c0133fd-5619-4f74-bcf3-c18a674d4664	5d2b66b7-58eb-4399-b47c-f5aa9cb3c6fe	comment	e730cc80-40b5-4b12-92fd-0930c3a3b2d3	diag	open	2026-03-25 06:27:59.52991+00	\N	\N	\N	spam
fdb7889e-5bde-41bc-b8c4-fbe7baead7f3	a1b99460-5e72-45e1-9231-66e65316c79b	comment	e730cc80-40b5-4b12-92fd-0930c3a3b2d3	diag	open	2026-03-25 06:27:59.666016+00	\N	\N	\N	spam
a3e03f94-0e98-4ad2-ad2e-631f30735b00	6f541ac9-9df9-42a4-8515-eda2d562f17a	post	c1cda3de-0239-4ed3-b3e2-9f1c1ca2af3b	qa-task4-reporter-1774420156736-c1cda3de-0239-4ed3-b3e2-9f1c1ca2af3b	open	2026-03-25 06:29:19.271981+00	\N	\N	\N	spam
1af2b9a2-0d88-4206-9bf7-dcc5b120e57b	6f541ac9-9df9-42a4-8515-eda2d562f17a	post	51f2081e-e11f-4efd-b283-a4f4cbdedf15	qa-task4-reporter-1774420156736-51f2081e-e11f-4efd-b283-a4f4cbdedf15	open	2026-03-25 06:29:19.413564+00	\N	\N	\N	spam
3d6f1d5d-2da7-4f66-86e3-14cbff95718d	6f541ac9-9df9-42a4-8515-eda2d562f17a	post	6e67a848-3c2d-467f-8790-061c849ac660	qa-task4-reporter-1774420156736-6e67a848-3c2d-467f-8790-061c849ac660	open	2026-03-25 06:29:19.540686+00	\N	\N	\N	spam
750ee4e7-f18a-4fd5-9192-85a61fd8462e	6f541ac9-9df9-42a4-8515-eda2d562f17a	post	06850795-614a-48aa-852a-76fe6261a864	qa-task4-reporter-1774420156736-06850795-614a-48aa-852a-76fe6261a864	open	2026-03-25 06:29:19.686375+00	\N	\N	\N	spam
cae85b2b-3298-4f59-8675-19cf90a020a7	6f541ac9-9df9-42a4-8515-eda2d562f17a	post	21b4a75c-68f1-46b7-9d98-b8e065463b43	qa-task4-reporter-1774420156736-21b4a75c-68f1-46b7-9d98-b8e065463b43	open	2026-03-25 06:29:19.815801+00	\N	\N	\N	spam
\.


--
-- Data for Name: community_moderation_actions; Type: TABLE DATA; Schema: public; Owner: postgres
--

COPY "public"."community_moderation_actions" ("id", "action_type", "actor_id", "target_type", "target_id", "before_status", "after_status", "source_report_id", "reason_code", "memo", "created_at") FROM stdin;
79b070db-22a1-48cd-8a40-61174ec9783c	auto_hide	\N	post	da14938a-5ac2-4162-b272-e55c0d69c47c	active	auto_hidden	9c9c28e4-88e7-4121-847b-d7b2c11554e6	auto_hide_threshold	신고 누적 기준으로 자동 숨김 처리됐어요.	2026-03-25 05:58:54.406309+00
3c44a8c2-61d0-4427-9da8-ad63d9e6018c	auto_hide	\N	comment	e730cc80-40b5-4b12-92fd-0930c3a3b2d3	active	auto_hidden	fdb7889e-5bde-41bc-b8c4-fbe7baead7f3	auto_hide_threshold	신고 누적 기준으로 자동 숨김 처리됐어요.	2026-03-25 06:27:59.666016+00
\.


--
-- Data for Name: community_moderation_queue; Type: TABLE DATA; Schema: public; Owner: postgres
--

COPY "public"."community_moderation_queue" ("id", "target_type", "target_id", "content_status_snapshot", "report_count", "unique_reporter_count", "latest_reported_at", "queue_status", "priority", "assigned_to", "decision", "decision_reason", "operator_memo", "resolved_at", "created_at", "updated_at") FROM stdin;
a61e6a8b-592f-4eb7-8baf-88cf95c1a790	comment	c53089f6-28ac-44e3-b7ad-08656edd7d8c	active	1	1	2026-03-25 04:52:32.457636+00	open	101	\N	\N	\N	\N	\N	2026-03-25 04:52:32.457636+00	2026-03-25 04:52:32.457636+00
3d6f9b75-d967-45c1-b155-19462e57cca1	comment	cbd4eece-1e96-4c89-839b-926771ee7b9f	active	1	1	2026-03-25 04:53:54.898285+00	open	101	\N	\N	\N	\N	\N	2026-03-25 04:53:54.898285+00	2026-03-25 04:53:54.898285+00
a97685a8-30e9-428f-95aa-cb77de0dd3ee	comment	1fd18474-cce2-43d4-9b05-5c1e01624f0e	active	1	1	2026-03-25 04:53:59.15093+00	open	101	\N	\N	\N	\N	\N	2026-03-25 04:53:59.15093+00	2026-03-25 04:53:59.15093+00
3d0e7466-8e50-4cbe-aa8d-a7dca389063a	comment	48ff7b44-cafc-4348-997f-1849c4cfc3ef	active	1	1	2026-03-25 04:54:05.535557+00	open	101	\N	\N	\N	\N	\N	2026-03-25 04:54:05.535557+00	2026-03-25 04:54:05.535557+00
d543b046-44eb-488d-8678-e377827d940c	comment	c763b77d-4b31-4026-8670-47ef5e8dd81e	active	1	1	2026-03-25 04:54:08.762943+00	open	101	\N	\N	\N	\N	\N	2026-03-25 04:54:08.762943+00	2026-03-25 04:54:08.762943+00
65ea606c-1c66-4062-9cf5-19df587ca9a6	comment	e1920650-61df-4975-ad15-0fd5c62bd2d2	active	1	1	2026-03-25 05:58:52.932661+00	open	101	\N	\N	\N	\N	\N	2026-03-25 05:58:52.932661+00	2026-03-25 05:58:52.932661+00
9501a6b4-8aa0-4cb1-b406-0ca07eeab80a	post	da14938a-5ac2-4162-b272-e55c0d69c47c	auto_hidden	3	3	2026-03-25 05:58:54.406309+00	open	303	\N	\N	auto_hide_threshold	신고 누적 기준으로 자동 숨김 처리됐어요.	\N	2026-03-25 05:58:54.127653+00	2026-03-25 05:58:54.406309+00
b4366136-1ee9-468c-8c93-a17fc5ea70df	comment	0a8dcebb-4226-4468-b67d-0a736c041ec5	active	1	1	2026-03-25 05:58:55.493367+00	open	101	\N	\N	\N	\N	\N	2026-03-25 05:58:55.493367+00	2026-03-25 05:58:55.493367+00
b66cb237-5781-449e-a209-050ad66520d6	comment	c832299c-cf7c-41ac-b726-1d9f053c0ce4	active	1	1	2026-03-25 05:58:55.734708+00	open	101	\N	\N	\N	\N	\N	2026-03-25 05:58:55.734708+00	2026-03-25 05:58:55.734708+00
b1cc59a3-52c0-473b-999c-f3b24b1f0dc1	comment	469317b0-c02f-47d3-978d-61b786a39e86	active	1	1	2026-03-25 05:58:56.003432+00	open	101	\N	\N	\N	\N	\N	2026-03-25 05:58:56.003432+00	2026-03-25 05:58:56.003432+00
9973362c-2002-4678-8638-448f5677837b	comment	ff14ff16-af23-45fe-ac68-02a2d210bdab	active	1	1	2026-03-25 06:26:48.025831+00	open	101	\N	\N	\N	\N	\N	2026-03-25 06:26:48.025831+00	2026-03-25 06:26:48.025831+00
5c0f1607-0e49-4287-b026-cbe006763a50	comment	ab5e7c70-64ee-4408-a558-e1d5e4e68e1c	active	1	1	2026-03-25 06:27:30.829004+00	open	101	\N	\N	\N	\N	\N	2026-03-25 06:27:30.829004+00	2026-03-25 06:27:30.829004+00
56ffbad4-9c20-4562-bd79-8e1a216bb315	comment	e730cc80-40b5-4b12-92fd-0930c3a3b2d3	auto_hidden	2	2	2026-03-25 06:27:59.666016+00	open	302	\N	\N	auto_hide_threshold	신고 누적 기준으로 자동 숨김 처리됐어요.	\N	2026-03-25 06:27:59.52991+00	2026-03-25 06:27:59.666016+00
b4a4e62f-f98e-4525-abce-bdfe28dd7d23	post	c1cda3de-0239-4ed3-b3e2-9f1c1ca2af3b	active	1	1	2026-03-25 06:29:19.271981+00	open	101	\N	\N	\N	\N	\N	2026-03-25 06:29:19.271981+00	2026-03-25 06:29:19.271981+00
82702879-21a8-457a-afc6-a391db7c422a	post	51f2081e-e11f-4efd-b283-a4f4cbdedf15	active	1	1	2026-03-25 06:29:19.413564+00	open	101	\N	\N	\N	\N	\N	2026-03-25 06:29:19.413564+00	2026-03-25 06:29:19.413564+00
3e260533-62c5-4431-92b4-1ce3325d36c8	post	6e67a848-3c2d-467f-8790-061c849ac660	active	1	1	2026-03-25 06:29:19.540686+00	open	101	\N	\N	\N	\N	\N	2026-03-25 06:29:19.540686+00	2026-03-25 06:29:19.540686+00
4393eef5-b287-4c73-8a87-00776886f6ec	post	06850795-614a-48aa-852a-76fe6261a864	active	1	1	2026-03-25 06:29:19.686375+00	open	101	\N	\N	\N	\N	\N	2026-03-25 06:29:19.686375+00	2026-03-25 06:29:19.686375+00
2d5f181d-cec2-4925-a33e-fdad79a0b530	post	21b4a75c-68f1-46b7-9d98-b8e065463b43	active	1	1	2026-03-25 06:29:19.815801+00	open	101	\N	\N	\N	\N	\N	2026-03-25 06:29:19.815801+00	2026-03-25 06:29:19.815801+00
\.


--
-- Data for Name: community_post_view_events; Type: TABLE DATA; Schema: public; Owner: postgres
--

COPY "public"."community_post_view_events" ("id", "post_id", "viewer_user_id", "guest_session_id", "dedupe_window_start", "created_at") FROM stdin;
853097dd-ca1c-4d07-9b69-7378fe579f6b	e279070f-dce6-4ef7-aeb7-a2219b905b7a	af2b6277-be7e-4ade-afd2-02fc127e0a32	\N	2026-03-29 06:00:00+00	2026-03-29 09:26:12.438974+00
eeff5cbe-e8ab-441c-85d9-5267d8aa5277	e279070f-dce6-4ef7-aeb7-a2219b905b7a	\N	qa-task8-guest-1774776371016-057rlp	2026-03-29 06:00:00+00	2026-03-29 09:26:12.649769+00
\.


--
-- Data for Name: community_reporter_flags; Type: TABLE DATA; Schema: public; Owner: postgres
--

COPY "public"."community_reporter_flags" ("reporter_id", "flag_status", "rate_limit_hit_count", "rejected_abuse_count", "last_reported_at", "last_rate_limited_at", "last_rejected_abuse_at", "operator_memo", "created_at", "updated_at") FROM stdin;
6f541ac9-9df9-42a4-8515-eda2d562f17a	watch	1	0	2026-03-25 06:29:20.145854+00	2026-03-25 06:29:20.145854+00	\N	\N	2026-03-25 06:29:20.145854+00	2026-03-25 06:29:20.145854+00
\.


--
-- Data for Name: memories; Type: TABLE DATA; Schema: public; Owner: postgres
--

COPY "public"."memories" ("id", "user_id", "pet_id", "image_url", "title", "content", "emotion", "tags", "occurred_at", "created_at", "updated_at", "image_urls", "category", "sub_category", "price") FROM stdin;
7d325bdf-402e-4337-9f6a-a38cc0bd48e0	249ef75b-269b-4664-950e-257c9995dd4a	a3c135d0-dcfa-4e3f-8087-8012d9a54acb	249ef75b-269b-4664-950e-257c9995dd4a/a3c135d0-dcfa-4e3f-8087-8012d9a54acb/7d325bdf-402e-4337-9f6a-a38cc0bd48e0_1773057751502_s6pcm7td.png	최근기록	최	calm	{#산책,#강아지,#귀요미,#일상}	2026-03-09	2026-03-09 12:02:31.406749+00	2026-03-09 12:02:32.991194+00	{249ef75b-269b-4664-950e-257c9995dd4a/a3c135d0-dcfa-4e3f-8087-8012d9a54acb/7d325bdf-402e-4337-9f6a-a38cc0bd48e0_1773057751502_s6pcm7td.png}	walk	\N	\N
ac8cee8e-bc31-4a58-adb7-a814651d63c7	1e64edc9-219c-4ef8-b45c-350a31b8d85f	76055c36-5f66-4842-a1f3-a0310c41bc4b	1e64edc9-219c-4ef8-b45c-350a31b8d85f/76055c36-5f66-4842-a1f3-a0310c41bc4b/ac8cee8e-bc31-4a58-adb7-a814651d63c7_1773156019924_fq6uoyya.jpg	ㅗㅗ	ㅗㅗㅗ	calm	{#산책}	2026-03-11	2026-03-10 15:20:19.363855+00	2026-03-10 15:20:45.395892+00	{1e64edc9-219c-4ef8-b45c-350a31b8d85f/76055c36-5f66-4842-a1f3-a0310c41bc4b/ac8cee8e-bc31-4a58-adb7-a814651d63c7_1773156019924_fq6uoyya.jpg}	health	\N	\N
fe9c2624-5ac6-4954-a4f0-3440ce9c37dc	74cd98ab-5c3c-4502-b6cc-6543d8bd6a70	28b808cf-021d-47a9-9c20-017174d6cb01	\N	ㄱ	ㅇ	\N	{#산책}	2026-03-23	2026-03-23 01:43:01.376721+00	2026-03-23 01:43:01.376721+00	{}	walk	\N	\N
f1cbcc41-28d9-4a2b-a00d-8e688fc9bef6	249ef75b-269b-4664-950e-257c9995dd4a	a3c135d0-dcfa-4e3f-8087-8012d9a54acb	249ef75b-269b-4664-950e-257c9995dd4a/a3c135d0-dcfa-4e3f-8087-8012d9a54acb/f1cbcc41-28d9-4a2b-a00d-8e688fc9bef6_1772820360112_gakaipmb.jpg	꿀잠자는중	꿀잠자는	calm	{#건강,#강아지,#귀요미}	2023-02-02	2026-03-06 18:05:59.729682+00	2026-03-09 05:33:35.116451+00	{249ef75b-269b-4664-950e-257c9995dd4a/a3c135d0-dcfa-4e3f-8087-8012d9a54acb/f1cbcc41-28d9-4a2b-a00d-8e688fc9bef6_1772820360112_gakaipmb.jpg}	meal	\N	\N
6cd68306-5573-4d95-9009-386cc5616030	249ef75b-269b-4664-950e-257c9995dd4a	a3c135d0-dcfa-4e3f-8087-8012d9a54acb	249ef75b-269b-4664-950e-257c9995dd4a/a3c135d0-dcfa-4e3f-8087-8012d9a54acb/6cd68306-5573-4d95-9009-386cc5616030_1773025654092_jc2f1dak.jpg	즐거운 산책	하이하이	calm	{#실내놀이,#노즈워크,#스트레스해소}	2021-01-09	2026-03-09 03:07:34.048158+00	2026-03-09 05:33:13.087331+00	{249ef75b-269b-4664-950e-257c9995dd4a/a3c135d0-dcfa-4e3f-8087-8012d9a54acb/6cd68306-5573-4d95-9009-386cc5616030_1773025654092_jc2f1dak.jpg}	health	\N	\N
bcdac380-608a-4315-90d7-cf59f520dbcb	1e64edc9-219c-4ef8-b45c-350a31b8d85f	76055c36-5f66-4842-a1f3-a0310c41bc4b	1e64edc9-219c-4ef8-b45c-350a31b8d85f/76055c36-5f66-4842-a1f3-a0310c41bc4b/bcdac380-608a-4315-90d7-cf59f520dbcb_1773155397951_e6dpb35k.jpg	ㅗㅗ	\N	happy	{#산책}	2026-03-11	2026-03-10 15:09:57.475385+00	2026-03-10 15:09:59.396549+00	{1e64edc9-219c-4ef8-b45c-350a31b8d85f/76055c36-5f66-4842-a1f3-a0310c41bc4b/bcdac380-608a-4315-90d7-cf59f520dbcb_1773155397951_e6dpb35k.jpg,1e64edc9-219c-4ef8-b45c-350a31b8d85f/76055c36-5f66-4842-a1f3-a0310c41bc4b/bcdac380-608a-4315-90d7-cf59f520dbcb_1773155398680_ttzql3t5.jpg}	walk	\N	\N
3f88495a-caa1-488a-a845-b074878a38ec	249ef75b-269b-4664-950e-257c9995dd4a	a3c135d0-dcfa-4e3f-8087-8012d9a54acb	249ef75b-269b-4664-950e-257c9995dd4a/a3c135d0-dcfa-4e3f-8087-8012d9a54acb/3f88495a-caa1-488a-a845-b074878a38ec_1773025448370_5xiu1dgt.jpg	우리 누리는 자고있어요	안녕하	happy	{#산책,#예방접종,#강아지,#귀요미}	2020-01-08	2026-03-09 03:04:08.172396+00	2026-03-09 05:33:24.533697+00	{249ef75b-269b-4664-950e-257c9995dd4a/a3c135d0-dcfa-4e3f-8087-8012d9a54acb/3f88495a-caa1-488a-a845-b074878a38ec_1773025448370_5xiu1dgt.jpg,249ef75b-269b-4664-950e-257c9995dd4a/a3c135d0-dcfa-4e3f-8087-8012d9a54acb/3f88495a-caa1-488a-a845-b074878a38ec_1773025450631_1nmzlsn1.jpg,249ef75b-269b-4664-950e-257c9995dd4a/a3c135d0-dcfa-4e3f-8087-8012d9a54acb/3f88495a-caa1-488a-a845-b074878a38ec_1773025451448_givsdyho.jpg,249ef75b-269b-4664-950e-257c9995dd4a/a3c135d0-dcfa-4e3f-8087-8012d9a54acb/3f88495a-caa1-488a-a845-b074878a38ec_1773025452265_st74qw7w.jpg}	health	\N	\N
ac7b2907-d0e1-4a8b-9347-b3d299625ecd	1e64edc9-219c-4ef8-b45c-350a31b8d85f	76055c36-5f66-4842-a1f3-a0310c41bc4b	1e64edc9-219c-4ef8-b45c-350a31b8d85f/76055c36-5f66-4842-a1f3-a0310c41bc4b/ac7b2907-d0e1-4a8b-9347-b3d299625ecd_1773171470826_09h9hdi9.jpg	ㄴㄴㄴ	ㅌㅇㅇ	happy	{#산책}	2026-03-11	2026-03-10 19:37:50.211781+00	2026-03-10 19:37:54.073338+00	{1e64edc9-219c-4ef8-b45c-350a31b8d85f/76055c36-5f66-4842-a1f3-a0310c41bc4b/ac7b2907-d0e1-4a8b-9347-b3d299625ecd_1773171470826_09h9hdi9.jpg}	walk	\N	\N
190085ca-c1c4-47da-9f56-79f0bb650d28	1e64edc9-219c-4ef8-b45c-350a31b8d85f	76055c36-5f66-4842-a1f3-a0310c41bc4b	1e64edc9-219c-4ef8-b45c-350a31b8d85f/76055c36-5f66-4842-a1f3-a0310c41bc4b/190085ca-c1c4-47da-9f56-79f0bb650d28_1773345760641_kq4u5hjo.jpg	ㅅ	ㅅ	happy	{#식사}	2026-03-13	2026-03-12 20:02:40.184586+00	2026-03-17 09:37:37.053123+00	{1e64edc9-219c-4ef8-b45c-350a31b8d85f/76055c36-5f66-4842-a1f3-a0310c41bc4b/190085ca-c1c4-47da-9f56-79f0bb650d28_1773345760641_kq4u5hjo.jpg}	meal	\N	\N
1919bda6-630d-49cc-b2ea-a057c429ecfe	74cd98ab-5c3c-4502-b6cc-6543d8bd6a70	28b808cf-021d-47a9-9c20-017174d6cb01	\N	ㅗ	ㅗ	\N	{#산책}	2026-03-23	2026-03-23 01:48:26.289362+00	2026-03-23 01:48:26.289362+00	{}	walk	\N	\N
\.


--
-- Data for Name: daily_recall; Type: TABLE DATA; Schema: public; Owner: postgres
--

COPY "public"."daily_recall" ("id", "user_id", "pet_id", "date", "memory_id", "mode", "created_at") FROM stdin;
\.


--
-- Data for Name: emotions; Type: TABLE DATA; Schema: public; Owner: postgres
--

COPY "public"."emotions" ("id", "user_id", "pet_id", "memory_id", "score", "primary_emotion", "raw", "analyzed_at") FROM stdin;
\.


--
-- Data for Name: letters; Type: TABLE DATA; Schema: public; Owner: postgres
--

COPY "public"."letters" ("id", "user_id", "pet_id", "content", "is_ai_generated", "ai_model", "ai_context", "created_at") FROM stdin;
\.


--
-- Data for Name: likes; Type: TABLE DATA; Schema: public; Owner: postgres
--

COPY "public"."likes" ("id", "post_id", "user_id", "created_at") FROM stdin;
b56e0b04-7d17-45d8-a5f0-ff8cbf01eb78	e2167239-0222-49c9-9c54-e73fa1110fb3	74cd98ab-5c3c-4502-b6cc-6543d8bd6a70	2026-03-21 23:06:44.547655+00
47b8a20a-b61b-46e4-a442-5e5e6413c9b5	e2167239-0222-49c9-9c54-e73fa1110fb3	1e64edc9-219c-4ef8-b45c-350a31b8d85f	2026-03-21 23:14:57.656506+00
30433fe9-c347-480e-853c-b97651458e49	657a66aa-347c-4e6a-8b0d-ebf4a2c98bd2	1e64edc9-219c-4ef8-b45c-350a31b8d85f	2026-03-21 23:15:14.704914+00
ded8cfca-5f74-4f89-b523-b8047c20114e	e2167239-0222-49c9-9c54-e73fa1110fb3	a53f9c6c-5bce-4a37-94f7-ef5f683e538c	2026-03-21 23:18:35.707157+00
28f94ba4-09fd-42ee-943a-726c216ab2b5	fd4d2b72-942f-4267-bc53-4567b037c333	a53f9c6c-5bce-4a37-94f7-ef5f683e538c	2026-03-21 23:18:53.74858+00
4b71f62c-4523-4fff-b44b-809f48dde204	657a66aa-347c-4e6a-8b0d-ebf4a2c98bd2	a53f9c6c-5bce-4a37-94f7-ef5f683e538c	2026-03-21 23:27:20.183459+00
5b718e26-0ae0-42e7-bd71-0af3ace5cb3c	de1809f8-3b68-4698-b95d-50a0fc81907f	74cd98ab-5c3c-4502-b6cc-6543d8bd6a70	2026-03-22 01:06:30.884194+00
49d16836-7563-4393-8d99-1e298b77a331	4167d32c-575e-43f2-a450-dc1ff15c2fb1	74cd98ab-5c3c-4502-b6cc-6543d8bd6a70	2026-03-22 01:06:33.814524+00
fd4b0faf-de3b-4e0e-a164-c872211b1683	657a66aa-347c-4e6a-8b0d-ebf4a2c98bd2	74cd98ab-5c3c-4502-b6cc-6543d8bd6a70	2026-03-22 01:06:35.069734+00
34a8001a-c772-4ec3-bdae-54a9cddf779b	0f6ae2fe-cf0c-43f2-8423-d009213afcb6	74cd98ab-5c3c-4502-b6cc-6543d8bd6a70	2026-03-22 06:26:44.890087+00
cef1afc8-3592-4673-aec6-910d68a8977b	ac3f1e5b-236e-4b79-992e-9ae76c7caeb3	74cd98ab-5c3c-4502-b6cc-6543d8bd6a70	2026-03-22 08:02:48.217293+00
0b01c3da-9c52-4a4d-8b4a-844d11fcece9	bbd50524-88db-42bd-b953-a6cdc2c880fc	74cd98ab-5c3c-4502-b6cc-6543d8bd6a70	2026-03-22 21:57:58.253509+00
efce498b-1942-4c5f-b49b-e33ed7d873ff	b526479c-92dc-40e9-8b99-30992af15dbc	74cd98ab-5c3c-4502-b6cc-6543d8bd6a70	2026-03-22 23:30:43.569276+00
803aa589-a134-4663-a6f1-5e943821cf2f	21f03d1a-a7a6-4d94-a964-112816df0849	74cd98ab-5c3c-4502-b6cc-6543d8bd6a70	2026-03-25 04:56:16.730694+00
b8de4404-5b11-49ff-859d-1e15166c19a4	02e386b2-f70e-477f-8be3-85a8337cdd11	a53f9c6c-5bce-4a37-94f7-ef5f683e538c	2026-03-29 05:00:24.23003+00
a1ea1d2f-d5ca-40ad-89fc-237abefa6320	e70804b7-e1ab-4cc7-9e50-3759c5f7cd57	a53f9c6c-5bce-4a37-94f7-ef5f683e538c	2026-03-29 05:02:50.759059+00
\.


--
-- Data for Name: memory_images; Type: TABLE DATA; Schema: public; Owner: postgres
--

COPY "public"."memory_images" ("id", "memory_id", "user_id", "pet_id", "sort_order", "original_path", "timeline_thumb_path", "width", "height", "status", "created_at", "updated_at", "retry_count", "last_error_code", "last_error_message", "last_processed_at", "processing_started_at") FROM stdin;
2768d4ee-8020-4de1-922a-6b59cad5d599	190085ca-c1c4-47da-9f56-79f0bb650d28	1e64edc9-219c-4ef8-b45c-350a31b8d85f	76055c36-5f66-4842-a1f3-a0310c41bc4b	0	1e64edc9-219c-4ef8-b45c-350a31b8d85f/76055c36-5f66-4842-a1f3-a0310c41bc4b/190085ca-c1c4-47da-9f56-79f0bb650d28_1773345760641_kq4u5hjo.jpg	\N	\N	\N	pending	2026-03-12 20:02:44.248805+00	2026-03-12 20:02:44.248805+00	0	\N	\N	\N	\N
a033bb39-192a-4cd4-8ca6-0a9cf937bec0	6cd68306-5573-4d95-9009-386cc5616030	249ef75b-269b-4664-950e-257c9995dd4a	a3c135d0-dcfa-4e3f-8087-8012d9a54acb	0	249ef75b-269b-4664-950e-257c9995dd4a/a3c135d0-dcfa-4e3f-8087-8012d9a54acb/6cd68306-5573-4d95-9009-386cc5616030_1773025654092_jc2f1dak.jpg	timeline-thumb/249ef75b-269b-4664-950e-257c9995dd4a/a3c135d0-dcfa-4e3f-8087-8012d9a54acb/6cd68306-5573-4d95-9009-386cc5616030/a033bb39-192a-4cd4-8ca6-0a9cf937bec0.jpg	\N	\N	ready	2026-03-12 15:34:18.975096+00	2026-03-12 15:58:24.331774+00	0	\N	\N	2026-03-12 15:58:24.331774+00	\N
d78a24f3-ee46-4aee-a496-9695f10d029d	7d325bdf-402e-4337-9f6a-a38cc0bd48e0	249ef75b-269b-4664-950e-257c9995dd4a	a3c135d0-dcfa-4e3f-8087-8012d9a54acb	0	249ef75b-269b-4664-950e-257c9995dd4a/a3c135d0-dcfa-4e3f-8087-8012d9a54acb/7d325bdf-402e-4337-9f6a-a38cc0bd48e0_1773057751502_s6pcm7td.png	timeline-thumb/249ef75b-269b-4664-950e-257c9995dd4a/a3c135d0-dcfa-4e3f-8087-8012d9a54acb/7d325bdf-402e-4337-9f6a-a38cc0bd48e0/d78a24f3-ee46-4aee-a496-9695f10d029d.jpg	\N	\N	ready	2026-03-12 15:34:18.975096+00	2026-03-12 15:58:25.832567+00	0	\N	\N	2026-03-12 15:58:25.832567+00	\N
f9d4b0b5-9c95-4029-9807-9be70ce48438	3f88495a-caa1-488a-a845-b074878a38ec	249ef75b-269b-4664-950e-257c9995dd4a	a3c135d0-dcfa-4e3f-8087-8012d9a54acb	1	249ef75b-269b-4664-950e-257c9995dd4a/a3c135d0-dcfa-4e3f-8087-8012d9a54acb/3f88495a-caa1-488a-a845-b074878a38ec_1773025450631_1nmzlsn1.jpg	timeline-thumb/249ef75b-269b-4664-950e-257c9995dd4a/a3c135d0-dcfa-4e3f-8087-8012d9a54acb/3f88495a-caa1-488a-a845-b074878a38ec/f9d4b0b5-9c95-4029-9807-9be70ce48438.jpg	\N	\N	ready	2026-03-12 15:34:18.975096+00	2026-03-12 16:13:28.003609+00	0	\N	\N	2026-03-12 16:13:28.003609+00	\N
3ad77d69-67a0-4966-94b8-1a646a9d998a	3f88495a-caa1-488a-a845-b074878a38ec	249ef75b-269b-4664-950e-257c9995dd4a	a3c135d0-dcfa-4e3f-8087-8012d9a54acb	2	249ef75b-269b-4664-950e-257c9995dd4a/a3c135d0-dcfa-4e3f-8087-8012d9a54acb/3f88495a-caa1-488a-a845-b074878a38ec_1773025451448_givsdyho.jpg	timeline-thumb/249ef75b-269b-4664-950e-257c9995dd4a/a3c135d0-dcfa-4e3f-8087-8012d9a54acb/3f88495a-caa1-488a-a845-b074878a38ec/3ad77d69-67a0-4966-94b8-1a646a9d998a.jpg	\N	\N	ready	2026-03-12 15:34:18.975096+00	2026-03-12 16:13:29.302477+00	0	\N	\N	2026-03-12 16:13:29.302477+00	\N
a9ef8aa1-fc65-459a-81e0-c70272487120	3f88495a-caa1-488a-a845-b074878a38ec	249ef75b-269b-4664-950e-257c9995dd4a	a3c135d0-dcfa-4e3f-8087-8012d9a54acb	3	249ef75b-269b-4664-950e-257c9995dd4a/a3c135d0-dcfa-4e3f-8087-8012d9a54acb/3f88495a-caa1-488a-a845-b074878a38ec_1773025452265_st74qw7w.jpg	timeline-thumb/249ef75b-269b-4664-950e-257c9995dd4a/a3c135d0-dcfa-4e3f-8087-8012d9a54acb/3f88495a-caa1-488a-a845-b074878a38ec/a9ef8aa1-fc65-459a-81e0-c70272487120.jpg	\N	\N	ready	2026-03-12 15:34:18.975096+00	2026-03-12 16:13:30.576626+00	0	\N	\N	2026-03-12 16:13:30.576626+00	\N
2ab41109-52e0-4f29-a159-845b449510cd	bcdac380-608a-4315-90d7-cf59f520dbcb	1e64edc9-219c-4ef8-b45c-350a31b8d85f	76055c36-5f66-4842-a1f3-a0310c41bc4b	0	1e64edc9-219c-4ef8-b45c-350a31b8d85f/76055c36-5f66-4842-a1f3-a0310c41bc4b/bcdac380-608a-4315-90d7-cf59f520dbcb_1773155397951_e6dpb35k.jpg	\N	\N	\N	pending	2026-03-12 15:34:18.975096+00	2026-03-12 15:34:18.975096+00	0	\N	\N	\N	\N
e4fe253d-f1e4-48a4-ab28-81378b7b9060	bcdac380-608a-4315-90d7-cf59f520dbcb	1e64edc9-219c-4ef8-b45c-350a31b8d85f	76055c36-5f66-4842-a1f3-a0310c41bc4b	1	1e64edc9-219c-4ef8-b45c-350a31b8d85f/76055c36-5f66-4842-a1f3-a0310c41bc4b/bcdac380-608a-4315-90d7-cf59f520dbcb_1773155398680_ttzql3t5.jpg	\N	\N	\N	pending	2026-03-12 15:34:18.975096+00	2026-03-12 15:34:18.975096+00	0	\N	\N	\N	\N
de6e0cae-5982-44fb-aeb4-283ffcf67ee0	ac8cee8e-bc31-4a58-adb7-a814651d63c7	1e64edc9-219c-4ef8-b45c-350a31b8d85f	76055c36-5f66-4842-a1f3-a0310c41bc4b	0	1e64edc9-219c-4ef8-b45c-350a31b8d85f/76055c36-5f66-4842-a1f3-a0310c41bc4b/ac8cee8e-bc31-4a58-adb7-a814651d63c7_1773156019924_fq6uoyya.jpg	\N	\N	\N	pending	2026-03-12 15:34:18.975096+00	2026-03-12 15:34:18.975096+00	0	\N	\N	\N	\N
40a50f38-7311-4fb9-9ae7-9df4b4b671d4	ac7b2907-d0e1-4a8b-9347-b3d299625ecd	1e64edc9-219c-4ef8-b45c-350a31b8d85f	76055c36-5f66-4842-a1f3-a0310c41bc4b	0	1e64edc9-219c-4ef8-b45c-350a31b8d85f/76055c36-5f66-4842-a1f3-a0310c41bc4b/ac7b2907-d0e1-4a8b-9347-b3d299625ecd_1773171470826_09h9hdi9.jpg	\N	\N	\N	pending	2026-03-12 15:34:18.975096+00	2026-03-12 15:34:18.975096+00	0	\N	\N	\N	\N
4291e201-95e8-4096-8908-287599e3a63a	f1cbcc41-28d9-4a2b-a00d-8e688fc9bef6	249ef75b-269b-4664-950e-257c9995dd4a	a3c135d0-dcfa-4e3f-8087-8012d9a54acb	0	249ef75b-269b-4664-950e-257c9995dd4a/a3c135d0-dcfa-4e3f-8087-8012d9a54acb/f1cbcc41-28d9-4a2b-a00d-8e688fc9bef6_1772820360112_gakaipmb.jpg	timeline-thumb/249ef75b-269b-4664-950e-257c9995dd4a/a3c135d0-dcfa-4e3f-8087-8012d9a54acb/f1cbcc41-28d9-4a2b-a00d-8e688fc9bef6/4291e201-95e8-4096-8908-287599e3a63a.jpg	\N	\N	ready	2026-03-12 15:34:18.975096+00	2026-03-12 16:06:09.687109+00	0	\N	\N	2026-03-12 16:06:09.687109+00	\N
538c9d0a-f5f6-4ee8-9b30-9eb17aa12717	3f88495a-caa1-488a-a845-b074878a38ec	249ef75b-269b-4664-950e-257c9995dd4a	a3c135d0-dcfa-4e3f-8087-8012d9a54acb	0	249ef75b-269b-4664-950e-257c9995dd4a/a3c135d0-dcfa-4e3f-8087-8012d9a54acb/3f88495a-caa1-488a-a845-b074878a38ec_1773025448370_5xiu1dgt.jpg	timeline-thumb/249ef75b-269b-4664-950e-257c9995dd4a/a3c135d0-dcfa-4e3f-8087-8012d9a54acb/3f88495a-caa1-488a-a845-b074878a38ec/538c9d0a-f5f6-4ee8-9b30-9eb17aa12717.jpg	\N	\N	ready	2026-03-12 15:34:18.975096+00	2026-03-12 16:06:11.53423+00	0	\N	\N	2026-03-12 16:06:11.53423+00	\N
\.


--
-- Data for Name: notifications; Type: TABLE DATA; Schema: public; Owner: postgres
--

COPY "public"."notifications" ("id", "user_id", "type", "title", "body", "reference", "is_read", "created_at") FROM stdin;
\.


--
-- Data for Name: pet_care_guides; Type: TABLE DATA; Schema: public; Owner: postgres
--

COPY "public"."pet_care_guides" ("id", "slug", "title", "summary", "body", "body_preview", "category", "tags", "target_species", "species_keywords", "search_keywords", "age_policy_type", "age_policy_life_stage", "age_policy_min_months", "age_policy_max_months", "status", "is_active", "priority", "sort_order", "rotation_weight", "thumbnail_image_url", "cover_image_url", "image_alt", "published_at", "archived_at", "deleted_at", "created_by", "updated_by", "created_at", "updated_at", "search_document") FROM stdin;
11111111-1111-4111-8111-111111111111	daily-water-routine	매일 물그릇 상태를 먼저 확인해 주세요	물 섭취량은 작은 컨디션 변화를 가장 빨리 보여주는 신호입니다. 물그릇 세척과 급수 위치 점검만으로도 기본 건강관리가 시작됩니다.	물은 가장 기본적인 건강 지표입니다.\n\n아이가 물을 평소보다 적게 마시거나, 반대로 갑자기 많이 마시면 몸 상태 변화가 먼저 나타나는 경우가 많습니다. 하루 한 번은 물그릇 안쪽 미끌거림과 냄새를 확인하고, 미지근한 물로 가볍게 세척해 주세요.	물은 가장 기본적인 건강 지표입니다. 하루 한 번 물그릇 상태와 급수 위치를 확인해 주세요.	daily-care	{수분관리,기본루틴,건강체크}	{common}	{}	{물그릇,수분,건강체크}	all	\N	\N	\N	published	t	90	10	1	\N	\N	\N	2026-03-14 17:11:44.919034+00	\N	\N	\N	\N	2026-03-15 17:11:44.919034+00	2026-03-15 17:11:44.919034+00	'care':46C 'daily':45C 'daily-care':44C '가장':12A,25B '건강':27B '건강관리가':22A '건강체크':40B,43C '급수':18A,34B '기본':21A '기본루틴':39B '기본적인':26B '매일':1A '먼저':4A '물':7A '물그릇':2A,16A,32B,41C '물은':24B '번':31B '변화를':11A '보여주는':14A '빨리':13A '상태를':3A '상태와':33B '섭취량은':8A '세척과':17A '수분':42C '수분관리':38B '시작됩니다':23A '신호입니다':15A '위치':19A '위치를':35B '작은':9A '점검만으로도':20A '주세요':6A,37B '지표입니다':28B '컨디션':10A '하루':29B '한':30B '확인해':5A,36B
22222222-2222-4222-8222-222222222222	puppy-chew-management	어린 강아지라면 씹기 욕구를 안전하게 풀어 주세요	이갈이 시기에는 무는 행동을 혼내기보다 안전한 대체물을 충분히 제공하는 편이 장기적으로 더 안정적입니다.	어린 강아지는 이갈이 시기에 씹는 욕구가 강해집니다.\n\n안전한 씹기 장난감과 치발용 간식을 준비해 대체 행동을 빠르게 알려주는 것이 중요합니다. 전선, 천, 가구 모서리처럼 위험한 물건은 접근 자체를 줄이고, 장난감은 교차 운영해 흥미를 유지해 주세요.	이갈이 시기에는 안전한 씹기 장난감과 대체 행동을 충분히 제공해 주세요.	behavior	{강아지,퍼피,이갈이}	{dog}	{dog,강아지,puppy}	{씹기,이갈이,장난감}	lifeStage	baby	\N	\N	published	t	88	30	1	\N	\N	\N	2026-03-14 17:11:44.919034+00	\N	\N	\N	\N	2026-03-15 17:11:44.919034+00	2026-03-15 17:11:44.919034+00	'behavior':40C 'dog':34B 'puppy':36B '강아지':31B,35B '강아지라면':2A '대체':26B '대체물을':14A '더':19A '무는':10A '시기에는':9A,22B '씹기':3A,24B,37C '안전하게':5A '안전한':13A,23B '안정적입니다':20A '어린':1A '욕구를':4A '이갈이':8A,21B,33B,38C '장기적으로':18A '장난감':39C '장난감과':25B '제공하는':16A '제공해':29B '주세요':7A,30B '충분히':15A,28B '퍼피':32B '편이':17A '풀어':6A '행동을':11A,27B '혼내기보다':12A
33333333-3333-4333-8333-333333333333	cat-hiding-stress-signal	고양이가 숨는 시간이 늘면 환경 신호부터 봐야 해요	고양이는 불편함을 조용히 숨기는 경우가 많습니다. 숨는 위치와 시간 변화는 중요한 환경·건강 신호가 될 수 있습니다.	고양이는 스트레스나 몸의 불편함을 적극적으로 드러내지 않는 경우가 많습니다.\n\n갑자기 침대 밑이나 가구 뒤에 오래 머무르기 시작했다면 최근 바뀐 환경을 먼저 점검해 주세요. 모래 위치, 소음, 낯선 냄새, 새로운 가구 배치 같은 요소가 원인이 되기도 합니다.	숨는 위치와 시간이 달라지면 최근 바뀐 환경과 식사·배변 패턴을 함께 확인해 주세요.	environment	{고양이,스트레스,환경관찰}	{cat}	{cat,고양이}	{숨기,스트레스,환경}	all	\N	\N	\N	published	t	90	50	1	\N	\N	\N	2026-03-14 17:11:44.919034+00	\N	\N	\N	\N	2026-03-15 17:11:44.919034+00	2026-03-15 17:11:44.919034+00	'cat':42B 'environment':47C '건강':21A '경우가':13A '고양이':39B,43B '고양이가':1A '고양이는':9A '늘면':4A '달라지면':29B '될':23A '많습니다':14A '바뀐':31B '배변':34B '변화는':18A '봐야':7A '불편함을':10A '수':24A '숨기':44C '숨기는':12A '숨는':2A,15A,26B '스트레스':40B,45C '시간':17A '시간이':3A,28B '식사':33B '신호가':22A '신호부터':6A '위치와':16A,27B '있습니다':25A '조용히':11A '주세요':38B '중요한':19A '최근':30B '패턴을':35B '함께':36B '해요':8A '확인해':37B '환경':5A,20A,46C '환경과':32B '환경관찰':41B
f91b7e37-1932-42c2-9c84-43f274ca077b	test	test	test	test	test	daily-care	{test}	{dog,common}	{test}	{test}	all	\N	\N	\N	archived	f	0	0	1	\N	\N	\N	2026-03-15 18:32:36.193+00	2026-03-15 19:06:39.317+00	2026-03-15 19:06:39.317+00	a53f9c6c-5bce-4a37-94f7-ef5f683e538c	a53f9c6c-5bce-4a37-94f7-ef5f683e538c	2026-03-15 18:29:25.887742+00	2026-03-15 19:06:39.384613+00	'care':9C 'daily':8C 'daily-care':7C 'test':1A,2A,3B,4B,5B,6C
10000000-0000-4000-8000-000000000001	dog-puppy-vaccine-check	강아지 예방접종 직후에는 컨디션과 식욕을 함께 보세요	예방접종 후 하루 이틀은 처짐, 미열, 식욕 저하가 가볍게 나타날 수 있습니다. 다만 구토, 반복 설사, 심한 무기력은 바로 병원 확인이 필요합니다.	강아지 예방접종 직후에는 반응을 자세히 기록해 두는 습관이 좋습니다.\n\n가벼운 피로감은 흔하지만, 얼굴 붓기나 호흡 이상처럼 급성 반응은 빠르게 대응해야 합니다. 접종 당일에는 격한 운동과 목욕을 피하고, 평소와 다른 증상이 몇 시간 이상 이어지면 병원에 문의해 주세요.	접종 직후에는 가벼운 처짐은 관찰하고, 심한 이상 반응은 바로 병원에 문의해 주세요.	health	{강아지,예방접종,건강체크}	{dog}	{dog,강아지,puppy}	{접종,백신,무기력,식욕}	lifeStage	baby	\N	\N	published	t	92	10	1	\N	\N	\N	2026-03-05 19:17:14.272711+00	\N	\N	\N	\N	2026-03-15 19:17:14.272711+00	2026-03-15 19:17:14.272711+00	'dog':45B 'health':52C 'puppy':47B '가벼운':32B '가볍게':16A '강아지':1A,42B,46B '건강체크':44B '관찰하고':34B '구토':21A '나타날':17A '다만':20A '무기력':50C '무기력은':25A '문의해':40B '미열':13A '바로':26A,38B '반복':22A '반응은':37B '백신':49C '병원':27A '병원에':39B '보세요':7A '설사':23A '수':18A '식욕':14A,51C '식욕을':5A '심한':24A,35B '예방접종':2A,8A,43B '이상':36B '이틀은':11A '있습니다':19A '저하가':15A '접종':30B,48C '주세요':41B '직후에는':3A,31B '처짐':12A '처짐은':33B '컨디션과':4A '필요합니다':29A '하루':10A '함께':6A '확인이':28A '후':9A
10000000-0000-4000-8000-000000000002	dog-weight-control-weekly-routine	강아지 체중 관리는 주 1회 같은 조건으로 재는 것이 정확합니다	강아지 체중은 하루 단위보다 주 단위 흐름이 중요합니다. 같은 시간대, 같은 저울, 같은 조건으로 기록해야 변화 해석이 쉬워집니다.	체중 변화는 식사량과 운동량, 질환 신호를 함께 보여 줍니다.\n\n매주 같은 요일에 측정해 체형 점수와 함께 기록해 두면 갑작스러운 증가나 감소를 조기에 발견할 수 있습니다. 간식 비율이 높다면 사료 급여량 조절도 같이 검토해 주세요.	체중은 같은 조건으로 주 1회 기록해야 작은 변화도 정확히 읽을 수 있습니다.	nutrition	{강아지,체중관리,기본루틴}	{dog}	{dog,강아지}	{체중,비만,식사량,간식}	all	\N	\N	\N	published	t	89	20	1	\N	\N	\N	2026-03-06 19:17:14.272711+00	\N	\N	\N	\N	2026-03-15 19:17:14.272711+00	2026-03-15 19:17:14.272711+00	'1회':5A,33B 'dog':44B 'nutrition':50C '간식':49C '강아지':1A,11A,41B,45B '같은':6A,19A,21A,23A,30B '것이':9A '관리는':3A '기록해야':25A,34B '기본루틴':43B '단위':16A '단위보다':14A '변화':26A '변화도':36B '비만':47C '수':39B '쉬워집니다':28A '시간대':20A '식사량':48C '읽을':38B '있습니다':40B '작은':35B '재는':8A '저울':22A '정확합니다':10A '정확히':37B '조건으로':7A,24A,31B '주':4A,15A,32B '중요합니다':18A '체중':2A,46C '체중관리':42B '체중은':12A,29B '하루':13A '해석이':27A '흐름이':17A
10000000-0000-4000-8000-000000000003	dog-senior-walk-pace	노령견 산책은 거리보다 회복 속도를 먼저 봐야 합니다	노령견은 산책 직후보다 몇 시간 뒤 피로가 더 크게 나타날 수 있습니다. 거리 경쟁보다 회복 속도와 다음 날 컨디션을 기준으로 강도를 조절해 주세요.	노령견 산책은 근육 유지와 관절 부담 사이 균형이 중요합니다.\n\n산책 뒤 보행이 뻣뻣해지거나 다음 날 일어나는 속도가 느려지면 강도가 과했을 수 있습니다. 짧게 나누어 여러 번 걷는 방식이 한 번 길게 걷는 것보다 더 편안한 경우가 많습니다.	노령견은 산책 거리보다 산책 후 회복 속도와 다음 날 컨디션이 더 중요합니다.	daily-care	{강아지,노령견,산책}	{dog}	{dog,강아지,senior}	{노령견,산책,관절,회복}	lifeStage	senior	\N	\N	published	t	94	30	2	\N	\N	\N	2026-03-07 19:17:14.272711+00	\N	\N	\N	\N	2026-03-15 19:17:14.272711+00	2026-03-15 19:17:14.272711+00	'care':56C 'daily':55C 'daily-care':54C 'dog':47B 'senior':49B '강도를':29A '강아지':44B,48B '거리':21A '거리보다':3A,34B '경쟁보다':22A '관절':52C '기준으로':28A '나타날':18A '날':26A,40B '노령견':1A,45B,50C '노령견은':9A,32B '다음':25A,39B '더':16A,42B '뒤':14A '먼저':6A '몇':12A '봐야':7A '산책':10A,33B,35B,46B,51C '산책은':2A '속도를':5A '속도와':24A,38B '수':19A '시간':13A '있습니다':20A '조절해':30A '주세요':31A '중요합니다':43B '직후보다':11A '컨디션을':27A '컨디션이':41B '크게':17A '피로가':15A '합니다':8A '회복':4A,23A,37B,53C '후':36B
10000000-0000-4000-8000-000000000004	dog-ear-check-after-bath	강아지 목욕 후에는 귀 안쪽 습기부터 확인해 주세요	강아지 귀는 목욕 뒤 습기가 오래 남으면 외이염 위험이 커집니다. 수건으로 겉만 닦는 것보다 귀 입구 주변을 충분히 말려 주는 것이 중요합니다.	귀가 처진 강아지나 털이 많은 품종은 목욕 후 귀 안 통풍이 더 중요합니다.\n\n젖은 상태가 반복되면 냄새, 가려움, 고개 흔들기 같은 증상이 빨리 나타날 수 있습니다. 귀 세정제는 병원 지시 없이 과하게 사용하지 말고, 평소보다 냄새가 심하면 진료를 고려해 주세요.	목욕 뒤 귀 주변 습기가 오래 남지 않게 관리하면 외이염 위험을 줄일 수 있습니다.	health	{강아지,목욕,귀관리}	{dog}	{dog,강아지}	{귀,외이염,목욕,습기}	all	\N	\N	\N	published	t	84	40	1	\N	\N	\N	2026-03-08 19:17:14.272711+00	\N	\N	\N	\N	2026-03-15 19:17:14.272711+00	2026-03-15 19:17:14.272711+00	'dog':48B 'health':54C '강아지':1A,9A,45B,49B '것보다':22A '것이':29A '겉만':20A '관리하면':39B '귀':4A,23A,33B,50C '귀관리':47B '귀는':10A '남으면':15A '남지':37B '닦는':21A '뒤':12A,32B '말려':27A '목욕':2A,11A,31B,46B,52C '수':43B '수건으로':19A '습기':53C '습기가':13A,35B '습기부터':6A '안쪽':5A '않게':38B '오래':14A,36B '외이염':16A,40B,51C '위험을':41B '위험이':17A '입구':24A '있습니다':44B '주는':28A '주변':34B '주변을':25A '주세요':8A '줄일':42B '중요합니다':30A '충분히':26A '커집니다':18A '확인해':7A '후에는':3A
10000000-0000-4000-8000-000000000005	dog-licking-paws-clue	강아지가 발을 자주 핥으면 피부와 바닥 환경을 같이 점검하세요	발 핥기는 단순 습관처럼 보여도 알레르기, 습진, 이물감, 스트레스가 함께 얽혀 있는 경우가 많습니다. 한 가지 원인으로만 단정하지 않는 것이 중요합니다.	발을 핥는 위치와 시간대를 같이 보면 원인을 좁히기 쉽습니다.\n\n산책 후 심해지면 잔디, 제설제, 바닥 자극을 의심하고, 밤에 조용할 때 반복되면 습관성 행동인지 같이 봐야 합니다. 발가락 사이가 붉거나 냄새가 난다면 병원 진료가 필요할 수 있습니다.	발 핥기는 피부 자극, 환경 자극, 습관 행동을 함께 살펴야 정확하게 대응할 수 있습니다.	behavior	{강아지,발핥기,피부관찰}	{dog}	{dog,강아지}	{발핥기,알레르기,피부,습관}	all	\N	\N	\N	published	t	87	50	1	\N	\N	\N	2026-03-09 19:17:14.272711+00	\N	\N	\N	\N	2026-03-15 19:17:14.272711+00	2026-03-15 19:17:14.272711+00	'behavior':54C 'dog':48B '가지':25A '강아지':45B,49B '강아지가':1A '같이':8A '것이':29A '경우가':22A '단순':12A '단정하지':27A '대응할':42B '많습니다':23A '바닥':6A '발':10A,31B '발을':2A '발핥기':46B,50C '보여도':14A '살펴야':40B '수':43B '스트레스가':18A '습관':37B,53C '습관처럼':13A '습진':16A '않는':28A '알레르기':15A,51C '얽혀':20A '원인으로만':26A '이물감':17A '있는':21A '있습니다':44B '자극':34B,36B '자주':3A '점검하세요':9A '정확하게':41B '중요합니다':30A '피부':33B,52C '피부관찰':47B '피부와':5A '한':24A '핥기는':11A,32B '핥으면':4A '함께':19A,39B '행동을':38B '환경':35B '환경을':7A
10000000-0000-4000-8000-000000000006	cat-water-bowl-placement	고양이 물그릇은 사료와 조금 떨어뜨려 두는 편이 낫습니다	고양이는 먹는 자리와 물 마시는 자리를 다르게 두었을 때 수분 섭취가 더 편해지는 경우가 많습니다. 특히 습식 비율이 낮은 아이는 급수 환경이 중요합니다.	고양이는 후각과 환경 변화에 민감해서 물그릇 위치만 바꿔도 음수량이 달라질 수 있습니다.\n\n사료 그릇과 너무 가까우면 냄새 때문에 물을 덜 마시기도 합니다. 하루 음수량이 줄어드는 느낌이 있으면 그릇 재질, 물 교체 횟수, 위치를 함께 점검해 주세요.	고양이 물그릇은 사료와 약간 떨어진 조용한 위치에 두는 편이 음수량 유지에 도움이 됩니다.	nutrition	{고양이,음수량,물그릇}	{cat}	{cat,고양이}	{음수량,물그릇,수분,습식}	all	\N	\N	\N	published	t	92	60	2	\N	\N	\N	2026-03-05 19:17:14.272711+00	\N	\N	\N	\N	2026-03-15 19:17:14.272711+00	2026-03-15 19:17:14.272711+00	'cat':48B 'nutrition':54C '경우가':22A '고양이':1A,32B,45B,49B '고양이는':9A '급수':29A '낫습니다':8A '낮은':27A '다르게':15A '더':20A '도움이':43B '됩니다':44B '두는':6A,39B '두었을':16A '때':17A '떨어뜨려':5A '떨어진':36B '마시는':13A '많습니다':23A '먹는':10A '물':12A '물그릇':47B,51C '물그릇은':2A,33B '비율이':26A '사료와':3A,34B '섭취가':19A '수분':18A,52C '습식':25A,53C '아이는':28A '약간':35B '위치에':38B '유지에':42B '음수량':41B,46B,50C '자리를':14A '자리와':11A '조금':4A '조용한':37B '중요합니다':31A '특히':24A '편이':7A,40B '편해지는':21A '환경이':30A
10000000-0000-4000-8000-000000000007	cat-litter-box-count-rule	고양이 화장실은 마릿수보다 하나 더 준비하는 기준이 안전합니다	고양이는 배변 장소 스트레스가 생기면 화장실 문제를 행동 문제처럼 보이게 만들 수 있습니다. 다묘 가정일수록 개수와 위치 분산이 중요합니다.	화장실 개수가 부족하면 참거나 다른 곳에 배변하는 문제가 생기기 쉽습니다.\n\n기본 원칙은 고양이 수보다 하나 더입니다. 문이 막힌 곳보다 도망 경로가 있고 조용한 위치가 좋으며, 한 군데에 몰아두기보다 생활 동선에 분산하는 편이 안정적입니다.	다묘 가정에서는 화장실 개수와 위치 분산이 배변 스트레스 관리의 기본입니다.	environment	{고양이,화장실,배변환경}	{cat}	{cat,고양이}	{화장실,배변,다묘,스트레스}	all	\N	\N	\N	published	t	95	70	2	\N	\N	\N	2026-03-06 19:17:14.272711+00	\N	\N	\N	\N	2026-03-15 19:17:14.272711+00	2026-03-15 19:17:14.272711+00	'cat':41B 'environment':47C '가정에서는':29B '가정일수록':23A '개수와':24A,31B '고양이':1A,38B,42B '고양이는':9A '관리의':36B '기본입니다':37B '기준이':7A '다묘':22A,28B,45C '더':5A '마릿수보다':3A '만들':19A '문제를':15A '문제처럼':17A '배변':10A,34B,44C '배변환경':40B '보이게':18A '분산이':26A,33B '생기면':13A '수':20A '스트레스':35B,46C '스트레스가':12A '안전합니다':8A '위치':25A,32B '있습니다':21A '장소':11A '준비하는':6A '중요합니다':27A '하나':4A '행동':16A '화장실':14A,30B,39B,43C '화장실은':2A
10000000-0000-4000-8000-000000000008	cat-hidden-pain-eating-change	고양이는 통증이 있어도 조용할 수 있어 식사 변화가 중요합니다	고양이는 통증을 크게 표현하지 않는 경우가 많아서 식사 속도, 먹다 멈춤, 특정 사료 거부 같은 작은 변화가 중요한 단서가 됩니다.	식욕이 완전히 떨어지지 않아도 통증 신호는 있을 수 있습니다.\n\n사료 앞에서 망설이거나 한쪽만 씹는 느낌, 고개를 낮추기 힘들어 보이는 행동은 치아, 구강, 관절 문제와 연결되기도 합니다. 며칠 이상 패턴이 바뀌면 단순 입맛 문제로 넘기지 않는 것이 좋습니다.	고양이는 식사 패턴의 작은 변화만으로도 통증 신호를 보내는 경우가 많습니다.	health	{고양이,식사변화,통증신호}	{cat}	{cat,고양이}	{식사변화,통증,치아,구강}	all	\N	\N	\N	published	t	93	80	2	\N	\N	\N	2026-03-07 19:17:14.272711+00	\N	\N	\N	\N	2026-03-15 19:17:14.272711+00	2026-03-15 19:17:14.272711+00	'cat':43B 'health':49C '같은':24A '거부':23A '경우가':15A,38B '고양이':40B,44B '고양이는':1A,10A,30B '구강':48C '단서가':28A '됩니다':29A '많습니다':39B '많아서':16A '먹다':19A '멈춤':20A '변화가':8A,26A '변화만으로도':34B '보내는':37B '사료':22A '속도':18A '수':5A '식사':7A,17A,31B '식사변화':41B,45C '신호를':36B '않는':14A '있어':6A '있어도':3A '작은':25A,33B '조용할':4A '중요한':27A '중요합니다':9A '치아':47C '크게':12A '통증':35B,46C '통증신호':42B '통증을':11A '통증이':2A '특정':21A '패턴의':32B '표현하지':13A
10000000-0000-4000-8000-000000000009	cat-play-hunt-sequence	고양이 놀이는 사냥 순서를 따라가야 만족도가 높습니다	고양이는 단순히 많이 뛰게 하는 것보다 숨기, 추적, 포획, 마무리의 흐름을 경험할 때 스트레스 해소가 더 잘됩니다.	장난감만 눈앞에서 흔드는 방식은 오히려 흥분만 남기는 경우가 있습니다.\n\n천천히 숨게 만들고, 짧게 추적하게 하고, 마지막에는 잡는 경험을 주어야 놀이가 완성됩니다. 놀이 후 작은 간식이나 식사로 마무리하면 사냥 루틴이 더 안정적으로 연결됩니다.	고양이 놀이는 추적과 포획, 마무리까지 이어져야 만족도가 높습니다.	behavior	{고양이,놀이,사냥본능}	{cat}	{cat,고양이}	{놀이,사냥,장난감,스트레스해소}	all	\N	\N	\N	published	t	90	90	1	\N	\N	\N	2026-03-08 19:17:14.272711+00	\N	\N	\N	\N	2026-03-15 19:17:14.272711+00	2026-03-15 19:17:14.272711+00	'behavior':42C 'cat':36B '것보다':13A '경험할':19A '고양이':1A,25B,33B,37B '고양이는':8A '놀이':34B,38C '놀이는':2A,26B '높습니다':7A,32B '단순히':9A '더':23A '따라가야':5A '때':20A '뛰게':11A '마무리까지':29B '마무리의':17A '만족도가':6A,31B '많이':10A '사냥':3A,39C '사냥본능':35B '순서를':4A '숨기':14A '스트레스':21A '스트레스해소':41C '이어져야':30B '잘됩니다':24A '장난감':40C '추적':15A '추적과':27B '포획':16A,28B '하는':12A '해소가':22A '흐름을':18A
10000000-0000-4000-8000-000000000010	cat-senior-jump-observation	노령묘는 점프 높이보다 착지 방식 변화를 먼저 보세요	노령묘는 관절 불편이 있어도 점프 자체는 계속할 수 있습니다. 대신 착지 소리, 망설임, 실패 횟수가 먼저 달라지는 경우가 많습니다.	점프를 완전히 안 하게 되는 시점보다 그 이전 변화가 더 중요합니다.\n\n예전보다 낮은 곳을 선호하거나 점프 전 망설임이 길어지면 계단형 발판을 추가해 주세요. 미끄러운 바닥은 부담을 키우므로 휴식 공간 주변 미끄럼 방지도 함께 검토하면 좋습니다.	노령묘는 점프를 포기하기 전 착지와 망설임 패턴이 먼저 달라질 수 있습니다.	daily-care	{고양이,노령묘,관절}	{cat}	{cat,고양이,senior}	{점프,착지,노령묘,관절}	lifeStage	senior	\N	\N	published	t	88	100	1	\N	\N	\N	2026-03-09 19:17:14.272711+00	\N	\N	\N	\N	2026-03-15 19:17:14.272711+00	2026-03-15 19:17:14.272711+00	'care':51C 'cat':42B 'daily':50C 'daily-care':49C 'senior':44B '경우가':26A '계속할':15A '고양이':39B,43B '관절':10A,41B,48C '노령묘':40B,47C '노령묘는':1A,9A,28B '높이보다':3A '달라지는':25A '달라질':36B '대신':18A '많습니다':27A '망설임':21A,33B '먼저':7A,24A,35B '방식':5A '변화를':6A '보세요':8A '불편이':11A '소리':20A '수':16A,37B '실패':22A '있습니다':17A,38B '있어도':12A '자체는':14A '전':31B '점프':2A,13A,45C '점프를':29B '착지':4A,19A,46C '착지와':32B '패턴이':34B '포기하기':30B '횟수가':23A
10000000-0000-4000-8000-000000000011	hamster-wheel-size-check	햄스터 쳇바퀴는 등을 곧게 편 자세가 되는 크기가 중요합니다	햄스터는 작은 쳇바퀴를 쓰면 등이 과하게 휘어 장기적으로 척추 부담이 커질 수 있습니다. 몸집보다 넉넉한 지름을 먼저 확인해 주세요.	쳇바퀴는 운동량 확보용이지만 잘못 고르면 오히려 부담이 됩니다.\n\n달릴 때 등이 활처럼 꺾이지 않는지 먼저 보세요. 체구가 큰 시리아햄스터와 드워프햄스터는 적정 지름이 다르므로 품종과 체형에 맞는 크기를 선택하는 것이 중요합니다.	햄스터 쳇바퀴는 달릴 때 등이 휘지 않을 만큼 충분한 크기가 중요합니다.	environment	{햄스터,쳇바퀴,환경}	{other}	{hamster,햄스터}	{쳇바퀴,운동,척추,케이지}	all	\N	\N	\N	published	t	92	110	1	\N	\N	\N	2026-03-05 19:17:14.272711+00	\N	\N	\N	\N	2026-03-15 19:17:14.272711+00	2026-03-15 19:17:14.272711+00	'environment':49C 'hamster':43B '곧게':4A '과하게':15A '넉넉한':24A '달릴':31B '되는':7A '등을':3A '등이':14A,33B '때':32B '만큼':36B '먼저':26A '몸집보다':23A '부담이':19A '수':21A '쓰면':13A '않을':35B '운동':46C '있습니다':22A '자세가':6A '작은':11A '장기적으로':17A '주세요':28A '중요합니다':9A,39B '지름을':25A '척추':18A,47C '쳇바퀴':41B,45C '쳇바퀴는':2A,30B '쳇바퀴를':12A '충분한':37B '커질':20A '케이지':48C '크기가':8A,38B '편':5A '햄스터':1A,29B,40B,44B '햄스터는':10A '확인해':27A '환경':42B '휘어':16A '휘지':34B
10000000-0000-4000-8000-000000000012	hamster-bedding-depth	햄스터는 바닥재 깊이가 얕으면 굴 파기 욕구를 풀기 어렵습니다	햄스터는 굴을 파고 숨어야 안정감을 느끼는 동물입니다. 바닥재가 얕으면 활동량이 적어 보이거나 예민해질 수 있습니다.	햄스터 케이지는 단순히 넓기만 하면 충분하지 않습니다.\n\n바닥재 깊이가 너무 얕으면 본래 행동을 할 수 없어 스트레스가 커집니다. 눌러도 형태가 유지되는 종이 베딩이나 무향 바닥재를 충분히 깔아 굴을 만들 수 있게 해 주세요.	햄스터는 충분한 바닥재 깊이가 있어야 굴 파기 행동과 안정감을 유지할 수 있습니다.	environment	{햄스터,바닥재,굴파기}	{other}	{hamster,햄스터}	{바닥재,굴,스트레스,케이지}	all	\N	\N	\N	published	t	91	120	1	\N	\N	\N	2026-03-06 19:17:14.272711+00	\N	\N	\N	\N	2026-03-15 19:17:14.272711+00	2026-03-15 19:17:14.272711+00	'environment':46C 'hamster':40B '굴':5A,30B,43C '굴을':11A '굴파기':39B '깊이가':3A,28B '느끼는':15A '동물입니다':16A '바닥재':2A,27B,38B,42C '바닥재가':17A '보이거나':21A '수':23A,35B '숨어야':13A '스트레스':44C '안정감을':14A,33B '얕으면':4A,18A '어렵습니다':9A '예민해질':22A '욕구를':7A '유지할':34B '있습니다':24A,36B '있어야':29B '적어':20A '충분한':26B '케이지':45C '파고':12A '파기':6A,31B '풀기':8A '햄스터':37B,41B '햄스터는':1A,10A,25B '행동과':32B '활동량이':19A
10000000-0000-4000-8000-000000000013	hamster-night-activity-normal	햄스터는 야행성이므로 낮 활동만 보고 아프다고 판단하지 마세요	햄스터는 낮에 조용하고 밤에 활발한 것이 자연스러운 패턴입니다. 깨워서 활동을 확인하는 방식은 오히려 스트레스를 키울 수 있습니다.	햄스터 컨디션은 밤 시간대 행동으로 확인하는 편이 더 정확합니다.\n\n평소 밤에 잘 돌던 쳇바퀴 사용이 줄거나 먹이 반응이 떨어지면 그때 이상 신호를 의심해 보세요. 낮 시간대에는 충분히 쉬도록 두는 것이 건강 관리에도 중요합니다.	햄스터는 밤 시간대 활동 변화로 컨디션을 보는 편이 더 정확합니다.	daily-care	{햄스터,야행성,관찰}	{other}	{hamster,햄스터}	{야행성,활동량,관찰,스트레스}	all	\N	\N	\N	published	t	87	130	1	\N	\N	\N	2026-03-07 19:17:14.272711+00	\N	\N	\N	\N	2026-03-15 19:17:14.272711+00	2026-03-15 19:17:14.272711+00	'care':47C 'daily':46C 'daily-care':45C 'hamster':39B '것이':14A '관찰':38B,43C '깨워서':17A '낮':3A '낮에':10A '더':34B '마세요':8A '밤':27B '밤에':12A '방식은':20A '변화로':30B '보고':5A '보는':32B '수':24A '스트레스':44C '스트레스를':22A '시간대':28B '아프다고':6A '야행성':37B,41C '야행성이므로':2A '오히려':21A '있습니다':25A '자연스러운':15A '정확합니다':35B '조용하고':11A '컨디션을':31B '키울':23A '판단하지':7A '패턴입니다':16A '편이':33B '햄스터':36B,40B '햄스터는':1A,9A,26B '확인하는':19A '활동':29B '활동량':42C '활동만':4A '활동을':18A '활발한':13A
10000000-0000-4000-8000-000000000014	hamster-wet-tail-warning	햄스터 설사는 작아 보여도 빠르게 악화될 수 있어요	햄스터는 체구가 작아 탈수 진행이 빠릅니다. 꼬리 주변이 젖거나 엉덩이 털이 더러워진 상태는 즉시 관찰 강도를 높여야 합니다.	햄스터 설사는 단순 변 상태 문제로 넘기기 어렵습니다.\n\n식욕 저하, 웅크림, 움직임 감소가 함께 보이면 빠른 진료가 필요할 수 있습니다. 간식이나 과일 급여가 많았다면 식단도 같이 점검하되, 지연 대응은 피하는 편이 안전합니다.	햄스터 설사는 탈수 위험이 커서 빠른 관찰과 진료 판단이 중요합니다.	health	{햄스터,설사,응급관찰}	{other}	{hamster,햄스터}	{설사,탈수,식욕저하,웻테일}	all	\N	\N	\N	published	t	95	140	2	\N	\N	\N	2026-03-08 19:17:14.272711+00	\N	\N	\N	\N	2026-03-15 19:17:14.272711+00	2026-03-15 19:17:14.272711+00	'hamster':40B 'health':46C '강도를':24A '관찰':23A '관찰과':33B '꼬리':15A '높여야':25A '더러워진':20A '보여도':4A '빠르게':5A '빠른':32B '빠릅니다':14A '상태는':21A '설사':38B,42C '설사는':2A,28B '수':7A '식욕저하':44C '악화될':6A '엉덩이':18A '웻테일':45C '위험이':30B '응급관찰':39B '있어요':8A '작아':3A,11A '젖거나':17A '주변이':16A '중요합니다':36B '즉시':22A '진료':34B '진행이':13A '체구가':10A '커서':31B '탈수':12A,29B,43C '털이':19A '판단이':35B '합니다':26A '햄스터':1A,27B,37B,41B '햄스터는':9A
10000000-0000-4000-8000-000000000015	hamster-handling-trust-build	햄스터 핸들링은 잡는 것보다 올라오게 만드는 방식이 안전합니다	햄스터는 위에서 갑자기 손이 내려오면 포식자 반응을 느끼기 쉽습니다. 손 위로 스스로 올라오게 하는 방식이 신뢰 형성에 더 유리합니다.	핸들링은 짧고 반복적으로 진행하는 것이 좋습니다.\n\n냄새를 익히고, 손바닥에 간식을 올려 접근하게 한 뒤, 짧게 들어 올리는 순서가 안전합니다. 잠든 햄스터를 깨워 만지는 행동은 물림과 스트레스를 모두 키울 수 있습니다.	햄스터 핸들링은 붙잡기보다 스스로 손 위로 올라오게 하는 방식이 안전합니다.	behavior	{햄스터,핸들링,신뢰형성}	{other}	{hamster,햄스터}	{핸들링,물림,적응,간식}	all	\N	\N	\N	published	t	86	150	1	\N	\N	\N	2026-03-09 19:17:14.272711+00	\N	\N	\N	\N	2026-03-15 19:17:14.272711+00	2026-03-15 19:17:14.272711+00	'behavior':47C 'hamster':41B '간식':46C '갑자기':11A '것보다':4A '내려오면':13A '느끼기':16A '더':26A '만드는':6A '물림':44C '반응을':15A '방식이':7A,23A,36B '붙잡기보다':30B '손':18A,32B '손이':12A '쉽습니다':17A '스스로':20A,31B '신뢰':24A '신뢰형성':40B '안전합니다':8A,37B '올라오게':5A,21A,34B '위로':19A,33B '위에서':10A '유리합니다':27A '잡는':3A '적응':45C '포식자':14A '하는':22A,35B '핸들링':39B,43C '핸들링은':2A,29B '햄스터':1A,28B,38B,42B '햄스터는':9A '형성에':25A
10000000-0000-4000-8000-000000000016	turtle-basking-temperature-balance	거북이는 물 온도와 바스킹 온도를 함께 맞춰야 합니다	거북이는 수온만 맞거나 바스킹 존만 뜨거워도 컨디션이 흔들릴 수 있습니다. 물과 육지의 온도 균형이 함께 맞아야 안정적입니다.	수생 거북이는 체온 조절을 환경에 의존합니다.\n\n바스킹 온도와 수온 차이가 너무 크면 먹이 반응과 활동성이 흔들릴 수 있습니다. UVB 조명과 열원은 각각 역할이 다르므로 하나로 대체되지 않는다는 점도 같이 기억해 주세요.	거북이는 수온과 바스킹 온도의 균형이 맞아야 식욕과 활동성이 안정적입니다.	environment	{거북이,바스킹,수온관리}	{other}	{turtle,거북이}	{바스킹,UVB,수온,조명}	all	\N	\N	\N	published	t	94	160	2	\N	\N	\N	2026-03-05 19:17:14.272711+00	\N	\N	\N	\N	2026-03-15 19:17:14.272711+00	2026-03-15 19:17:14.272711+00	'environment':44C 'turtle':38B 'uvb':41C '거북이':35B,39B '거북이는':1A,9A,26B '균형이':22A,30B '뜨거워도':14A '맞거나':11A '맞아야':24A,31B '맞춰야':7A '물':2A '물과':19A '바스킹':4A,12A,28B,36B,40C '수':17A '수온':42C '수온과':27B '수온관리':37B '수온만':10A '식욕과':32B '안정적입니다':25A,34B '온도':21A '온도를':5A '온도와':3A '온도의':29B '육지의':20A '있습니다':18A '조명':43C '존만':13A '컨디션이':15A '함께':6A,23A '합니다':8A '활동성이':33B '흔들릴':16A
10000000-0000-4000-8000-000000000017	turtle-shell-soft-warning	거북이 등갑이 평소보다 말랑하면 칼슘과 UVB 환경을 점검하세요	거북이 등갑 상태는 사육 환경의 균형을 잘 보여 줍니다. 성장기 개체에서 특히 칼슘, UVB, 식단의 균형이 중요합니다.	등갑이 말랑하거나 울퉁불퉁해 보이면 단순 성장으로 넘기지 않는 편이 좋습니다.\n\n칼슘 공급, UVB 노출, 바스킹 시간, 전체 식단 비율이 함께 영향을 줍니다. 조명은 켜져 있어도 실제 유효 기간이 지났을 수 있으므로 교체 주기도 같이 확인해야 합니다.	등갑 상태 변화는 칼슘, UVB, 식단 균형 문제를 함께 의심해야 합니다.	health	{거북이,등갑,칼슘관리}	{other}	{turtle,거북이}	{등갑,칼슘,UVB,성장}	all	\N	\N	\N	published	t	96	170	2	\N	\N	\N	2026-03-06 19:17:14.272711+00	\N	\N	\N	\N	2026-03-15 19:17:14.272711+00	2026-03-15 19:17:14.272711+00	'health':46C 'turtle':40B 'uvb':6A,22A,30B,44C '개체에서':19A '거북이':1A,9A,37B,41B '균형':32B '균형을':14A '균형이':24A '등갑':10A,26B,38B,42C '등갑이':2A '말랑하면':4A '문제를':33B '변화는':28B '보여':16A '사육':12A '상태':27B '상태는':11A '성장':45C '성장기':18A '식단':31B '식단의':23A '의심해야':35B '잘':15A '점검하세요':8A '줍니다':17A '중요합니다':25A '칼슘':21A,29B,43C '칼슘과':5A '칼슘관리':39B '특히':20A '평소보다':3A '함께':34B '합니다':36B '환경을':7A '환경의':13A
10000000-0000-4000-8000-000000000018	turtle-filter-maintenance	거북이 수조는 먹이 잔여물 때문에 여과 관리가 더 중요합니다	거북이는 수질 변화에 민감하면서도 먹이 잔여물과 배설로 물 오염이 빠르게 진행됩니다. 물이 맑아 보여도 수질이 안정적이라고 단정하기 어렵습니다.	거북이 수조는 어항보다 여과 부담이 큰 편입니다.\n\n먹이 급여 직후 남은 사료를 바로 제거하고, 부분 환수와 여과기 청소 주기를 분리해 관리해 주세요. 여과재를 한 번에 전부 교체하면 오히려 수질 균형이 흔들릴 수 있습니다.	거북이 수조는 물이 맑아 보여도 먹이 잔여물과 부분 환수 관리가 중요합니다.	daily-care	{거북이,수질관리,여과기}	{other}	{turtle,거북이}	{수질,여과기,부분환수,먹이}	all	\N	\N	\N	published	t	90	180	1	\N	\N	\N	2026-03-07 19:17:14.272711+00	\N	\N	\N	\N	2026-03-15 19:17:14.272711+00	2026-03-15 19:17:14.272711+00	'care':50C 'daily':49C 'daily-care':48C 'turtle':42B '거북이':1A,28B,39B,43B '거북이는':10A '관리가':7A,37B '단정하기':26A '더':8A '때문에':5A '맑아':22A,31B '먹이':3A,14A,33B,47C '물':17A '물이':21A,30B '민감하면서도':13A '배설로':16A '변화에':12A '보여도':23A,32B '부분':35B '부분환수':46C '빠르게':19A '수조는':2A,29B '수질':11A,44C '수질관리':40B '수질이':24A '안정적이라고':25A '어렵습니다':27A '여과':6A '여과기':41B,45C '오염이':18A '잔여물':4A '잔여물과':15A,34B '중요합니다':9A,38B '진행됩니다':20A '환수':36B
10000000-0000-4000-8000-000000000019	turtle-feeding-overgrowth	거북이는 과식이 성장 속도와 등갑 변형에 영향을 줄 수 있습니다	거북이는 먹이 반응이 좋아 보여도 적정량 이상 급여하면 성장 불균형과 비만 위험이 커질 수 있습니다. 특히 어린 개체일수록 급여 기준을 지키는 편이 안전합니다.	과식은 활동성이 좋아 보여서 놓치기 쉽습니다.\n\n종 특성에 맞는 사료와 채소 비율, 급여 빈도를 지키고, 남기는 먹이와 체형을 함께 봐야 합니다. 매번 반응이 좋다고 더 주는 습관은 장기적으로 건강을 해칠 수 있습니다.	거북이는 먹이 반응이 좋아도 적정량을 넘기지 않는 관리가 중요합니다.	nutrition	{거북이,과식주의,성장관리}	{other}	{turtle,거북이}	{과식,비만,성장,급여량}	all	\N	\N	\N	published	t	88	190	1	\N	\N	\N	2026-03-08 19:17:14.272711+00	\N	\N	\N	\N	2026-03-15 19:17:14.272711+00	2026-03-15 19:17:14.272711+00	'nutrition':52C 'turtle':46B '개체일수록':28A '거북이':43B,47B '거북이는':1A,11A,34B '과식':48C '과식이':2A '과식주의':44B '관리가':41B '급여':29A '급여량':51C '급여하면':18A '기준을':30A '넘기지':39B '등갑':5A '먹이':12A,35B '반응이':13A,36B '변형에':6A '보여도':15A '불균형과':20A '비만':21A,49C '성장':3A,19A,50C '성장관리':45B '속도와':4A '수':9A,24A '안전합니다':33A '않는':40B '어린':27A '영향을':7A '위험이':22A '이상':17A '있습니다':10A,25A '적정량':16A '적정량을':38B '좋아':14A '좋아도':37B '줄':8A '중요합니다':42B '지키는':31A '커질':23A '특히':26A '편이':32A
10000000-0000-4000-8000-000000000020	turtle-appetite-temperature-link	거북이가 갑자기 안 먹으면 온도와 UVB부터 같이 확인하세요	거북이는 식욕 저하가 있을 때 질환만이 아니라 온도, 조명, 계절 변화도 함께 영향을 줄 수 있습니다. 환경 점검이 기본입니다.	거북이는 환경 조건이 조금만 흔들려도 식욕이 줄 수 있습니다.\n\n수온, 바스킹 온도, UVB 상태, 최근 환수나 배치 변화가 있었는지 먼저 확인해 주세요. 식욕 저하가 길어지거나 눈, 코, 호흡 증상이 같이 보이면 진료 우선으로 판단하는 편이 안전합니다.	거북이 식욕 저하는 질환뿐 아니라 온도와 UVB 변화도 함께 확인해야 합니다.	health	{거북이,식욕저하,환경점검}	{other}	{turtle,거북이}	{식욕저하,수온,UVB,바스킹}	all	\N	\N	\N	published	t	93	200	2	\N	\N	\N	2026-03-09 19:17:14.272711+00	\N	\N	\N	\N	2026-03-15 19:17:14.272711+00	2026-03-15 19:17:14.272711+00	'health':48C 'turtle':42B 'uvb':34B,46C 'uvb부터':6A '갑자기':2A '같이':7A '거북이':28B,39B,43B '거북이가':1A '거북이는':9A '계절':18A '기본입니다':27A '때':13A '먹으면':4A '바스킹':47C '변화도':19A,35B '수':23A '수온':45C '식욕':10A,29B '식욕저하':40B,44C '아니라':15A,32B '안':3A '영향을':21A '온도':16A '온도와':5A,33B '있습니다':24A '있을':12A '저하가':11A '저하는':30B '점검이':26A '조명':17A '줄':22A '질환만이':14A '질환뿐':31B '함께':20A,36B '합니다':38B '확인하세요':8A '확인해야':37B '환경':25A '환경점검':41B
10000000-0000-4000-8000-000000000021	rabbit-hay-priority-diet	토끼 식단은 펠렛보다 건초가 중심이어야 합니다	토끼는 위장이 계속 움직여야 하는 동물이라 건초 섭취가 식이섬유와 치아 마모, 장운동 유지에 핵심입니다. 간식과 펠렛이 주식이 되면 문제가 생기기 쉽습니다.	토끼는 건초를 충분히 먹지 않으면 배변량과 활동성이 함께 흔들릴 수 있습니다.\n\n건초는 항상 접근 가능해야 하고, 펠렛은 보조 역할로 제한하는 편이 좋습니다. 채소도 갑자기 많이 바꾸기보다 소량씩 반응을 보며 늘려 주세요.	토끼 식단은 항상 건초 중심이어야 하며 펠렛과 간식은 보조로 보는 편이 안전합니다.	nutrition	{토끼,건초,장건강}	{other}	{rabbit,토끼}	{건초,펠렛,식이섬유,장운동}	all	\N	\N	\N	published	t	96	210	2	\N	\N	\N	2026-03-05 19:17:14.272711+00	\N	\N	\N	\N	2026-03-15 19:17:14.272711+00	2026-03-15 19:17:14.272711+00	'nutrition':49C 'rabbit':43B '간식과':21A '간식은':35B '건초':13A,31B,41B,45C '건초가':4A '계속':9A '동물이라':12A '되면':24A '마모':17A '문제가':25A '보는':37B '보조로':36B '생기기':26A '섭취가':14A '쉽습니다':27A '식단은':2A,29B '식이섬유':47C '식이섬유와':15A '안전합니다':39B '움직여야':10A '위장이':8A '유지에':19A '장건강':42B '장운동':18A,48C '주식이':23A '중심이어야':5A,32B '치아':16A '토끼':1A,28B,40B,44B '토끼는':7A '펠렛':46C '펠렛과':34B '펠렛보다':3A '펠렛이':22A '편이':38B '하는':11A '하며':33B '합니다':6A '항상':30B '핵심입니다':20A
10000000-0000-4000-8000-000000000022	rabbit-no-poop-warning	토끼는 배변량이 줄면 바로 관찰 강도를 높여야 합니다	토끼는 장운동 저하가 빠르게 악화될 수 있어 먹는 양과 배변량 감소를 가볍게 보면 안 됩니다. 작은 변화라도 빠르게 보수적으로 보는 편이 안전합니다.	토끼는 하루 배변량과 배변 모양이 매우 중요한 건강 지표입니다.\n\n배변이 작아지거나 줄고, 식욕이 같이 떨어지면 장운동 저하 가능성을 고려해야 합니다. 통증, 스트레스, 탈수, 치과 문제도 원인이 될 수 있어 지연 대응은 피하는 편이 좋습니다.	토끼는 배변량 감소와 식욕 저하가 함께 보이면 빠르게 대응해야 합니다.	health	{토끼,배변감소,응급관찰}	{other}	{rabbit,토끼}	{배변,장운동,식욕저하,응급}	all	\N	\N	\N	published	t	97	220	2	\N	\N	\N	2026-03-06 19:17:14.272711+00	\N	\N	\N	\N	2026-03-15 19:17:14.272711+00	2026-03-15 19:17:14.272711+00	'health':50C 'rabbit':44B '가볍게':20A '감소를':19A '감소와':33B '강도를':6A '관찰':5A '높여야':7A '대응해야':39B '됩니다':23A '먹는':16A '바로':4A '배변':46C '배변감소':42B '배변량':18A,32B '배변량이':2A '변화라도':25A '보는':28A '보면':21A '보수적으로':27A '보이면':37B '빠르게':12A,26A,38B '수':14A '식욕':34B '식욕저하':48C '악화될':13A '안':22A '안전합니다':30A '양과':17A '응급':49C '응급관찰':43B '있어':15A '작은':24A '장운동':10A,47C '저하가':11A,35B '줄면':3A '토끼':41B,45B '토끼는':1A,9A,31B '편이':29A '함께':36B '합니다':8A,40B
10000000-0000-4000-8000-000000000023	rabbit-floor-traction	토끼 생활 공간은 미끄럽지 않은 바닥이 중요합니다	토끼는 미끄러운 바닥에서 뒷다리에 부담을 크게 받습니다. 활동량이 줄어 보인다면 성격보다 환경 마찰력을 먼저 점검하는 편이 좋습니다.	토끼는 점프와 방향 전환이 잦아 바닥 재질 영향을 크게 받습니다.\n\n매끈한 장판이나 타일 위에서는 자신감이 떨어지고 미끄러질 위험이 커집니다. 생활 동선과 휴식 공간 주변에는 러그나 미끄럼 방지 매트를 부분적으로 깔아 주면 움직임이 안정됩니다.	토끼는 미끄럽지 않은 바닥 환경이 있어야 자연스러운 이동과 점프를 유지할 수 있습니다.	environment	{토끼,바닥환경,미끄럼방지}	{other}	{rabbit,토끼}	{미끄럼,뒷다리,매트,환경}	all	\N	\N	\N	published	t	90	230	1	\N	\N	\N	2026-03-07 19:17:14.272711+00	\N	\N	\N	\N	2026-03-15 19:17:14.272711+00	2026-03-15 19:17:14.272711+00	'environment':46C 'rabbit':40B '공간은':3A '뒷다리':43C '뒷다리에':11A '마찰력을':20A '매트':44C '먼저':21A '미끄러운':9A '미끄럼':42C '미끄럼방지':39B '미끄럽지':4A,26B '바닥':28B '바닥에서':10A '바닥이':6A '바닥환경':38B '받습니다':14A '보인다면':17A '부담을':12A '생활':2A '성격보다':18A '수':35B '않은':5A,27B '유지할':34B '이동과':32B '있습니다':36B '있어야':30B '자연스러운':31B '점검하는':22A '점프를':33B '좋습니다':24A '줄어':16A '중요합니다':7A '크게':13A '토끼':1A,37B,41B '토끼는':8A,25B '편이':23A '환경':19A,45C '환경이':29B '활동량이':15A
10000000-0000-4000-8000-000000000024	rabbit-teeth-check-food-drop	토끼가 먹다 자꾸 떨어뜨리면 치아 문제 가능성도 봐야 합니다	토끼는 치아가 계속 자라므로 씹는 방식 변화가 곧바로 치아 관리 신호가 될 수 있습니다. 먹는 양만 보지 말고 먹는 방식도 같이 봐야 합니다.	먹이를 집었다 놓치거나 한쪽으로만 씹는 패턴은 치아 불편을 의심할 수 있습니다.\n\n건초 섭취가 줄고, 침이 많아 보이거나 턱 주변이 젖는 변화가 있으면 더 주의해 주세요. 치아 문제는 늦게 발견할수록 식욕과 체중에 크게 영향을 줄 수 있습니다.	토끼는 먹는 양뿐 아니라 먹는 방식 변화가 치아 문제 신호가 될 수 있습니다.	health	{토끼,치아관리,식사관찰}	{other}	{rabbit,토끼}	{치아,건초,씹기,식사변화}	all	\N	\N	\N	published	t	92	240	1	\N	\N	\N	2026-03-08 19:17:14.272711+00	\N	\N	\N	\N	2026-03-15 19:17:14.272711+00	2026-03-15 19:17:14.272711+00	'health':55C 'rabbit':49B '가능성도':7A '같이':30A '건초':52C '계속':12A '곧바로':17A '관리':19A '될':21A,43B '떨어뜨리면':4A '말고':27A '먹는':24A,28A,34B,37B '먹다':2A '문제':6A,41B '방식':15A,38B '방식도':29A '변화가':16A,39B '보지':26A '봐야':8A,31A '수':22A,44B '식사관찰':48B '식사변화':54C '신호가':20A,42B '씹기':53C '씹는':14A '아니라':36B '양만':25A '양뿐':35B '있습니다':23A,45B '자꾸':3A '자라므로':13A '치아':5A,18A,40B,51C '치아가':11A '치아관리':47B '토끼':46B,50B '토끼가':1A '토끼는':10A,33B '합니다':9A,32A
10000000-0000-4000-8000-000000000025	rabbit-hideout-stress-control	토끼는 도망 공간이 있어야 안정적으로 생활합니다	토끼는 개방된 공간만 있으면 오히려 긴장하기 쉽습니다. 숨을 수 있는 하우스와 시야 차단 공간이 있어야 경계심이 줄어듭니다.	토끼는 포식자 회피 본능이 강해서 안정감 있는 은신처가 중요합니다.\n\n하우스가 하나뿐이면 다묘나 복수 개체 환경에서 경쟁이 생길 수 있습니다. 쉬는 곳, 먹는 곳, 화장실 동선이 서로 지나치게 겹치지 않도록 구성하면 스트레스 관리에 도움이 됩니다.	토끼는 숨을 수 있는 공간이 충분해야 경계심이 줄고 생활 안정감이 높아집니다.	behavior	{토끼,은신처,스트레스관리}	{other}	{rabbit,토끼}	{은신처,도망공간,스트레스,생활환경}	all	\N	\N	\N	published	t	89	250	1	\N	\N	\N	2026-03-09 19:17:14.272711+00	\N	\N	\N	\N	2026-03-15 19:17:14.272711+00	2026-03-15 19:17:14.272711+00	'behavior':44C 'rabbit':38B '개방된':8A '경계심이':22A,30B '공간만':9A '공간이':3A,20A,28B '긴장하기':12A '높아집니다':34B '도망':2A '도망공간':41C '생활':32B '생활합니다':6A '생활환경':43C '수':15A,26B '숨을':14A,25B '쉽습니다':13A '스트레스':42C '스트레스관리':37B '시야':18A '안정감이':33B '안정적으로':5A '오히려':11A '은신처':36B,40C '있는':16A,27B '있어야':4A,21A '있으면':10A '줄고':31B '줄어듭니다':23A '차단':19A '충분해야':29B '토끼':35B,39B '토끼는':1A,7A,24B '하우스와':17A
\.


--
-- Data for Name: pet_care_guide_events; Type: TABLE DATA; Schema: public; Owner: postgres
--

COPY "public"."pet_care_guide_events" ("id", "user_id", "pet_id", "guide_id", "event_type", "placement", "rotation_window_key", "search_query", "context_species_group", "context_species_detail_key", "context_age_in_months", "occurred_at", "metadata") FROM stdin;
3bd4030e-b226-43b6-b7cc-af61710c295f	1e64edc9-219c-4ef8-b45c-350a31b8d85f	76055c36-5f66-4842-a1f3-a0310c41bc4b	11111111-1111-4111-8111-111111111111	home_impression	logged-in-home	20527	\N	other	\N	172	2026-03-15 17:13:07.430212+00	{}
d5bf3826-ce7c-49ec-a979-ea6c4694edf5	1e64edc9-219c-4ef8-b45c-350a31b8d85f	76055c36-5f66-4842-a1f3-a0310c41bc4b	33333333-3333-4333-8333-333333333333	home_impression	logged-in-home	20527	\N	other	\N	172	2026-03-15 17:13:07.430212+00	{}
b12bd497-be61-46c3-95ff-3213cb91a5c1	1e64edc9-219c-4ef8-b45c-350a31b8d85f	76055c36-5f66-4842-a1f3-a0310c41bc4b	11111111-1111-4111-8111-111111111111	list_click	guide-list	\N	수분	other	\N	172	2026-03-15 17:13:28.072941+00	{}
25b40377-a657-4d90-82fe-1f662cf68179	1e64edc9-219c-4ef8-b45c-350a31b8d85f	76055c36-5f66-4842-a1f3-a0310c41bc4b	11111111-1111-4111-8111-111111111111	detail_view	guide-detail	\N	\N	other	\N	172	2026-03-15 17:13:28.257092+00	{}
470f3cb0-9a77-4410-b463-c2cd0ff442e5	1e64edc9-219c-4ef8-b45c-350a31b8d85f	76055c36-5f66-4842-a1f3-a0310c41bc4b	11111111-1111-4111-8111-111111111111	home_impression	logged-in-home	20527	\N	other	\N	172	2026-03-15 17:24:25.202788+00	{}
d84dfaaa-2c5c-4457-81ab-66494130151b	1e64edc9-219c-4ef8-b45c-350a31b8d85f	76055c36-5f66-4842-a1f3-a0310c41bc4b	33333333-3333-4333-8333-333333333333	home_impression	logged-in-home	20527	\N	other	\N	172	2026-03-15 17:24:25.202788+00	{}
bb6facd4-c189-47a8-abe4-5d1a6e36759c	1e64edc9-219c-4ef8-b45c-350a31b8d85f	76055c36-5f66-4842-a1f3-a0310c41bc4b	11111111-1111-4111-8111-111111111111	detail_view	guide-detail	\N	\N	other	\N	172	2026-03-15 17:27:44.269544+00	{}
ba982147-ef5d-459c-ba2a-be952e212358	1e64edc9-219c-4ef8-b45c-350a31b8d85f	76055c36-5f66-4842-a1f3-a0310c41bc4b	11111111-1111-4111-8111-111111111111	list_click	guide-list	\N	기본루틴	other	\N	172	2026-03-15 17:27:44.29934+00	{}
3e5dd3cc-7e95-4ade-b35d-6aee55ace6ce	1e64edc9-219c-4ef8-b45c-350a31b8d85f	76055c36-5f66-4842-a1f3-a0310c41bc4b	11111111-1111-4111-8111-111111111111	list_click	guide-list	\N	기본루틴	other	\N	172	2026-03-15 17:27:47.922038+00	{}
1f050275-7d9d-4403-a80a-15b06f0b1dd2	1e64edc9-219c-4ef8-b45c-350a31b8d85f	76055c36-5f66-4842-a1f3-a0310c41bc4b	11111111-1111-4111-8111-111111111111	detail_view	guide-detail	\N	\N	other	\N	172	2026-03-15 17:27:47.934781+00	{}
c0de4f40-819b-4f1e-89fc-4e96d19a79e6	1e64edc9-219c-4ef8-b45c-350a31b8d85f	76055c36-5f66-4842-a1f3-a0310c41bc4b	11111111-1111-4111-8111-111111111111	home_impression	logged-in-home	20527	\N	other	\N	172	2026-03-15 18:33:11.177459+00	{}
c2f48af6-47b7-485a-bb51-3e25dcd32375	1e64edc9-219c-4ef8-b45c-350a31b8d85f	76055c36-5f66-4842-a1f3-a0310c41bc4b	33333333-3333-4333-8333-333333333333	home_impression	logged-in-home	20527	\N	other	\N	172	2026-03-15 18:33:11.177459+00	{}
b3636a47-2a55-4370-9d9f-b18a5147336e	1e64edc9-219c-4ef8-b45c-350a31b8d85f	76055c36-5f66-4842-a1f3-a0310c41bc4b	f91b7e37-1932-42c2-9c84-43f274ca077b	list_click	guide-list	\N	\N	other	\N	172	2026-03-15 18:33:18.460631+00	{}
40bcaf04-37a9-483e-88da-b62206f3c1d2	1e64edc9-219c-4ef8-b45c-350a31b8d85f	76055c36-5f66-4842-a1f3-a0310c41bc4b	f91b7e37-1932-42c2-9c84-43f274ca077b	detail_view	guide-detail	\N	\N	other	\N	172	2026-03-15 18:33:18.687985+00	{}
f24f216b-ca10-4835-8386-8b8bdc2d3d56	1e64edc9-219c-4ef8-b45c-350a31b8d85f	76055c36-5f66-4842-a1f3-a0310c41bc4b	11111111-1111-4111-8111-111111111111	home_impression	logged-in-home	20527	\N	other	\N	172	2026-03-15 19:08:11.500615+00	{}
35d0dedf-5150-4023-9a16-f0e7b61641c7	1e64edc9-219c-4ef8-b45c-350a31b8d85f	76055c36-5f66-4842-a1f3-a0310c41bc4b	33333333-3333-4333-8333-333333333333	home_impression	logged-in-home	20527	\N	other	\N	172	2026-03-15 19:08:11.500615+00	{}
5292e50c-ef76-4a49-adf1-e249c273407f	1e64edc9-219c-4ef8-b45c-350a31b8d85f	76055c36-5f66-4842-a1f3-a0310c41bc4b	11111111-1111-4111-8111-111111111111	home_impression	logged-in-home	20527	\N	other	\N	172	2026-03-15 19:17:30.838819+00	{}
b5b2b060-617c-49dc-b334-eba2f054781b	1e64edc9-219c-4ef8-b45c-350a31b8d85f	76055c36-5f66-4842-a1f3-a0310c41bc4b	33333333-3333-4333-8333-333333333333	home_impression	logged-in-home	20527	\N	other	\N	172	2026-03-15 19:17:30.838819+00	{}
8109aa51-2dbb-438f-96f2-23572f7ace6d	1e64edc9-219c-4ef8-b45c-350a31b8d85f	76055c36-5f66-4842-a1f3-a0310c41bc4b	10000000-0000-4000-8000-000000000011	list_click	guide-list	\N	\N	other	\N	172	2026-03-15 19:18:06.274124+00	{}
677140bd-dd75-4574-b82e-9163435a2d8c	1e64edc9-219c-4ef8-b45c-350a31b8d85f	76055c36-5f66-4842-a1f3-a0310c41bc4b	10000000-0000-4000-8000-000000000011	detail_view	guide-detail	\N	\N	other	\N	172	2026-03-15 19:18:06.488794+00	{}
b69f80ad-4c52-4e95-98bf-229ed3d7ba14	1e64edc9-219c-4ef8-b45c-350a31b8d85f	\N	11111111-1111-4111-8111-111111111111	home_impression	logged-in-home	20527	\N	\N	\N	\N	2026-03-15 19:45:19.20763+00	{}
160c135c-3543-4925-90ca-42eea64a6a6a	1e64edc9-219c-4ef8-b45c-350a31b8d85f	\N	33333333-3333-4333-8333-333333333333	home_impression	logged-in-home	20527	\N	\N	\N	\N	2026-03-15 19:45:19.20763+00	{}
3ca50023-3936-45e1-9deb-83719ddc4a36	1e64edc9-219c-4ef8-b45c-350a31b8d85f	76055c36-5f66-4842-a1f3-a0310c41bc4b	11111111-1111-4111-8111-111111111111	home_impression	logged-in-home	20527	\N	other	\N	172	2026-03-15 19:45:19.43004+00	{}
e954b132-f030-4311-975e-5559eed66c12	1e64edc9-219c-4ef8-b45c-350a31b8d85f	76055c36-5f66-4842-a1f3-a0310c41bc4b	33333333-3333-4333-8333-333333333333	home_impression	logged-in-home	20527	\N	other	\N	172	2026-03-15 19:45:19.43004+00	{}
cee1e3b5-4a03-4766-88be-20a0ab756e6c	1e64edc9-219c-4ef8-b45c-350a31b8d85f	76055c36-5f66-4842-a1f3-a0310c41bc4b	11111111-1111-4111-8111-111111111111	home_impression	logged-in-home	20527	\N	other	\N	172	2026-03-15 19:55:42.991574+00	{}
d88bfcb4-6755-4874-af20-015e0c00245c	1e64edc9-219c-4ef8-b45c-350a31b8d85f	76055c36-5f66-4842-a1f3-a0310c41bc4b	33333333-3333-4333-8333-333333333333	home_impression	logged-in-home	20527	\N	other	\N	172	2026-03-15 19:55:42.991574+00	{}
6a80394e-0b07-4240-9885-812abb75042e	1e64edc9-219c-4ef8-b45c-350a31b8d85f	76055c36-5f66-4842-a1f3-a0310c41bc4b	10000000-0000-4000-8000-000000000002	home_impression	logged-in-home	20527	\N	dog	말티즈	172	2026-03-15 20:42:55.033768+00	{"source": "home-recommendation", "resultRank": null, "queryLength": 0, "hasBirthDate": true, "searchSource": null, "seasonBucket": "spring", "guideCategory": "nutrition", "guidePriority": 89, "isMemorialPet": false, "guideSortOrder": 20, "strategyVersion": "guide-personalization-v3", "guideAgePolicyType": "all", "guideTargetSpecies": ["dog"], "guideRotationWeight": 1, "petSpeciesDisplayName": "말티즈", "petRepresentativeLabel": "강아지", "guideAgePolicyLifeStage": null, "petRepresentativeSpecies": "dog"}
7637097a-0ebb-497c-898c-772ee723165a	1e64edc9-219c-4ef8-b45c-350a31b8d85f	76055c36-5f66-4842-a1f3-a0310c41bc4b	11111111-1111-4111-8111-111111111111	home_impression	logged-in-home	20527	\N	dog	말티즈	172	2026-03-15 20:42:55.033768+00	{"source": "home-recommendation", "resultRank": null, "queryLength": 0, "hasBirthDate": true, "searchSource": null, "seasonBucket": "spring", "guideCategory": "daily-care", "guidePriority": 90, "isMemorialPet": false, "guideSortOrder": 10, "strategyVersion": "guide-personalization-v3", "guideAgePolicyType": "all", "guideTargetSpecies": ["common"], "guideRotationWeight": 1, "petSpeciesDisplayName": "말티즈", "petRepresentativeLabel": "강아지", "guideAgePolicyLifeStage": null, "petRepresentativeSpecies": "dog"}
6b0d07af-1e23-4af7-8c55-c4ce09b422d2	1e64edc9-219c-4ef8-b45c-350a31b8d85f	76055c36-5f66-4842-a1f3-a0310c41bc4b	10000000-0000-4000-8000-000000000002	home_impression	logged-in-home	20527	\N	dog	말티즈	172	2026-03-15 20:49:24.546036+00	{"source": "home-recommendation", "resultRank": null, "queryLength": 0, "hasBirthDate": true, "searchSource": null, "seasonBucket": "spring", "guideCategory": "nutrition", "guidePriority": 89, "isMemorialPet": false, "guideSortOrder": 20, "strategyVersion": "guide-personalization-v3", "guideAgePolicyType": "all", "guideTargetSpecies": ["dog"], "guideRotationWeight": 1, "petSpeciesDisplayName": "말티즈", "petRepresentativeLabel": "강아지", "guideAgePolicyLifeStage": null, "petRepresentativeSpecies": "dog"}
57730b3c-716b-41ef-9219-a50d9a804258	1e64edc9-219c-4ef8-b45c-350a31b8d85f	76055c36-5f66-4842-a1f3-a0310c41bc4b	11111111-1111-4111-8111-111111111111	home_impression	logged-in-home	20527	\N	dog	말티즈	172	2026-03-15 20:49:24.546036+00	{"source": "home-recommendation", "resultRank": null, "queryLength": 0, "hasBirthDate": true, "searchSource": null, "seasonBucket": "spring", "guideCategory": "daily-care", "guidePriority": 90, "isMemorialPet": false, "guideSortOrder": 10, "strategyVersion": "guide-personalization-v3", "guideAgePolicyType": "all", "guideTargetSpecies": ["common"], "guideRotationWeight": 1, "petSpeciesDisplayName": "말티즈", "petRepresentativeLabel": "강아지", "guideAgePolicyLifeStage": null, "petRepresentativeSpecies": "dog"}
a67876bf-a8c3-4685-9018-4163764680d8	1e64edc9-219c-4ef8-b45c-350a31b8d85f	76055c36-5f66-4842-a1f3-a0310c41bc4b	10000000-0000-4000-8000-000000000002	home_impression	logged-in-home	20527	\N	cat	고양이	172	2026-03-15 20:49:49.83812+00	{"source": "home-recommendation", "resultRank": null, "queryLength": 0, "hasBirthDate": true, "searchSource": null, "seasonBucket": "spring", "guideCategory": "nutrition", "guidePriority": 89, "isMemorialPet": false, "guideSortOrder": 20, "strategyVersion": "guide-personalization-v3", "guideAgePolicyType": "all", "guideTargetSpecies": ["dog"], "guideRotationWeight": 1, "petSpeciesDisplayName": "고양이", "petRepresentativeLabel": "고양이", "guideAgePolicyLifeStage": null, "petRepresentativeSpecies": "cat"}
f2a91a69-b343-4aa4-8de1-bfdeedf7d1ce	1e64edc9-219c-4ef8-b45c-350a31b8d85f	76055c36-5f66-4842-a1f3-a0310c41bc4b	11111111-1111-4111-8111-111111111111	home_impression	logged-in-home	20527	\N	cat	고양이	172	2026-03-15 20:49:49.83812+00	{"source": "home-recommendation", "resultRank": null, "queryLength": 0, "hasBirthDate": true, "searchSource": null, "seasonBucket": "spring", "guideCategory": "daily-care", "guidePriority": 90, "isMemorialPet": false, "guideSortOrder": 10, "strategyVersion": "guide-personalization-v3", "guideAgePolicyType": "all", "guideTargetSpecies": ["common"], "guideRotationWeight": 1, "petSpeciesDisplayName": "고양이", "petRepresentativeLabel": "고양이", "guideAgePolicyLifeStage": null, "petRepresentativeSpecies": "cat"}
84417326-5af0-4171-bb05-c7f43fc0609f	1e64edc9-219c-4ef8-b45c-350a31b8d85f	76055c36-5f66-4842-a1f3-a0310c41bc4b	33333333-3333-4333-8333-333333333333	home_impression	logged-in-home	20527	\N	cat	고양이	172	2026-03-15 20:51:18.293111+00	{"source": "home-recommendation", "resultRank": null, "queryLength": 0, "hasBirthDate": true, "searchSource": null, "seasonBucket": "spring", "guideCategory": "environment", "guidePriority": 90, "isMemorialPet": false, "guideSortOrder": 50, "strategyVersion": "guide-personalization-v3", "guideAgePolicyType": "all", "guideTargetSpecies": ["cat"], "guideRotationWeight": 1, "petSpeciesDisplayName": "고양이", "petRepresentativeLabel": "고양이", "guideAgePolicyLifeStage": null, "petRepresentativeSpecies": "cat"}
93b07bdf-f213-4359-bf7b-60783ad131ef	1e64edc9-219c-4ef8-b45c-350a31b8d85f	76055c36-5f66-4842-a1f3-a0310c41bc4b	11111111-1111-4111-8111-111111111111	home_impression	logged-in-home	20527	\N	cat	고양이	172	2026-03-15 20:51:18.293111+00	{"source": "home-recommendation", "resultRank": null, "queryLength": 0, "hasBirthDate": true, "searchSource": null, "seasonBucket": "spring", "guideCategory": "daily-care", "guidePriority": 90, "isMemorialPet": false, "guideSortOrder": 10, "strategyVersion": "guide-personalization-v3", "guideAgePolicyType": "all", "guideTargetSpecies": ["common"], "guideRotationWeight": 1, "petSpeciesDisplayName": "고양이", "petRepresentativeLabel": "고양이", "guideAgePolicyLifeStage": null, "petRepresentativeSpecies": "cat"}
38775ff1-35f7-432c-a5e8-3ec361610096	1e64edc9-219c-4ef8-b45c-350a31b8d85f	76055c36-5f66-4842-a1f3-a0310c41bc4b	33333333-3333-4333-8333-333333333333	home_impression	logged-in-home	20527	\N	cat	고양이	172	2026-03-15 20:59:07.708138+00	{"source": "home-recommendation", "resultRank": null, "queryLength": 0, "hasBirthDate": true, "searchSource": null, "seasonBucket": "spring", "guideCategory": "environment", "guidePriority": 90, "isMemorialPet": false, "guideSortOrder": 50, "strategyVersion": "guide-personalization-v3", "guideAgePolicyType": "all", "guideTargetSpecies": ["cat"], "guideRotationWeight": 1, "petSpeciesDisplayName": "고양이", "petRepresentativeLabel": "고양이", "guideAgePolicyLifeStage": null, "petRepresentativeSpecies": "cat"}
82f4e8bb-6d9b-439c-956e-6743c837a865	1e64edc9-219c-4ef8-b45c-350a31b8d85f	76055c36-5f66-4842-a1f3-a0310c41bc4b	11111111-1111-4111-8111-111111111111	home_impression	logged-in-home	20527	\N	cat	고양이	172	2026-03-15 20:59:07.708138+00	{"source": "home-recommendation", "resultRank": null, "queryLength": 0, "hasBirthDate": true, "searchSource": null, "seasonBucket": "spring", "guideCategory": "daily-care", "guidePriority": 90, "isMemorialPet": false, "guideSortOrder": 10, "strategyVersion": "guide-personalization-v3", "guideAgePolicyType": "all", "guideTargetSpecies": ["common"], "guideRotationWeight": 1, "petSpeciesDisplayName": "고양이", "petRepresentativeLabel": "고양이", "guideAgePolicyLifeStage": null, "petRepresentativeSpecies": "cat"}
95392e34-7139-4d3f-b6d3-baebe4f0057d	1e64edc9-219c-4ef8-b45c-350a31b8d85f	76055c36-5f66-4842-a1f3-a0310c41bc4b	33333333-3333-4333-8333-333333333333	home_impression	logged-in-home	20527	\N	cat	고양이	172	2026-03-15 20:59:19.038884+00	{"source": "home-recommendation", "resultRank": null, "queryLength": 0, "hasBirthDate": true, "searchSource": null, "seasonBucket": "spring", "guideCategory": "environment", "guidePriority": 90, "isMemorialPet": false, "guideSortOrder": 50, "strategyVersion": "guide-personalization-v3", "guideAgePolicyType": "all", "guideTargetSpecies": ["cat"], "guideRotationWeight": 1, "petSpeciesDisplayName": "고양이", "petRepresentativeLabel": "고양이", "guideAgePolicyLifeStage": null, "petRepresentativeSpecies": "cat"}
7545e2c0-0eae-4ddf-96d0-38697e1bcbeb	1e64edc9-219c-4ef8-b45c-350a31b8d85f	76055c36-5f66-4842-a1f3-a0310c41bc4b	11111111-1111-4111-8111-111111111111	home_impression	logged-in-home	20527	\N	cat	고양이	172	2026-03-15 20:59:19.038884+00	{"source": "home-recommendation", "resultRank": null, "queryLength": 0, "hasBirthDate": true, "searchSource": null, "seasonBucket": "spring", "guideCategory": "daily-care", "guidePriority": 90, "isMemorialPet": false, "guideSortOrder": 10, "strategyVersion": "guide-personalization-v3", "guideAgePolicyType": "all", "guideTargetSpecies": ["common"], "guideRotationWeight": 1, "petSpeciesDisplayName": "고양이", "petRepresentativeLabel": "고양이", "guideAgePolicyLifeStage": null, "petRepresentativeSpecies": "cat"}
eb050540-afa0-4cbc-9d08-f3544136b740	1e64edc9-219c-4ef8-b45c-350a31b8d85f	76055c36-5f66-4842-a1f3-a0310c41bc4b	10000000-0000-4000-8000-000000000003	home_impression	logged-in-home	20527	\N	dog	푸들	172	2026-03-15 21:00:40.383599+00	{"source": "home-recommendation", "resultRank": null, "queryLength": 0, "hasBirthDate": true, "searchSource": null, "seasonBucket": "spring", "guideCategory": "daily-care", "guidePriority": 94, "isMemorialPet": false, "guideSortOrder": 30, "strategyVersion": "guide-personalization-v3", "guideAgePolicyType": "lifeStage", "guideTargetSpecies": ["dog"], "guideRotationWeight": 2, "petSpeciesDisplayName": "푸들", "petRepresentativeLabel": "강아지", "guideAgePolicyLifeStage": "senior", "petRepresentativeSpecies": "dog"}
59a9aaf9-d89c-47fe-a651-e02bec676e41	1e64edc9-219c-4ef8-b45c-350a31b8d85f	76055c36-5f66-4842-a1f3-a0310c41bc4b	11111111-1111-4111-8111-111111111111	home_impression	logged-in-home	20527	\N	dog	푸들	172	2026-03-15 21:00:40.383599+00	{"source": "home-recommendation", "resultRank": null, "queryLength": 0, "hasBirthDate": true, "searchSource": null, "seasonBucket": "spring", "guideCategory": "daily-care", "guidePriority": 90, "isMemorialPet": false, "guideSortOrder": 10, "strategyVersion": "guide-personalization-v3", "guideAgePolicyType": "all", "guideTargetSpecies": ["common"], "guideRotationWeight": 1, "petSpeciesDisplayName": "푸들", "petRepresentativeLabel": "강아지", "guideAgePolicyLifeStage": null, "petRepresentativeSpecies": "dog"}
8c5620d4-117a-4571-b64b-0508715eb31d	1e64edc9-219c-4ef8-b45c-350a31b8d85f	76055c36-5f66-4842-a1f3-a0310c41bc4b	10000000-0000-4000-8000-000000000003	home_impression	logged-in-home	20527	\N	dog	푸들	172	2026-03-15 21:00:41.37656+00	{"source": "home-recommendation", "resultRank": null, "queryLength": 0, "hasBirthDate": true, "searchSource": null, "seasonBucket": "spring", "guideCategory": "daily-care", "guidePriority": 94, "isMemorialPet": false, "guideSortOrder": 30, "strategyVersion": "guide-personalization-v3", "guideAgePolicyType": "lifeStage", "guideTargetSpecies": ["dog"], "guideRotationWeight": 2, "petSpeciesDisplayName": "푸들", "petRepresentativeLabel": "강아지", "guideAgePolicyLifeStage": "senior", "petRepresentativeSpecies": "dog"}
09c1d0cf-907f-49c2-8962-4224ba46453a	1e64edc9-219c-4ef8-b45c-350a31b8d85f	76055c36-5f66-4842-a1f3-a0310c41bc4b	11111111-1111-4111-8111-111111111111	home_impression	logged-in-home	20527	\N	dog	푸들	172	2026-03-15 21:00:41.37656+00	{"source": "home-recommendation", "resultRank": null, "queryLength": 0, "hasBirthDate": true, "searchSource": null, "seasonBucket": "spring", "guideCategory": "daily-care", "guidePriority": 90, "isMemorialPet": false, "guideSortOrder": 10, "strategyVersion": "guide-personalization-v3", "guideAgePolicyType": "all", "guideTargetSpecies": ["common"], "guideRotationWeight": 1, "petSpeciesDisplayName": "푸들", "petRepresentativeLabel": "강아지", "guideAgePolicyLifeStage": null, "petRepresentativeSpecies": "dog"}
5a7e8f4d-2ae9-4ec6-a596-09681856422f	1e64edc9-219c-4ef8-b45c-350a31b8d85f	76055c36-5f66-4842-a1f3-a0310c41bc4b	10000000-0000-4000-8000-000000000002	home_impression	logged-in-home	20527	\N	dog	말티즈	172	2026-03-15 21:00:50.202691+00	{"source": "home-recommendation", "resultRank": null, "queryLength": 0, "hasBirthDate": true, "searchSource": null, "seasonBucket": "spring", "guideCategory": "nutrition", "guidePriority": 89, "isMemorialPet": false, "guideSortOrder": 20, "strategyVersion": "guide-personalization-v3", "guideAgePolicyType": "all", "guideTargetSpecies": ["dog"], "guideRotationWeight": 1, "petSpeciesDisplayName": "말티즈", "petRepresentativeLabel": "강아지", "guideAgePolicyLifeStage": null, "petRepresentativeSpecies": "dog"}
b05609e6-f0ae-42de-9007-a448847ca4b0	1e64edc9-219c-4ef8-b45c-350a31b8d85f	76055c36-5f66-4842-a1f3-a0310c41bc4b	11111111-1111-4111-8111-111111111111	home_impression	logged-in-home	20527	\N	dog	말티즈	172	2026-03-15 21:00:50.202691+00	{"source": "home-recommendation", "resultRank": null, "queryLength": 0, "hasBirthDate": true, "searchSource": null, "seasonBucket": "spring", "guideCategory": "daily-care", "guidePriority": 90, "isMemorialPet": false, "guideSortOrder": 10, "strategyVersion": "guide-personalization-v3", "guideAgePolicyType": "all", "guideTargetSpecies": ["common"], "guideRotationWeight": 1, "petSpeciesDisplayName": "말티즈", "petRepresentativeLabel": "강아지", "guideAgePolicyLifeStage": null, "petRepresentativeSpecies": "dog"}
c0c54554-6f65-435b-9481-37a6ef0d3e18	1e64edc9-219c-4ef8-b45c-350a31b8d85f	76055c36-5f66-4842-a1f3-a0310c41bc4b	10000000-0000-4000-8000-000000000002	home_impression	logged-in-home	20527	\N	dog	말티즈	172	2026-03-15 21:00:51.183675+00	{"source": "home-recommendation", "resultRank": null, "queryLength": 0, "hasBirthDate": true, "searchSource": null, "seasonBucket": "spring", "guideCategory": "nutrition", "guidePriority": 89, "isMemorialPet": false, "guideSortOrder": 20, "strategyVersion": "guide-personalization-v3", "guideAgePolicyType": "all", "guideTargetSpecies": ["dog"], "guideRotationWeight": 1, "petSpeciesDisplayName": "말티즈", "petRepresentativeLabel": "강아지", "guideAgePolicyLifeStage": null, "petRepresentativeSpecies": "dog"}
d698ca77-75d0-4bbf-9196-90d5fa863528	1e64edc9-219c-4ef8-b45c-350a31b8d85f	76055c36-5f66-4842-a1f3-a0310c41bc4b	11111111-1111-4111-8111-111111111111	home_impression	logged-in-home	20527	\N	dog	말티즈	172	2026-03-15 21:00:51.183675+00	{"source": "home-recommendation", "resultRank": null, "queryLength": 0, "hasBirthDate": true, "searchSource": null, "seasonBucket": "spring", "guideCategory": "daily-care", "guidePriority": 90, "isMemorialPet": false, "guideSortOrder": 10, "strategyVersion": "guide-personalization-v3", "guideAgePolicyType": "all", "guideTargetSpecies": ["common"], "guideRotationWeight": 1, "petSpeciesDisplayName": "말티즈", "petRepresentativeLabel": "강아지", "guideAgePolicyLifeStage": null, "petRepresentativeSpecies": "dog"}
0882c7d8-dd4a-4365-a1e1-8a677fcc87e4	1e64edc9-219c-4ef8-b45c-350a31b8d85f	76055c36-5f66-4842-a1f3-a0310c41bc4b	10000000-0000-4000-8000-000000000002	home_impression	logged-in-home	20527	\N	dog	말티즈	172	2026-03-15 21:01:09.173786+00	{"source": "home-recommendation", "resultRank": null, "queryLength": 0, "hasBirthDate": true, "searchSource": null, "seasonBucket": "spring", "guideCategory": "nutrition", "guidePriority": 89, "isMemorialPet": false, "guideSortOrder": 20, "strategyVersion": "guide-personalization-v3", "guideAgePolicyType": "all", "guideTargetSpecies": ["dog"], "guideRotationWeight": 1, "petSpeciesDisplayName": "말티즈", "petRepresentativeLabel": "강아지", "guideAgePolicyLifeStage": null, "petRepresentativeSpecies": "dog"}
157083c8-03ea-44fc-b925-34892a535fd2	1e64edc9-219c-4ef8-b45c-350a31b8d85f	76055c36-5f66-4842-a1f3-a0310c41bc4b	11111111-1111-4111-8111-111111111111	home_impression	logged-in-home	20527	\N	dog	말티즈	172	2026-03-15 21:01:09.173786+00	{"source": "home-recommendation", "resultRank": null, "queryLength": 0, "hasBirthDate": true, "searchSource": null, "seasonBucket": "spring", "guideCategory": "daily-care", "guidePriority": 90, "isMemorialPet": false, "guideSortOrder": 10, "strategyVersion": "guide-personalization-v3", "guideAgePolicyType": "all", "guideTargetSpecies": ["common"], "guideRotationWeight": 1, "petSpeciesDisplayName": "말티즈", "petRepresentativeLabel": "강아지", "guideAgePolicyLifeStage": null, "petRepresentativeSpecies": "dog"}
c36caaa5-e15a-4e57-86d0-1f0efb4bd73e	1e64edc9-219c-4ef8-b45c-350a31b8d85f	76055c36-5f66-4842-a1f3-a0310c41bc4b	10000000-0000-4000-8000-000000000002	home_impression	logged-in-home	20527	\N	dog	말티즈	172	2026-03-15 21:12:27.661558+00	{"source": "home-recommendation", "resultRank": null, "queryLength": 0, "hasBirthDate": true, "searchSource": null, "seasonBucket": "spring", "guideCategory": "nutrition", "guidePriority": 89, "isMemorialPet": false, "guideSortOrder": 20, "strategyVersion": "guide-personalization-v3", "guideAgePolicyType": "all", "guideTargetSpecies": ["dog"], "guideRotationWeight": 1, "petSpeciesDisplayName": "말티즈", "petRepresentativeLabel": "강아지", "guideAgePolicyLifeStage": null, "petRepresentativeSpecies": "dog"}
0d1a6ae6-fc44-47b9-927d-e7e9dc2f70a8	1e64edc9-219c-4ef8-b45c-350a31b8d85f	76055c36-5f66-4842-a1f3-a0310c41bc4b	11111111-1111-4111-8111-111111111111	home_impression	logged-in-home	20527	\N	dog	말티즈	172	2026-03-15 21:12:27.661558+00	{"source": "home-recommendation", "resultRank": null, "queryLength": 0, "hasBirthDate": true, "searchSource": null, "seasonBucket": "spring", "guideCategory": "daily-care", "guidePriority": 90, "isMemorialPet": false, "guideSortOrder": 10, "strategyVersion": "guide-personalization-v3", "guideAgePolicyType": "all", "guideTargetSpecies": ["common"], "guideRotationWeight": 1, "petSpeciesDisplayName": "말티즈", "petRepresentativeLabel": "강아지", "guideAgePolicyLifeStage": null, "petRepresentativeSpecies": "dog"}
8f3fa714-ee73-4a51-800e-0d077d1e68b2	1e64edc9-219c-4ef8-b45c-350a31b8d85f	76055c36-5f66-4842-a1f3-a0310c41bc4b	10000000-0000-4000-8000-000000000002	home_impression	logged-in-home	20527	\N	dog	말티즈	172	2026-03-15 21:33:39.831702+00	{"source": "home-recommendation", "resultRank": null, "queryLength": 0, "hasBirthDate": true, "searchSource": null, "seasonBucket": "spring", "guideCategory": "nutrition", "guidePriority": 89, "isMemorialPet": false, "guideSortOrder": 20, "strategyVersion": "guide-personalization-v3", "guideAgePolicyType": "all", "guideTargetSpecies": ["dog"], "guideRotationWeight": 1, "petSpeciesDisplayName": "말티즈", "petRepresentativeLabel": "강아지", "guideAgePolicyLifeStage": null, "petRepresentativeSpecies": "dog"}
b641172d-e3ca-4e32-aee3-2dc1edba3801	1e64edc9-219c-4ef8-b45c-350a31b8d85f	76055c36-5f66-4842-a1f3-a0310c41bc4b	11111111-1111-4111-8111-111111111111	home_impression	logged-in-home	20527	\N	dog	말티즈	172	2026-03-15 21:33:39.831702+00	{"source": "home-recommendation", "resultRank": null, "queryLength": 0, "hasBirthDate": true, "searchSource": null, "seasonBucket": "spring", "guideCategory": "daily-care", "guidePriority": 90, "isMemorialPet": false, "guideSortOrder": 10, "strategyVersion": "guide-personalization-v3", "guideAgePolicyType": "all", "guideTargetSpecies": ["common"], "guideRotationWeight": 1, "petSpeciesDisplayName": "말티즈", "petRepresentativeLabel": "강아지", "guideAgePolicyLifeStage": null, "petRepresentativeSpecies": "dog"}
e23491e9-16f4-421d-a5a3-8d10c764c309	1e64edc9-219c-4ef8-b45c-350a31b8d85f	76055c36-5f66-4842-a1f3-a0310c41bc4b	10000000-0000-4000-8000-000000000002	home_impression	logged-in-home	20527	\N	dog	말티즈	172	2026-03-15 21:56:18.737191+00	{"source": "home-recommendation", "resultRank": null, "queryLength": 0, "hasBirthDate": true, "searchSource": null, "seasonBucket": "spring", "guideCategory": "nutrition", "guidePriority": 89, "isMemorialPet": false, "guideSortOrder": 20, "strategyVersion": "guide-personalization-v3", "guideAgePolicyType": "all", "guideTargetSpecies": ["dog"], "guideRotationWeight": 1, "petSpeciesDisplayName": "말티즈", "petRepresentativeLabel": "강아지", "guideAgePolicyLifeStage": null, "petRepresentativeSpecies": "dog"}
a6c5de95-9c02-4a9c-b4fb-dcd746e92563	1e64edc9-219c-4ef8-b45c-350a31b8d85f	76055c36-5f66-4842-a1f3-a0310c41bc4b	11111111-1111-4111-8111-111111111111	home_impression	logged-in-home	20527	\N	dog	말티즈	172	2026-03-15 21:56:18.737191+00	{"source": "home-recommendation", "resultRank": null, "queryLength": 0, "hasBirthDate": true, "searchSource": null, "seasonBucket": "spring", "guideCategory": "daily-care", "guidePriority": 90, "isMemorialPet": false, "guideSortOrder": 10, "strategyVersion": "guide-personalization-v3", "guideAgePolicyType": "all", "guideTargetSpecies": ["common"], "guideRotationWeight": 1, "petSpeciesDisplayName": "말티즈", "petRepresentativeLabel": "강아지", "guideAgePolicyLifeStage": null, "petRepresentativeSpecies": "dog"}
5592cc03-1f10-49c0-be1e-0cc43337f765	1e64edc9-219c-4ef8-b45c-350a31b8d85f	76055c36-5f66-4842-a1f3-a0310c41bc4b	10000000-0000-4000-8000-000000000002	home_impression	logged-in-home	20527	\N	dog	말티즈	172	2026-03-15 21:57:39.694746+00	{"source": "home-recommendation", "resultRank": null, "queryLength": 0, "hasBirthDate": true, "searchSource": null, "seasonBucket": "spring", "guideCategory": "nutrition", "guidePriority": 89, "isMemorialPet": false, "guideSortOrder": 20, "strategyVersion": "guide-personalization-v3", "guideAgePolicyType": "all", "guideTargetSpecies": ["dog"], "guideRotationWeight": 1, "petSpeciesDisplayName": "말티즈", "petRepresentativeLabel": "강아지", "guideAgePolicyLifeStage": null, "petRepresentativeSpecies": "dog"}
b09fa07e-d4eb-4f55-a6d4-f84958be13f9	1e64edc9-219c-4ef8-b45c-350a31b8d85f	76055c36-5f66-4842-a1f3-a0310c41bc4b	11111111-1111-4111-8111-111111111111	home_impression	logged-in-home	20527	\N	dog	말티즈	172	2026-03-15 21:57:39.694746+00	{"source": "home-recommendation", "resultRank": null, "queryLength": 0, "hasBirthDate": true, "searchSource": null, "seasonBucket": "spring", "guideCategory": "daily-care", "guidePriority": 90, "isMemorialPet": false, "guideSortOrder": 10, "strategyVersion": "guide-personalization-v3", "guideAgePolicyType": "all", "guideTargetSpecies": ["common"], "guideRotationWeight": 1, "petSpeciesDisplayName": "말티즈", "petRepresentativeLabel": "강아지", "guideAgePolicyLifeStage": null, "petRepresentativeSpecies": "dog"}
8829a916-caee-4a39-ab35-155376347c56	1e64edc9-219c-4ef8-b45c-350a31b8d85f	76055c36-5f66-4842-a1f3-a0310c41bc4b	10000000-0000-4000-8000-000000000002	home_impression	logged-in-home	20527	\N	dog	말티즈	172	2026-03-15 22:09:28.926256+00	{"source": "home-recommendation", "resultRank": null, "queryLength": 0, "hasBirthDate": true, "searchSource": null, "seasonBucket": "spring", "guideCategory": "nutrition", "guidePriority": 89, "isMemorialPet": false, "guideSortOrder": 20, "strategyVersion": "guide-personalization-v3", "guideAgePolicyType": "all", "guideTargetSpecies": ["dog"], "guideRotationWeight": 1, "petSpeciesDisplayName": "말티즈", "petRepresentativeLabel": "강아지", "guideAgePolicyLifeStage": null, "petRepresentativeSpecies": "dog"}
ee684644-e4dc-4e03-8050-a498f3c858c1	1e64edc9-219c-4ef8-b45c-350a31b8d85f	76055c36-5f66-4842-a1f3-a0310c41bc4b	11111111-1111-4111-8111-111111111111	home_impression	logged-in-home	20527	\N	dog	말티즈	172	2026-03-15 22:09:28.926256+00	{"source": "home-recommendation", "resultRank": null, "queryLength": 0, "hasBirthDate": true, "searchSource": null, "seasonBucket": "spring", "guideCategory": "daily-care", "guidePriority": 90, "isMemorialPet": false, "guideSortOrder": 10, "strategyVersion": "guide-personalization-v3", "guideAgePolicyType": "all", "guideTargetSpecies": ["common"], "guideRotationWeight": 1, "petSpeciesDisplayName": "말티즈", "petRepresentativeLabel": "강아지", "guideAgePolicyLifeStage": null, "petRepresentativeSpecies": "dog"}
141595aa-b4e1-47c1-8ec6-183b2d01a3bc	1e64edc9-219c-4ef8-b45c-350a31b8d85f	76055c36-5f66-4842-a1f3-a0310c41bc4b	10000000-0000-4000-8000-000000000002	home_impression	logged-in-home	20527	\N	dog	말티즈	172	2026-03-15 22:12:42.181922+00	{"source": "home-recommendation", "resultRank": null, "queryLength": 0, "hasBirthDate": true, "searchSource": null, "seasonBucket": "spring", "guideCategory": "nutrition", "guidePriority": 89, "isMemorialPet": false, "guideSortOrder": 20, "strategyVersion": "guide-personalization-v3", "guideAgePolicyType": "all", "guideTargetSpecies": ["dog"], "guideRotationWeight": 1, "petSpeciesDisplayName": "말티즈", "petRepresentativeLabel": "강아지", "guideAgePolicyLifeStage": null, "petRepresentativeSpecies": "dog"}
07d646b7-876d-4d83-9682-cea4323531fd	1e64edc9-219c-4ef8-b45c-350a31b8d85f	76055c36-5f66-4842-a1f3-a0310c41bc4b	11111111-1111-4111-8111-111111111111	home_impression	logged-in-home	20527	\N	dog	말티즈	172	2026-03-15 22:12:42.181922+00	{"source": "home-recommendation", "resultRank": null, "queryLength": 0, "hasBirthDate": true, "searchSource": null, "seasonBucket": "spring", "guideCategory": "daily-care", "guidePriority": 90, "isMemorialPet": false, "guideSortOrder": 10, "strategyVersion": "guide-personalization-v3", "guideAgePolicyType": "all", "guideTargetSpecies": ["common"], "guideRotationWeight": 1, "petSpeciesDisplayName": "말티즈", "petRepresentativeLabel": "강아지", "guideAgePolicyLifeStage": null, "petRepresentativeSpecies": "dog"}
3f31eda7-b05a-48db-95b5-443587944981	1e64edc9-219c-4ef8-b45c-350a31b8d85f	76055c36-5f66-4842-a1f3-a0310c41bc4b	10000000-0000-4000-8000-000000000002	home_impression	logged-in-home	20527	\N	dog	말티즈	172	2026-03-15 22:16:17.492416+00	{"source": "home-recommendation", "resultRank": null, "queryLength": 0, "hasBirthDate": true, "searchSource": null, "seasonBucket": "spring", "guideCategory": "nutrition", "guidePriority": 89, "isMemorialPet": false, "guideSortOrder": 20, "strategyVersion": "guide-personalization-v3", "guideAgePolicyType": "all", "guideTargetSpecies": ["dog"], "guideRotationWeight": 1, "petSpeciesDisplayName": "말티즈", "petRepresentativeLabel": "강아지", "guideAgePolicyLifeStage": null, "petRepresentativeSpecies": "dog"}
d564b77a-82da-4d86-8538-3c78dac2f304	1e64edc9-219c-4ef8-b45c-350a31b8d85f	76055c36-5f66-4842-a1f3-a0310c41bc4b	11111111-1111-4111-8111-111111111111	home_impression	logged-in-home	20527	\N	dog	말티즈	172	2026-03-15 22:16:17.492416+00	{"source": "home-recommendation", "resultRank": null, "queryLength": 0, "hasBirthDate": true, "searchSource": null, "seasonBucket": "spring", "guideCategory": "daily-care", "guidePriority": 90, "isMemorialPet": false, "guideSortOrder": 10, "strategyVersion": "guide-personalization-v3", "guideAgePolicyType": "all", "guideTargetSpecies": ["common"], "guideRotationWeight": 1, "petSpeciesDisplayName": "말티즈", "petRepresentativeLabel": "강아지", "guideAgePolicyLifeStage": null, "petRepresentativeSpecies": "dog"}
5733e64f-676a-4702-ac2d-0042fe563526	1e64edc9-219c-4ef8-b45c-350a31b8d85f	76055c36-5f66-4842-a1f3-a0310c41bc4b	10000000-0000-4000-8000-000000000002	home_impression	logged-in-home	20527	\N	dog	말티즈	172	2026-03-15 22:21:27.103222+00	{"source": "home-recommendation", "resultRank": null, "queryLength": 0, "hasBirthDate": true, "searchSource": null, "seasonBucket": "spring", "guideCategory": "nutrition", "guidePriority": 89, "isMemorialPet": false, "guideSortOrder": 20, "strategyVersion": "guide-personalization-v3", "guideAgePolicyType": "all", "guideTargetSpecies": ["dog"], "guideRotationWeight": 1, "petSpeciesDisplayName": "말티즈", "petRepresentativeLabel": "강아지", "guideAgePolicyLifeStage": null, "petRepresentativeSpecies": "dog"}
6fd77d3b-f3d9-4493-a66d-cf1e033fb28d	1e64edc9-219c-4ef8-b45c-350a31b8d85f	76055c36-5f66-4842-a1f3-a0310c41bc4b	11111111-1111-4111-8111-111111111111	home_impression	logged-in-home	20527	\N	dog	말티즈	172	2026-03-15 22:21:27.103222+00	{"source": "home-recommendation", "resultRank": null, "queryLength": 0, "hasBirthDate": true, "searchSource": null, "seasonBucket": "spring", "guideCategory": "daily-care", "guidePriority": 90, "isMemorialPet": false, "guideSortOrder": 10, "strategyVersion": "guide-personalization-v3", "guideAgePolicyType": "all", "guideTargetSpecies": ["common"], "guideRotationWeight": 1, "petSpeciesDisplayName": "말티즈", "petRepresentativeLabel": "강아지", "guideAgePolicyLifeStage": null, "petRepresentativeSpecies": "dog"}
2d676ba0-a743-4ed6-bff1-735cf306c5c2	1e64edc9-219c-4ef8-b45c-350a31b8d85f	76055c36-5f66-4842-a1f3-a0310c41bc4b	10000000-0000-4000-8000-000000000002	home_impression	logged-in-home	20527	\N	dog	말티즈	172	2026-03-15 22:31:30.456125+00	{"source": "home-recommendation", "resultRank": null, "queryLength": 0, "hasBirthDate": true, "searchSource": null, "seasonBucket": "spring", "guideCategory": "nutrition", "guidePriority": 89, "isMemorialPet": false, "guideSortOrder": 20, "strategyVersion": "guide-personalization-v3", "guideAgePolicyType": "all", "guideTargetSpecies": ["dog"], "guideRotationWeight": 1, "petSpeciesDisplayName": "말티즈", "petRepresentativeLabel": "강아지", "guideAgePolicyLifeStage": null, "petRepresentativeSpecies": "dog"}
44760cf7-3191-40d2-8b76-fdf9ba48d95c	1e64edc9-219c-4ef8-b45c-350a31b8d85f	76055c36-5f66-4842-a1f3-a0310c41bc4b	11111111-1111-4111-8111-111111111111	home_impression	logged-in-home	20527	\N	dog	말티즈	172	2026-03-15 22:31:30.456125+00	{"source": "home-recommendation", "resultRank": null, "queryLength": 0, "hasBirthDate": true, "searchSource": null, "seasonBucket": "spring", "guideCategory": "daily-care", "guidePriority": 90, "isMemorialPet": false, "guideSortOrder": 10, "strategyVersion": "guide-personalization-v3", "guideAgePolicyType": "all", "guideTargetSpecies": ["common"], "guideRotationWeight": 1, "petSpeciesDisplayName": "말티즈", "petRepresentativeLabel": "강아지", "guideAgePolicyLifeStage": null, "petRepresentativeSpecies": "dog"}
e5170f1a-1837-4868-ab32-61ff624f89d5	1e64edc9-219c-4ef8-b45c-350a31b8d85f	76055c36-5f66-4842-a1f3-a0310c41bc4b	10000000-0000-4000-8000-000000000002	home_impression	logged-in-home	20527	\N	dog	말티즈	172	2026-03-15 22:36:19.437415+00	{"source": "home-recommendation", "resultRank": null, "queryLength": 0, "hasBirthDate": true, "searchSource": null, "seasonBucket": "spring", "guideCategory": "nutrition", "guidePriority": 89, "isMemorialPet": false, "guideSortOrder": 20, "strategyVersion": "guide-personalization-v3", "guideAgePolicyType": "all", "guideTargetSpecies": ["dog"], "guideRotationWeight": 1, "petSpeciesDisplayName": "말티즈", "petRepresentativeLabel": "강아지", "guideAgePolicyLifeStage": null, "petRepresentativeSpecies": "dog"}
e8c6b78f-7193-4c30-9050-1f5de273cb96	1e64edc9-219c-4ef8-b45c-350a31b8d85f	76055c36-5f66-4842-a1f3-a0310c41bc4b	11111111-1111-4111-8111-111111111111	home_impression	logged-in-home	20527	\N	dog	말티즈	172	2026-03-15 22:36:19.437415+00	{"source": "home-recommendation", "resultRank": null, "queryLength": 0, "hasBirthDate": true, "searchSource": null, "seasonBucket": "spring", "guideCategory": "daily-care", "guidePriority": 90, "isMemorialPet": false, "guideSortOrder": 10, "strategyVersion": "guide-personalization-v3", "guideAgePolicyType": "all", "guideTargetSpecies": ["common"], "guideRotationWeight": 1, "petSpeciesDisplayName": "말티즈", "petRepresentativeLabel": "강아지", "guideAgePolicyLifeStage": null, "petRepresentativeSpecies": "dog"}
d9c19824-ea68-49f0-afbd-927b49787cc8	1e64edc9-219c-4ef8-b45c-350a31b8d85f	76055c36-5f66-4842-a1f3-a0310c41bc4b	10000000-0000-4000-8000-000000000002	home_impression	logged-in-home	20527	\N	dog	말티즈	172	2026-03-15 22:49:13.613025+00	{"source": "home-recommendation", "resultRank": null, "queryLength": 0, "hasBirthDate": true, "searchSource": null, "seasonBucket": "spring", "guideCategory": "nutrition", "guidePriority": 89, "isMemorialPet": false, "guideSortOrder": 20, "strategyVersion": "guide-personalization-v3", "guideAgePolicyType": "all", "guideTargetSpecies": ["dog"], "guideRotationWeight": 1, "petSpeciesDisplayName": "말티즈", "petRepresentativeLabel": "강아지", "guideAgePolicyLifeStage": null, "petRepresentativeSpecies": "dog"}
87aabdb0-9bee-44f8-9d37-7a8e4bcdfdd6	1e64edc9-219c-4ef8-b45c-350a31b8d85f	76055c36-5f66-4842-a1f3-a0310c41bc4b	11111111-1111-4111-8111-111111111111	home_impression	logged-in-home	20527	\N	dog	말티즈	172	2026-03-15 22:49:13.613025+00	{"source": "home-recommendation", "resultRank": null, "queryLength": 0, "hasBirthDate": true, "searchSource": null, "seasonBucket": "spring", "guideCategory": "daily-care", "guidePriority": 90, "isMemorialPet": false, "guideSortOrder": 10, "strategyVersion": "guide-personalization-v3", "guideAgePolicyType": "all", "guideTargetSpecies": ["common"], "guideRotationWeight": 1, "petSpeciesDisplayName": "말티즈", "petRepresentativeLabel": "강아지", "guideAgePolicyLifeStage": null, "petRepresentativeSpecies": "dog"}
dca115f1-bb99-4f63-b8b3-3de11b441993	1e64edc9-219c-4ef8-b45c-350a31b8d85f	76055c36-5f66-4842-a1f3-a0310c41bc4b	10000000-0000-4000-8000-000000000002	home_impression	logged-in-home	20527	\N	dog	말티즈	172	2026-03-15 23:07:37.711744+00	{"source": "home-recommendation", "resultRank": null, "queryLength": 0, "hasBirthDate": true, "searchSource": null, "seasonBucket": "spring", "guideCategory": "nutrition", "guidePriority": 89, "isMemorialPet": false, "guideSortOrder": 20, "strategyVersion": "guide-personalization-v3", "guideAgePolicyType": "all", "guideTargetSpecies": ["dog"], "guideRotationWeight": 1, "petSpeciesDisplayName": "말티즈", "petRepresentativeLabel": "강아지", "guideAgePolicyLifeStage": null, "petRepresentativeSpecies": "dog"}
7d540c48-10f7-4817-a4e5-33246e37f2e3	1e64edc9-219c-4ef8-b45c-350a31b8d85f	76055c36-5f66-4842-a1f3-a0310c41bc4b	11111111-1111-4111-8111-111111111111	home_impression	logged-in-home	20527	\N	dog	말티즈	172	2026-03-15 23:07:37.711744+00	{"source": "home-recommendation", "resultRank": null, "queryLength": 0, "hasBirthDate": true, "searchSource": null, "seasonBucket": "spring", "guideCategory": "daily-care", "guidePriority": 90, "isMemorialPet": false, "guideSortOrder": 10, "strategyVersion": "guide-personalization-v3", "guideAgePolicyType": "all", "guideTargetSpecies": ["common"], "guideRotationWeight": 1, "petSpeciesDisplayName": "말티즈", "petRepresentativeLabel": "강아지", "guideAgePolicyLifeStage": null, "petRepresentativeSpecies": "dog"}
8e88ce0c-dc27-4a37-9de4-0f4ed3649287	1e64edc9-219c-4ef8-b45c-350a31b8d85f	76055c36-5f66-4842-a1f3-a0310c41bc4b	10000000-0000-4000-8000-000000000002	home_impression	logged-in-home	20527	\N	dog	말티즈	172	2026-03-15 23:08:11.860162+00	{"source": "home-recommendation", "resultRank": null, "queryLength": 0, "hasBirthDate": true, "searchSource": null, "seasonBucket": "spring", "guideCategory": "nutrition", "guidePriority": 89, "isMemorialPet": false, "guideSortOrder": 20, "strategyVersion": "guide-personalization-v3", "guideAgePolicyType": "all", "guideTargetSpecies": ["dog"], "guideRotationWeight": 1, "petSpeciesDisplayName": "말티즈", "petRepresentativeLabel": "강아지", "guideAgePolicyLifeStage": null, "petRepresentativeSpecies": "dog"}
fa88b319-036c-4d17-8d7e-ff5113361391	1e64edc9-219c-4ef8-b45c-350a31b8d85f	76055c36-5f66-4842-a1f3-a0310c41bc4b	11111111-1111-4111-8111-111111111111	home_impression	logged-in-home	20527	\N	dog	말티즈	172	2026-03-15 23:08:11.860162+00	{"source": "home-recommendation", "resultRank": null, "queryLength": 0, "hasBirthDate": true, "searchSource": null, "seasonBucket": "spring", "guideCategory": "daily-care", "guidePriority": 90, "isMemorialPet": false, "guideSortOrder": 10, "strategyVersion": "guide-personalization-v3", "guideAgePolicyType": "all", "guideTargetSpecies": ["common"], "guideRotationWeight": 1, "petSpeciesDisplayName": "말티즈", "petRepresentativeLabel": "강아지", "guideAgePolicyLifeStage": null, "petRepresentativeSpecies": "dog"}
96499cf1-33d7-4b4d-85a1-19a3ed03727a	1e64edc9-219c-4ef8-b45c-350a31b8d85f	76055c36-5f66-4842-a1f3-a0310c41bc4b	10000000-0000-4000-8000-000000000002	home_impression	logged-in-home	20527	\N	dog	말티즈	172	2026-03-15 23:14:45.231582+00	{"source": "home-recommendation", "resultRank": null, "queryLength": 0, "hasBirthDate": true, "searchSource": null, "seasonBucket": "spring", "guideCategory": "nutrition", "guidePriority": 89, "isMemorialPet": false, "guideSortOrder": 20, "strategyVersion": "guide-personalization-v3", "guideAgePolicyType": "all", "guideTargetSpecies": ["dog"], "guideRotationWeight": 1, "petSpeciesDisplayName": "말티즈", "petRepresentativeLabel": "강아지", "guideAgePolicyLifeStage": null, "petRepresentativeSpecies": "dog"}
a17d9229-bee8-4ff5-b7f9-4ac317fdfbca	1e64edc9-219c-4ef8-b45c-350a31b8d85f	76055c36-5f66-4842-a1f3-a0310c41bc4b	11111111-1111-4111-8111-111111111111	home_impression	logged-in-home	20527	\N	dog	말티즈	172	2026-03-15 23:14:45.231582+00	{"source": "home-recommendation", "resultRank": null, "queryLength": 0, "hasBirthDate": true, "searchSource": null, "seasonBucket": "spring", "guideCategory": "daily-care", "guidePriority": 90, "isMemorialPet": false, "guideSortOrder": 10, "strategyVersion": "guide-personalization-v3", "guideAgePolicyType": "all", "guideTargetSpecies": ["common"], "guideRotationWeight": 1, "petSpeciesDisplayName": "말티즈", "petRepresentativeLabel": "강아지", "guideAgePolicyLifeStage": null, "petRepresentativeSpecies": "dog"}
6424e3d9-4967-4f35-8ab5-ff082d907698	1e64edc9-219c-4ef8-b45c-350a31b8d85f	76055c36-5f66-4842-a1f3-a0310c41bc4b	10000000-0000-4000-8000-000000000002	home_impression	logged-in-home	20527	\N	dog	말티즈	172	2026-03-15 23:24:58.744975+00	{"source": "home-recommendation", "resultRank": null, "queryLength": 0, "hasBirthDate": true, "searchSource": null, "seasonBucket": "spring", "guideCategory": "nutrition", "guidePriority": 89, "isMemorialPet": false, "guideSortOrder": 20, "strategyVersion": "guide-personalization-v3", "guideAgePolicyType": "all", "guideTargetSpecies": ["dog"], "guideRotationWeight": 1, "petSpeciesDisplayName": "말티즈", "petRepresentativeLabel": "강아지", "guideAgePolicyLifeStage": null, "petRepresentativeSpecies": "dog"}
59ca501e-14dd-483c-a406-eedc9e220dfd	1e64edc9-219c-4ef8-b45c-350a31b8d85f	76055c36-5f66-4842-a1f3-a0310c41bc4b	11111111-1111-4111-8111-111111111111	home_impression	logged-in-home	20527	\N	dog	말티즈	172	2026-03-15 23:24:58.744975+00	{"source": "home-recommendation", "resultRank": null, "queryLength": 0, "hasBirthDate": true, "searchSource": null, "seasonBucket": "spring", "guideCategory": "daily-care", "guidePriority": 90, "isMemorialPet": false, "guideSortOrder": 10, "strategyVersion": "guide-personalization-v3", "guideAgePolicyType": "all", "guideTargetSpecies": ["common"], "guideRotationWeight": 1, "petSpeciesDisplayName": "말티즈", "petRepresentativeLabel": "강아지", "guideAgePolicyLifeStage": null, "petRepresentativeSpecies": "dog"}
46b9481d-4042-4ae3-a2c5-fe9def92498b	1e64edc9-219c-4ef8-b45c-350a31b8d85f	76055c36-5f66-4842-a1f3-a0310c41bc4b	10000000-0000-4000-8000-000000000002	home_impression	logged-in-home	20527	\N	dog	말티즈	172	2026-03-15 23:37:30.639296+00	{"source": "home-recommendation", "resultRank": null, "queryLength": 0, "hasBirthDate": true, "searchSource": null, "seasonBucket": "spring", "guideCategory": "nutrition", "guidePriority": 89, "isMemorialPet": false, "guideSortOrder": 20, "strategyVersion": "guide-personalization-v3", "guideAgePolicyType": "all", "guideTargetSpecies": ["dog"], "guideRotationWeight": 1, "petSpeciesDisplayName": "말티즈", "petRepresentativeLabel": "강아지", "guideAgePolicyLifeStage": null, "petRepresentativeSpecies": "dog"}
18cb97dd-a2f4-4147-8cc7-8fd25749fc94	1e64edc9-219c-4ef8-b45c-350a31b8d85f	76055c36-5f66-4842-a1f3-a0310c41bc4b	11111111-1111-4111-8111-111111111111	home_impression	logged-in-home	20527	\N	dog	말티즈	172	2026-03-15 23:37:30.639296+00	{"source": "home-recommendation", "resultRank": null, "queryLength": 0, "hasBirthDate": true, "searchSource": null, "seasonBucket": "spring", "guideCategory": "daily-care", "guidePriority": 90, "isMemorialPet": false, "guideSortOrder": 10, "strategyVersion": "guide-personalization-v3", "guideAgePolicyType": "all", "guideTargetSpecies": ["common"], "guideRotationWeight": 1, "petSpeciesDisplayName": "말티즈", "petRepresentativeLabel": "강아지", "guideAgePolicyLifeStage": null, "petRepresentativeSpecies": "dog"}
5a2c50f3-afe1-4616-97d6-4ac0e9c90bb9	1e64edc9-219c-4ef8-b45c-350a31b8d85f	76055c36-5f66-4842-a1f3-a0310c41bc4b	22222222-2222-4222-8222-222222222222	list_click	guide-list	\N	\N	dog	말티즈	172	2026-03-15 23:51:22.702223+00	{"source": "guide-list", "resultRank": 6, "queryLength": 0, "hasBirthDate": true, "searchSource": null, "seasonBucket": "spring", "guideCategory": "behavior", "guidePriority": 88, "isMemorialPet": false, "guideSortOrder": 30, "strategyVersion": "guide-personalization-v3", "guideAgePolicyType": "lifeStage", "guideTargetSpecies": ["dog"], "guideRotationWeight": 1, "petSpeciesDisplayName": "말티즈", "petRepresentativeLabel": "강아지", "guideAgePolicyLifeStage": "baby", "petRepresentativeSpecies": "dog"}
3c0e0e44-88be-4aab-9544-466040c8f8ac	1e64edc9-219c-4ef8-b45c-350a31b8d85f	76055c36-5f66-4842-a1f3-a0310c41bc4b	22222222-2222-4222-8222-222222222222	detail_view	guide-detail	\N	\N	dog	말티즈	172	2026-03-15 23:51:23.056828+00	{"source": "guide-detail", "resultRank": null, "queryLength": 0, "hasBirthDate": true, "searchSource": null, "seasonBucket": "spring", "guideCategory": "behavior", "guidePriority": 88, "isMemorialPet": false, "guideSortOrder": 30, "strategyVersion": "guide-personalization-v3", "guideAgePolicyType": "lifeStage", "guideTargetSpecies": ["dog"], "guideRotationWeight": 1, "petSpeciesDisplayName": "말티즈", "petRepresentativeLabel": "강아지", "guideAgePolicyLifeStage": "baby", "petRepresentativeSpecies": "dog"}
65722adb-5992-433d-933c-69196b57b60b	1e64edc9-219c-4ef8-b45c-350a31b8d85f	76055c36-5f66-4842-a1f3-a0310c41bc4b	10000000-0000-4000-8000-000000000003	home_impression	logged-in-home	20529	\N	dog	말티즈	172	2026-03-17 08:55:22.474099+00	{"source": "home-recommendation", "resultRank": null, "queryLength": 0, "hasBirthDate": true, "searchSource": null, "seasonBucket": "spring", "guideCategory": "daily-care", "guidePriority": 94, "isMemorialPet": false, "guideSortOrder": 30, "strategyVersion": "guide-personalization-v3", "guideAgePolicyType": "lifeStage", "guideTargetSpecies": ["dog"], "guideRotationWeight": 2, "petSpeciesDisplayName": "말티즈", "petRepresentativeLabel": "강아지", "guideAgePolicyLifeStage": "senior", "petRepresentativeSpecies": "dog"}
3a782897-0af8-4caa-a085-723703a4bcc2	1e64edc9-219c-4ef8-b45c-350a31b8d85f	76055c36-5f66-4842-a1f3-a0310c41bc4b	11111111-1111-4111-8111-111111111111	home_impression	logged-in-home	20529	\N	dog	말티즈	172	2026-03-17 08:55:22.474099+00	{"source": "home-recommendation", "resultRank": null, "queryLength": 0, "hasBirthDate": true, "searchSource": null, "seasonBucket": "spring", "guideCategory": "daily-care", "guidePriority": 90, "isMemorialPet": false, "guideSortOrder": 10, "strategyVersion": "guide-personalization-v3", "guideAgePolicyType": "all", "guideTargetSpecies": ["common"], "guideRotationWeight": 1, "petSpeciesDisplayName": "말티즈", "petRepresentativeLabel": "강아지", "guideAgePolicyLifeStage": null, "petRepresentativeSpecies": "dog"}
672ec920-9879-4d9e-a64d-79e26fa95986	1e64edc9-219c-4ef8-b45c-350a31b8d85f	76055c36-5f66-4842-a1f3-a0310c41bc4b	10000000-0000-4000-8000-000000000003	home_impression	logged-in-home	20529	\N	dog	말티즈	172	2026-03-17 08:56:44.044699+00	{"source": "home-recommendation", "resultRank": null, "queryLength": 0, "hasBirthDate": true, "searchSource": null, "seasonBucket": "spring", "guideCategory": "daily-care", "guidePriority": 94, "isMemorialPet": false, "guideSortOrder": 30, "strategyVersion": "guide-personalization-v3", "guideAgePolicyType": "lifeStage", "guideTargetSpecies": ["dog"], "guideRotationWeight": 2, "petSpeciesDisplayName": "말티즈", "petRepresentativeLabel": "강아지", "guideAgePolicyLifeStage": "senior", "petRepresentativeSpecies": "dog"}
db980b81-da0b-45fc-a302-6257e1958ffc	1e64edc9-219c-4ef8-b45c-350a31b8d85f	76055c36-5f66-4842-a1f3-a0310c41bc4b	11111111-1111-4111-8111-111111111111	home_impression	logged-in-home	20529	\N	dog	말티즈	172	2026-03-17 08:56:44.044699+00	{"source": "home-recommendation", "resultRank": null, "queryLength": 0, "hasBirthDate": true, "searchSource": null, "seasonBucket": "spring", "guideCategory": "daily-care", "guidePriority": 90, "isMemorialPet": false, "guideSortOrder": 10, "strategyVersion": "guide-personalization-v3", "guideAgePolicyType": "all", "guideTargetSpecies": ["common"], "guideRotationWeight": 1, "petSpeciesDisplayName": "말티즈", "petRepresentativeLabel": "강아지", "guideAgePolicyLifeStage": null, "petRepresentativeSpecies": "dog"}
d1e8b3ef-8383-4397-9a58-7fa34944c48e	1e64edc9-219c-4ef8-b45c-350a31b8d85f	76055c36-5f66-4842-a1f3-a0310c41bc4b	10000000-0000-4000-8000-000000000003	home_impression	logged-in-home	20529	\N	dog	말티즈	172	2026-03-17 08:59:11.017932+00	{"source": "home-recommendation", "resultRank": null, "queryLength": 0, "hasBirthDate": true, "searchSource": null, "seasonBucket": "spring", "guideCategory": "daily-care", "guidePriority": 94, "isMemorialPet": false, "guideSortOrder": 30, "strategyVersion": "guide-personalization-v3", "guideAgePolicyType": "lifeStage", "guideTargetSpecies": ["dog"], "guideRotationWeight": 2, "petSpeciesDisplayName": "말티즈", "petRepresentativeLabel": "강아지", "guideAgePolicyLifeStage": "senior", "petRepresentativeSpecies": "dog"}
4d836c11-9700-42ba-bdac-a88888774904	1e64edc9-219c-4ef8-b45c-350a31b8d85f	76055c36-5f66-4842-a1f3-a0310c41bc4b	11111111-1111-4111-8111-111111111111	home_impression	logged-in-home	20529	\N	dog	말티즈	172	2026-03-17 08:59:11.017932+00	{"source": "home-recommendation", "resultRank": null, "queryLength": 0, "hasBirthDate": true, "searchSource": null, "seasonBucket": "spring", "guideCategory": "daily-care", "guidePriority": 90, "isMemorialPet": false, "guideSortOrder": 10, "strategyVersion": "guide-personalization-v3", "guideAgePolicyType": "all", "guideTargetSpecies": ["common"], "guideRotationWeight": 1, "petSpeciesDisplayName": "말티즈", "petRepresentativeLabel": "강아지", "guideAgePolicyLifeStage": null, "petRepresentativeSpecies": "dog"}
fbcb340b-e2ae-4b92-abe3-b62c59ad3a30	1e64edc9-219c-4ef8-b45c-350a31b8d85f	76055c36-5f66-4842-a1f3-a0310c41bc4b	10000000-0000-4000-8000-000000000003	home_impression	logged-in-home	20529	\N	dog	말티즈	172	2026-03-17 09:00:10.435184+00	{"source": "home-recommendation", "resultRank": null, "queryLength": 0, "hasBirthDate": true, "searchSource": null, "seasonBucket": "spring", "guideCategory": "daily-care", "guidePriority": 94, "isMemorialPet": false, "guideSortOrder": 30, "strategyVersion": "guide-personalization-v3", "guideAgePolicyType": "lifeStage", "guideTargetSpecies": ["dog"], "guideRotationWeight": 2, "petSpeciesDisplayName": "말티즈", "petRepresentativeLabel": "강아지", "guideAgePolicyLifeStage": "senior", "petRepresentativeSpecies": "dog"}
0157e9ee-7200-462a-b07c-bc31114e5f1d	1e64edc9-219c-4ef8-b45c-350a31b8d85f	76055c36-5f66-4842-a1f3-a0310c41bc4b	11111111-1111-4111-8111-111111111111	home_impression	logged-in-home	20529	\N	dog	말티즈	172	2026-03-17 09:00:10.435184+00	{"source": "home-recommendation", "resultRank": null, "queryLength": 0, "hasBirthDate": true, "searchSource": null, "seasonBucket": "spring", "guideCategory": "daily-care", "guidePriority": 90, "isMemorialPet": false, "guideSortOrder": 10, "strategyVersion": "guide-personalization-v3", "guideAgePolicyType": "all", "guideTargetSpecies": ["common"], "guideRotationWeight": 1, "petSpeciesDisplayName": "말티즈", "petRepresentativeLabel": "강아지", "guideAgePolicyLifeStage": null, "petRepresentativeSpecies": "dog"}
2f598595-5440-4d79-bbb7-08c3938fbc28	1e64edc9-219c-4ef8-b45c-350a31b8d85f	f95fa11f-0610-4d8a-9f41-ecb7bfb0df23	10000000-0000-4000-8000-000000000003	home_impression	logged-in-home	20529	\N	other	\N	0	2026-03-17 09:00:26.267384+00	{"source": "home-recommendation", "resultRank": null, "queryLength": 0, "hasBirthDate": true, "searchSource": null, "seasonBucket": "spring", "guideCategory": "daily-care", "guidePriority": 94, "isMemorialPet": false, "guideSortOrder": 30, "strategyVersion": "guide-personalization-v3", "guideAgePolicyType": "lifeStage", "guideTargetSpecies": ["dog"], "guideRotationWeight": 2, "petSpeciesDisplayName": null, "petRepresentativeLabel": "기타", "guideAgePolicyLifeStage": "senior", "petRepresentativeSpecies": "other"}
b35af8a6-c256-4c7e-be99-5b54dd1458c9	1e64edc9-219c-4ef8-b45c-350a31b8d85f	f95fa11f-0610-4d8a-9f41-ecb7bfb0df23	11111111-1111-4111-8111-111111111111	home_impression	logged-in-home	20529	\N	other	\N	0	2026-03-17 09:00:26.267384+00	{"source": "home-recommendation", "resultRank": null, "queryLength": 0, "hasBirthDate": true, "searchSource": null, "seasonBucket": "spring", "guideCategory": "daily-care", "guidePriority": 90, "isMemorialPet": false, "guideSortOrder": 10, "strategyVersion": "guide-personalization-v3", "guideAgePolicyType": "all", "guideTargetSpecies": ["common"], "guideRotationWeight": 1, "petSpeciesDisplayName": null, "petRepresentativeLabel": "기타", "guideAgePolicyLifeStage": null, "petRepresentativeSpecies": "other"}
ed72ead8-6722-4bd4-b9a1-2908aa63c778	1e64edc9-219c-4ef8-b45c-350a31b8d85f	f95fa11f-0610-4d8a-9f41-ecb7bfb0df23	10000000-0000-4000-8000-000000000011	home_impression	logged-in-home	20529	\N	other	\N	0	2026-03-17 09:00:26.359762+00	{"source": "home-recommendation", "resultRank": null, "queryLength": 0, "hasBirthDate": true, "searchSource": null, "seasonBucket": "spring", "guideCategory": "environment", "guidePriority": 92, "isMemorialPet": false, "guideSortOrder": 110, "strategyVersion": "guide-personalization-v3", "guideAgePolicyType": "all", "guideTargetSpecies": ["other"], "guideRotationWeight": 1, "petSpeciesDisplayName": null, "petRepresentativeLabel": "기타", "guideAgePolicyLifeStage": null, "petRepresentativeSpecies": "other"}
75684342-5c18-42b9-ac81-102a36110906	1e64edc9-219c-4ef8-b45c-350a31b8d85f	f95fa11f-0610-4d8a-9f41-ecb7bfb0df23	11111111-1111-4111-8111-111111111111	home_impression	logged-in-home	20529	\N	other	\N	0	2026-03-17 09:00:26.359762+00	{"source": "home-recommendation", "resultRank": null, "queryLength": 0, "hasBirthDate": true, "searchSource": null, "seasonBucket": "spring", "guideCategory": "daily-care", "guidePriority": 90, "isMemorialPet": false, "guideSortOrder": 10, "strategyVersion": "guide-personalization-v3", "guideAgePolicyType": "all", "guideTargetSpecies": ["common"], "guideRotationWeight": 1, "petSpeciesDisplayName": null, "petRepresentativeLabel": "기타", "guideAgePolicyLifeStage": null, "petRepresentativeSpecies": "other"}
01d2f125-f4a1-4894-aff6-6ba560552ead	1e64edc9-219c-4ef8-b45c-350a31b8d85f	76055c36-5f66-4842-a1f3-a0310c41bc4b	10000000-0000-4000-8000-000000000011	home_impression	logged-in-home	20529	\N	dog	말티즈	172	2026-03-17 09:00:28.008843+00	{"source": "home-recommendation", "resultRank": null, "queryLength": 0, "hasBirthDate": true, "searchSource": null, "seasonBucket": "spring", "guideCategory": "environment", "guidePriority": 92, "isMemorialPet": false, "guideSortOrder": 110, "strategyVersion": "guide-personalization-v3", "guideAgePolicyType": "all", "guideTargetSpecies": ["other"], "guideRotationWeight": 1, "petSpeciesDisplayName": "말티즈", "petRepresentativeLabel": "강아지", "guideAgePolicyLifeStage": null, "petRepresentativeSpecies": "dog"}
ddc32988-6bd8-48c6-a859-c045213542c4	1e64edc9-219c-4ef8-b45c-350a31b8d85f	76055c36-5f66-4842-a1f3-a0310c41bc4b	11111111-1111-4111-8111-111111111111	home_impression	logged-in-home	20529	\N	dog	말티즈	172	2026-03-17 09:00:28.008843+00	{"source": "home-recommendation", "resultRank": null, "queryLength": 0, "hasBirthDate": true, "searchSource": null, "seasonBucket": "spring", "guideCategory": "daily-care", "guidePriority": 90, "isMemorialPet": false, "guideSortOrder": 10, "strategyVersion": "guide-personalization-v3", "guideAgePolicyType": "all", "guideTargetSpecies": ["common"], "guideRotationWeight": 1, "petSpeciesDisplayName": "말티즈", "petRepresentativeLabel": "강아지", "guideAgePolicyLifeStage": null, "petRepresentativeSpecies": "dog"}
d05364d0-ad0d-43c3-99ba-b3e446814b92	1e64edc9-219c-4ef8-b45c-350a31b8d85f	76055c36-5f66-4842-a1f3-a0310c41bc4b	10000000-0000-4000-8000-000000000003	home_impression	logged-in-home	20529	\N	dog	말티즈	172	2026-03-17 09:00:28.02977+00	{"source": "home-recommendation", "resultRank": null, "queryLength": 0, "hasBirthDate": true, "searchSource": null, "seasonBucket": "spring", "guideCategory": "daily-care", "guidePriority": 94, "isMemorialPet": false, "guideSortOrder": 30, "strategyVersion": "guide-personalization-v3", "guideAgePolicyType": "lifeStage", "guideTargetSpecies": ["dog"], "guideRotationWeight": 2, "petSpeciesDisplayName": "말티즈", "petRepresentativeLabel": "강아지", "guideAgePolicyLifeStage": "senior", "petRepresentativeSpecies": "dog"}
f52aabcd-9336-4546-b294-6d3e9c1cbf2e	1e64edc9-219c-4ef8-b45c-350a31b8d85f	76055c36-5f66-4842-a1f3-a0310c41bc4b	11111111-1111-4111-8111-111111111111	home_impression	logged-in-home	20529	\N	dog	말티즈	172	2026-03-17 09:00:28.02977+00	{"source": "home-recommendation", "resultRank": null, "queryLength": 0, "hasBirthDate": true, "searchSource": null, "seasonBucket": "spring", "guideCategory": "daily-care", "guidePriority": 90, "isMemorialPet": false, "guideSortOrder": 10, "strategyVersion": "guide-personalization-v3", "guideAgePolicyType": "all", "guideTargetSpecies": ["common"], "guideRotationWeight": 1, "petSpeciesDisplayName": "말티즈", "petRepresentativeLabel": "강아지", "guideAgePolicyLifeStage": null, "petRepresentativeSpecies": "dog"}
01ce7eb3-7ba8-4c06-8951-4dce57515a79	1e64edc9-219c-4ef8-b45c-350a31b8d85f	76055c36-5f66-4842-a1f3-a0310c41bc4b	10000000-0000-4000-8000-000000000003	home_impression	logged-in-home	20529	\N	dog	말티즈	172	2026-03-17 09:03:58.840322+00	{"source": "home-recommendation", "resultRank": null, "queryLength": 0, "hasBirthDate": true, "searchSource": null, "seasonBucket": "spring", "guideCategory": "daily-care", "guidePriority": 94, "isMemorialPet": false, "guideSortOrder": 30, "strategyVersion": "guide-personalization-v3", "guideAgePolicyType": "lifeStage", "guideTargetSpecies": ["dog"], "guideRotationWeight": 2, "petSpeciesDisplayName": "말티즈", "petRepresentativeLabel": "강아지", "guideAgePolicyLifeStage": "senior", "petRepresentativeSpecies": "dog"}
9e6835e2-1b30-431b-b12b-b331040b8bd0	1e64edc9-219c-4ef8-b45c-350a31b8d85f	76055c36-5f66-4842-a1f3-a0310c41bc4b	11111111-1111-4111-8111-111111111111	home_impression	logged-in-home	20529	\N	dog	말티즈	172	2026-03-17 09:03:58.840322+00	{"source": "home-recommendation", "resultRank": null, "queryLength": 0, "hasBirthDate": true, "searchSource": null, "seasonBucket": "spring", "guideCategory": "daily-care", "guidePriority": 90, "isMemorialPet": false, "guideSortOrder": 10, "strategyVersion": "guide-personalization-v3", "guideAgePolicyType": "all", "guideTargetSpecies": ["common"], "guideRotationWeight": 1, "petSpeciesDisplayName": "말티즈", "petRepresentativeLabel": "강아지", "guideAgePolicyLifeStage": null, "petRepresentativeSpecies": "dog"}
cee1a070-3bbb-4c94-95b9-3f7aa1cc89a4	1e64edc9-219c-4ef8-b45c-350a31b8d85f	76055c36-5f66-4842-a1f3-a0310c41bc4b	10000000-0000-4000-8000-000000000003	home_impression	logged-in-home	20529	\N	dog	말티즈	172	2026-03-17 09:07:33.984396+00	{"source": "home-recommendation", "resultRank": null, "queryLength": 0, "hasBirthDate": true, "searchSource": null, "seasonBucket": "spring", "guideCategory": "daily-care", "guidePriority": 94, "isMemorialPet": false, "guideSortOrder": 30, "strategyVersion": "guide-personalization-v3", "guideAgePolicyType": "lifeStage", "guideTargetSpecies": ["dog"], "guideRotationWeight": 2, "petSpeciesDisplayName": "말티즈", "petRepresentativeLabel": "강아지", "guideAgePolicyLifeStage": "senior", "petRepresentativeSpecies": "dog"}
32e47c22-17bc-4367-9ed3-ce5ae0020c54	1e64edc9-219c-4ef8-b45c-350a31b8d85f	76055c36-5f66-4842-a1f3-a0310c41bc4b	11111111-1111-4111-8111-111111111111	home_impression	logged-in-home	20529	\N	dog	말티즈	172	2026-03-17 09:07:33.984396+00	{"source": "home-recommendation", "resultRank": null, "queryLength": 0, "hasBirthDate": true, "searchSource": null, "seasonBucket": "spring", "guideCategory": "daily-care", "guidePriority": 90, "isMemorialPet": false, "guideSortOrder": 10, "strategyVersion": "guide-personalization-v3", "guideAgePolicyType": "all", "guideTargetSpecies": ["common"], "guideRotationWeight": 1, "petSpeciesDisplayName": "말티즈", "petRepresentativeLabel": "강아지", "guideAgePolicyLifeStage": null, "petRepresentativeSpecies": "dog"}
be46b2ac-bfb0-414c-a293-33ee335c86b6	1e64edc9-219c-4ef8-b45c-350a31b8d85f	76055c36-5f66-4842-a1f3-a0310c41bc4b	10000000-0000-4000-8000-000000000003	home_impression	logged-in-home	20529	\N	dog	말티즈	172	2026-03-17 09:16:23.922299+00	{"source": "home-recommendation", "resultRank": null, "queryLength": 0, "hasBirthDate": true, "searchSource": null, "seasonBucket": "spring", "guideCategory": "daily-care", "guidePriority": 94, "isMemorialPet": false, "guideSortOrder": 30, "strategyVersion": "guide-personalization-v3", "guideAgePolicyType": "lifeStage", "guideTargetSpecies": ["dog"], "guideRotationWeight": 2, "petSpeciesDisplayName": "말티즈", "petRepresentativeLabel": "강아지", "guideAgePolicyLifeStage": "senior", "petRepresentativeSpecies": "dog"}
63a77ecf-0b5c-4a64-896f-1c2b2743093f	1e64edc9-219c-4ef8-b45c-350a31b8d85f	76055c36-5f66-4842-a1f3-a0310c41bc4b	11111111-1111-4111-8111-111111111111	home_impression	logged-in-home	20529	\N	dog	말티즈	172	2026-03-17 09:16:23.922299+00	{"source": "home-recommendation", "resultRank": null, "queryLength": 0, "hasBirthDate": true, "searchSource": null, "seasonBucket": "spring", "guideCategory": "daily-care", "guidePriority": 90, "isMemorialPet": false, "guideSortOrder": 10, "strategyVersion": "guide-personalization-v3", "guideAgePolicyType": "all", "guideTargetSpecies": ["common"], "guideRotationWeight": 1, "petSpeciesDisplayName": "말티즈", "petRepresentativeLabel": "강아지", "guideAgePolicyLifeStage": null, "petRepresentativeSpecies": "dog"}
cbc343ec-9524-4a5f-a34c-06ce16749c0a	1e64edc9-219c-4ef8-b45c-350a31b8d85f	76055c36-5f66-4842-a1f3-a0310c41bc4b	10000000-0000-4000-8000-000000000003	list_click	logged-in-home	20529	\N	dog	말티즈	172	2026-03-17 09:17:54.588834+00	{"source": "home-recommendation", "resultRank": null, "queryLength": 0, "hasBirthDate": true, "searchSource": null, "seasonBucket": "spring", "guideCategory": "daily-care", "guidePriority": 94, "isMemorialPet": false, "guideSortOrder": 30, "strategyVersion": "guide-personalization-v3", "guideAgePolicyType": "lifeStage", "guideTargetSpecies": ["dog"], "guideRotationWeight": 2, "petSpeciesDisplayName": "말티즈", "petRepresentativeLabel": "강아지", "guideAgePolicyLifeStage": "senior", "petRepresentativeSpecies": "dog"}
b7ce5fe3-e9f0-4e85-8e6c-c2a665c61207	1e64edc9-219c-4ef8-b45c-350a31b8d85f	76055c36-5f66-4842-a1f3-a0310c41bc4b	10000000-0000-4000-8000-000000000003	detail_view	guide-detail	\N	\N	dog	말티즈	172	2026-03-17 09:17:54.888336+00	{"source": "guide-detail", "resultRank": null, "queryLength": 0, "hasBirthDate": true, "searchSource": null, "seasonBucket": "spring", "guideCategory": "daily-care", "guidePriority": 94, "isMemorialPet": false, "guideSortOrder": 30, "strategyVersion": "guide-personalization-v3", "guideAgePolicyType": "lifeStage", "guideTargetSpecies": ["dog"], "guideRotationWeight": 2, "petSpeciesDisplayName": "말티즈", "petRepresentativeLabel": "강아지", "guideAgePolicyLifeStage": "senior", "petRepresentativeSpecies": "dog"}
e616b9a7-e8e9-42f5-8cc4-c932475ea56e	1e64edc9-219c-4ef8-b45c-350a31b8d85f	76055c36-5f66-4842-a1f3-a0310c41bc4b	33333333-3333-4333-8333-333333333333	home_impression	logged-in-home	20529	\N	cat	고양이	172	2026-03-17 09:19:09.536408+00	{"source": "home-recommendation", "resultRank": null, "queryLength": 0, "hasBirthDate": true, "searchSource": null, "seasonBucket": "spring", "guideCategory": "environment", "guidePriority": 90, "isMemorialPet": false, "guideSortOrder": 50, "strategyVersion": "guide-personalization-v3", "guideAgePolicyType": "all", "guideTargetSpecies": ["cat"], "guideRotationWeight": 1, "petSpeciesDisplayName": "고양이", "petRepresentativeLabel": "고양이", "guideAgePolicyLifeStage": null, "petRepresentativeSpecies": "cat"}
685f4f96-d077-4f2b-941c-2335b6a89044	1e64edc9-219c-4ef8-b45c-350a31b8d85f	76055c36-5f66-4842-a1f3-a0310c41bc4b	11111111-1111-4111-8111-111111111111	home_impression	logged-in-home	20529	\N	cat	고양이	172	2026-03-17 09:19:09.536408+00	{"source": "home-recommendation", "resultRank": null, "queryLength": 0, "hasBirthDate": true, "searchSource": null, "seasonBucket": "spring", "guideCategory": "daily-care", "guidePriority": 90, "isMemorialPet": false, "guideSortOrder": 10, "strategyVersion": "guide-personalization-v3", "guideAgePolicyType": "all", "guideTargetSpecies": ["common"], "guideRotationWeight": 1, "petSpeciesDisplayName": "고양이", "petRepresentativeLabel": "고양이", "guideAgePolicyLifeStage": null, "petRepresentativeSpecies": "cat"}
43a0b219-dc94-471c-9eb9-baa29ef26f84	1e64edc9-219c-4ef8-b45c-350a31b8d85f	76055c36-5f66-4842-a1f3-a0310c41bc4b	33333333-3333-4333-8333-333333333333	home_impression	logged-in-home	20529	\N	cat	고양이	172	2026-03-17 09:19:10.993546+00	{"source": "home-recommendation", "resultRank": null, "queryLength": 0, "hasBirthDate": true, "searchSource": null, "seasonBucket": "spring", "guideCategory": "environment", "guidePriority": 90, "isMemorialPet": false, "guideSortOrder": 50, "strategyVersion": "guide-personalization-v3", "guideAgePolicyType": "all", "guideTargetSpecies": ["cat"], "guideRotationWeight": 1, "petSpeciesDisplayName": "고양이", "petRepresentativeLabel": "고양이", "guideAgePolicyLifeStage": null, "petRepresentativeSpecies": "cat"}
ec715178-230e-46b4-a739-228fc614f8d3	1e64edc9-219c-4ef8-b45c-350a31b8d85f	76055c36-5f66-4842-a1f3-a0310c41bc4b	11111111-1111-4111-8111-111111111111	home_impression	logged-in-home	20529	\N	cat	고양이	172	2026-03-17 09:19:10.993546+00	{"source": "home-recommendation", "resultRank": null, "queryLength": 0, "hasBirthDate": true, "searchSource": null, "seasonBucket": "spring", "guideCategory": "daily-care", "guidePriority": 90, "isMemorialPet": false, "guideSortOrder": 10, "strategyVersion": "guide-personalization-v3", "guideAgePolicyType": "all", "guideTargetSpecies": ["common"], "guideRotationWeight": 1, "petSpeciesDisplayName": "고양이", "petRepresentativeLabel": "고양이", "guideAgePolicyLifeStage": null, "petRepresentativeSpecies": "cat"}
b1d6e696-5c8f-4cea-bc59-ce5c59906161	1e64edc9-219c-4ef8-b45c-350a31b8d85f	76055c36-5f66-4842-a1f3-a0310c41bc4b	33333333-3333-4333-8333-333333333333	home_impression	logged-in-home	20529	\N	cat	고양이	172	2026-03-17 09:19:46.044946+00	{"source": "home-recommendation", "resultRank": null, "queryLength": 0, "hasBirthDate": true, "searchSource": null, "seasonBucket": "spring", "guideCategory": "environment", "guidePriority": 90, "isMemorialPet": false, "guideSortOrder": 50, "strategyVersion": "guide-personalization-v3", "guideAgePolicyType": "all", "guideTargetSpecies": ["cat"], "guideRotationWeight": 1, "petSpeciesDisplayName": "고양이", "petRepresentativeLabel": "고양이", "guideAgePolicyLifeStage": null, "petRepresentativeSpecies": "cat"}
dc8d2e8a-b22e-4945-9ebd-1face8017eda	1e64edc9-219c-4ef8-b45c-350a31b8d85f	76055c36-5f66-4842-a1f3-a0310c41bc4b	11111111-1111-4111-8111-111111111111	home_impression	logged-in-home	20529	\N	cat	고양이	172	2026-03-17 09:19:46.044946+00	{"source": "home-recommendation", "resultRank": null, "queryLength": 0, "hasBirthDate": true, "searchSource": null, "seasonBucket": "spring", "guideCategory": "daily-care", "guidePriority": 90, "isMemorialPet": false, "guideSortOrder": 10, "strategyVersion": "guide-personalization-v3", "guideAgePolicyType": "all", "guideTargetSpecies": ["common"], "guideRotationWeight": 1, "petSpeciesDisplayName": "고양이", "petRepresentativeLabel": "고양이", "guideAgePolicyLifeStage": null, "petRepresentativeSpecies": "cat"}
c4da4423-73d2-40dd-8b48-484892b35d2c	1e64edc9-219c-4ef8-b45c-350a31b8d85f	76055c36-5f66-4842-a1f3-a0310c41bc4b	10000000-0000-4000-8000-000000000021	home_impression	logged-in-home	20529	\N	other	토끼	172	2026-03-17 09:20:01.903736+00	{"source": "home-recommendation", "resultRank": null, "queryLength": 0, "hasBirthDate": true, "searchSource": null, "seasonBucket": "spring", "guideCategory": "nutrition", "guidePriority": 96, "isMemorialPet": false, "guideSortOrder": 210, "strategyVersion": "guide-personalization-v3", "guideAgePolicyType": "all", "guideTargetSpecies": ["other"], "guideRotationWeight": 2, "petSpeciesDisplayName": "토끼", "petRepresentativeLabel": "토끼", "guideAgePolicyLifeStage": null, "petRepresentativeSpecies": "rabbit"}
c1a9a85f-b64e-47b1-8cb2-6d5924cd48ad	1e64edc9-219c-4ef8-b45c-350a31b8d85f	76055c36-5f66-4842-a1f3-a0310c41bc4b	11111111-1111-4111-8111-111111111111	home_impression	logged-in-home	20529	\N	other	토끼	172	2026-03-17 09:20:01.903736+00	{"source": "home-recommendation", "resultRank": null, "queryLength": 0, "hasBirthDate": true, "searchSource": null, "seasonBucket": "spring", "guideCategory": "daily-care", "guidePriority": 90, "isMemorialPet": false, "guideSortOrder": 10, "strategyVersion": "guide-personalization-v3", "guideAgePolicyType": "all", "guideTargetSpecies": ["common"], "guideRotationWeight": 1, "petSpeciesDisplayName": "토끼", "petRepresentativeLabel": "토끼", "guideAgePolicyLifeStage": null, "petRepresentativeSpecies": "rabbit"}
3c5079f1-6d04-40de-94cd-7dfc7ad75d16	1e64edc9-219c-4ef8-b45c-350a31b8d85f	76055c36-5f66-4842-a1f3-a0310c41bc4b	10000000-0000-4000-8000-000000000021	home_impression	logged-in-home	20529	\N	other	토끼	172	2026-03-17 09:20:02.731027+00	{"source": "home-recommendation", "resultRank": null, "queryLength": 0, "hasBirthDate": true, "searchSource": null, "seasonBucket": "spring", "guideCategory": "nutrition", "guidePriority": 96, "isMemorialPet": false, "guideSortOrder": 210, "strategyVersion": "guide-personalization-v3", "guideAgePolicyType": "all", "guideTargetSpecies": ["other"], "guideRotationWeight": 2, "petSpeciesDisplayName": "토끼", "petRepresentativeLabel": "토끼", "guideAgePolicyLifeStage": null, "petRepresentativeSpecies": "rabbit"}
890942ed-2536-4c53-b967-d147e69a3e80	1e64edc9-219c-4ef8-b45c-350a31b8d85f	76055c36-5f66-4842-a1f3-a0310c41bc4b	11111111-1111-4111-8111-111111111111	home_impression	logged-in-home	20529	\N	other	토끼	172	2026-03-17 09:20:02.731027+00	{"source": "home-recommendation", "resultRank": null, "queryLength": 0, "hasBirthDate": true, "searchSource": null, "seasonBucket": "spring", "guideCategory": "daily-care", "guidePriority": 90, "isMemorialPet": false, "guideSortOrder": 10, "strategyVersion": "guide-personalization-v3", "guideAgePolicyType": "all", "guideTargetSpecies": ["common"], "guideRotationWeight": 1, "petSpeciesDisplayName": "토끼", "petRepresentativeLabel": "토끼", "guideAgePolicyLifeStage": null, "petRepresentativeSpecies": "rabbit"}
fa8ceae7-c0a7-42fe-9895-17d8db2a73f4	1e64edc9-219c-4ef8-b45c-350a31b8d85f	76055c36-5f66-4842-a1f3-a0310c41bc4b	10000000-0000-4000-8000-000000000003	home_impression	logged-in-home	20529	\N	dog	말티즈	172	2026-03-17 09:20:23.554958+00	{"source": "home-recommendation", "resultRank": null, "queryLength": 0, "hasBirthDate": true, "searchSource": null, "seasonBucket": "spring", "guideCategory": "daily-care", "guidePriority": 94, "isMemorialPet": false, "guideSortOrder": 30, "strategyVersion": "guide-personalization-v3", "guideAgePolicyType": "lifeStage", "guideTargetSpecies": ["dog"], "guideRotationWeight": 2, "petSpeciesDisplayName": "말티즈", "petRepresentativeLabel": "강아지", "guideAgePolicyLifeStage": "senior", "petRepresentativeSpecies": "dog"}
ed832e01-f399-46b9-91d4-df415baab009	1e64edc9-219c-4ef8-b45c-350a31b8d85f	76055c36-5f66-4842-a1f3-a0310c41bc4b	11111111-1111-4111-8111-111111111111	home_impression	logged-in-home	20529	\N	dog	말티즈	172	2026-03-17 09:20:23.554958+00	{"source": "home-recommendation", "resultRank": null, "queryLength": 0, "hasBirthDate": true, "searchSource": null, "seasonBucket": "spring", "guideCategory": "daily-care", "guidePriority": 90, "isMemorialPet": false, "guideSortOrder": 10, "strategyVersion": "guide-personalization-v3", "guideAgePolicyType": "all", "guideTargetSpecies": ["common"], "guideRotationWeight": 1, "petSpeciesDisplayName": "말티즈", "petRepresentativeLabel": "강아지", "guideAgePolicyLifeStage": null, "petRepresentativeSpecies": "dog"}
510f850c-e1f4-437a-9280-209d85d4e330	1e64edc9-219c-4ef8-b45c-350a31b8d85f	76055c36-5f66-4842-a1f3-a0310c41bc4b	10000000-0000-4000-8000-000000000003	home_impression	logged-in-home	20529	\N	dog	말티즈	172	2026-03-17 09:20:24.602437+00	{"source": "home-recommendation", "resultRank": null, "queryLength": 0, "hasBirthDate": true, "searchSource": null, "seasonBucket": "spring", "guideCategory": "daily-care", "guidePriority": 94, "isMemorialPet": false, "guideSortOrder": 30, "strategyVersion": "guide-personalization-v3", "guideAgePolicyType": "lifeStage", "guideTargetSpecies": ["dog"], "guideRotationWeight": 2, "petSpeciesDisplayName": "말티즈", "petRepresentativeLabel": "강아지", "guideAgePolicyLifeStage": "senior", "petRepresentativeSpecies": "dog"}
194494b1-9a88-43de-920e-06dc8c412ed3	1e64edc9-219c-4ef8-b45c-350a31b8d85f	76055c36-5f66-4842-a1f3-a0310c41bc4b	11111111-1111-4111-8111-111111111111	home_impression	logged-in-home	20529	\N	dog	말티즈	172	2026-03-17 09:20:24.602437+00	{"source": "home-recommendation", "resultRank": null, "queryLength": 0, "hasBirthDate": true, "searchSource": null, "seasonBucket": "spring", "guideCategory": "daily-care", "guidePriority": 90, "isMemorialPet": false, "guideSortOrder": 10, "strategyVersion": "guide-personalization-v3", "guideAgePolicyType": "all", "guideTargetSpecies": ["common"], "guideRotationWeight": 1, "petSpeciesDisplayName": "말티즈", "petRepresentativeLabel": "강아지", "guideAgePolicyLifeStage": null, "petRepresentativeSpecies": "dog"}
a5c374a5-32bd-4111-873e-8f4cb09b7fc6	1e64edc9-219c-4ef8-b45c-350a31b8d85f	76055c36-5f66-4842-a1f3-a0310c41bc4b	10000000-0000-4000-8000-000000000003	home_impression	logged-in-home	20529	\N	dog	말티즈	172	2026-03-17 09:28:12.676997+00	{"source": "home-recommendation", "resultRank": null, "queryLength": 0, "hasBirthDate": true, "searchSource": null, "seasonBucket": "spring", "guideCategory": "daily-care", "guidePriority": 94, "isMemorialPet": false, "guideSortOrder": 30, "strategyVersion": "guide-personalization-v3", "guideAgePolicyType": "lifeStage", "guideTargetSpecies": ["dog"], "guideRotationWeight": 2, "petSpeciesDisplayName": "말티즈", "petRepresentativeLabel": "강아지", "guideAgePolicyLifeStage": "senior", "petRepresentativeSpecies": "dog"}
e336ca0f-271b-4b93-b295-2668e6121ea7	1e64edc9-219c-4ef8-b45c-350a31b8d85f	76055c36-5f66-4842-a1f3-a0310c41bc4b	11111111-1111-4111-8111-111111111111	home_impression	logged-in-home	20529	\N	dog	말티즈	172	2026-03-17 09:28:12.676997+00	{"source": "home-recommendation", "resultRank": null, "queryLength": 0, "hasBirthDate": true, "searchSource": null, "seasonBucket": "spring", "guideCategory": "daily-care", "guidePriority": 90, "isMemorialPet": false, "guideSortOrder": 10, "strategyVersion": "guide-personalization-v3", "guideAgePolicyType": "all", "guideTargetSpecies": ["common"], "guideRotationWeight": 1, "petSpeciesDisplayName": "말티즈", "petRepresentativeLabel": "강아지", "guideAgePolicyLifeStage": null, "petRepresentativeSpecies": "dog"}
7a4a12f5-e16c-4f95-b5be-fffb5305c73b	1e64edc9-219c-4ef8-b45c-350a31b8d85f	76055c36-5f66-4842-a1f3-a0310c41bc4b	10000000-0000-4000-8000-000000000003	home_impression	logged-in-home	20529	\N	dog	말티즈	172	2026-03-17 09:34:54.39146+00	{"source": "home-recommendation", "resultRank": null, "queryLength": 0, "hasBirthDate": true, "searchSource": null, "seasonBucket": "spring", "guideCategory": "daily-care", "guidePriority": 94, "isMemorialPet": false, "guideSortOrder": 30, "strategyVersion": "guide-personalization-v3", "guideAgePolicyType": "lifeStage", "guideTargetSpecies": ["dog"], "guideRotationWeight": 2, "petSpeciesDisplayName": "말티즈", "petRepresentativeLabel": "강아지", "guideAgePolicyLifeStage": "senior", "petRepresentativeSpecies": "dog"}
b36ca747-40b8-4eb6-97ae-4fa0f4c0bbd7	1e64edc9-219c-4ef8-b45c-350a31b8d85f	76055c36-5f66-4842-a1f3-a0310c41bc4b	11111111-1111-4111-8111-111111111111	home_impression	logged-in-home	20529	\N	dog	말티즈	172	2026-03-17 09:34:54.39146+00	{"source": "home-recommendation", "resultRank": null, "queryLength": 0, "hasBirthDate": true, "searchSource": null, "seasonBucket": "spring", "guideCategory": "daily-care", "guidePriority": 90, "isMemorialPet": false, "guideSortOrder": 10, "strategyVersion": "guide-personalization-v3", "guideAgePolicyType": "all", "guideTargetSpecies": ["common"], "guideRotationWeight": 1, "petSpeciesDisplayName": "말티즈", "petRepresentativeLabel": "강아지", "guideAgePolicyLifeStage": null, "petRepresentativeSpecies": "dog"}
80fa4d11-2e16-4f88-a7f7-537e0a90d0fd	1e64edc9-219c-4ef8-b45c-350a31b8d85f	76055c36-5f66-4842-a1f3-a0310c41bc4b	10000000-0000-4000-8000-000000000003	home_impression	logged-in-home	20529	\N	dog	말티즈	172	2026-03-17 09:41:10.598089+00	{"source": "home-recommendation", "resultRank": null, "queryLength": 0, "hasBirthDate": true, "searchSource": null, "seasonBucket": "spring", "guideCategory": "daily-care", "guidePriority": 94, "isMemorialPet": false, "guideSortOrder": 30, "strategyVersion": "guide-personalization-v3", "guideAgePolicyType": "lifeStage", "guideTargetSpecies": ["dog"], "guideRotationWeight": 2, "petSpeciesDisplayName": "말티즈", "petRepresentativeLabel": "강아지", "guideAgePolicyLifeStage": "senior", "petRepresentativeSpecies": "dog"}
92d2d9b0-5921-4039-8db5-ead80b5cde38	1e64edc9-219c-4ef8-b45c-350a31b8d85f	76055c36-5f66-4842-a1f3-a0310c41bc4b	11111111-1111-4111-8111-111111111111	home_impression	logged-in-home	20529	\N	dog	말티즈	172	2026-03-17 09:41:10.598089+00	{"source": "home-recommendation", "resultRank": null, "queryLength": 0, "hasBirthDate": true, "searchSource": null, "seasonBucket": "spring", "guideCategory": "daily-care", "guidePriority": 90, "isMemorialPet": false, "guideSortOrder": 10, "strategyVersion": "guide-personalization-v3", "guideAgePolicyType": "all", "guideTargetSpecies": ["common"], "guideRotationWeight": 1, "petSpeciesDisplayName": "말티즈", "petRepresentativeLabel": "강아지", "guideAgePolicyLifeStage": null, "petRepresentativeSpecies": "dog"}
30fc0e2f-e18b-42a4-a780-d01fd7831e7f	74cd98ab-5c3c-4502-b6cc-6543d8bd6a70	\N	11111111-1111-4111-8111-111111111111	home_impression	logged-in-home	20529	\N	\N	\N	\N	2026-03-17 09:50:09.259813+00	{"source": "home-recommendation", "resultRank": null, "queryLength": 0, "hasBirthDate": false, "searchSource": null, "seasonBucket": "spring", "guideCategory": "daily-care", "guidePriority": 90, "isMemorialPet": false, "guideSortOrder": 10, "strategyVersion": "guide-personalization-v3", "guideAgePolicyType": "all", "guideTargetSpecies": ["common"], "guideRotationWeight": 1, "petSpeciesDisplayName": null, "petRepresentativeLabel": "기타", "guideAgePolicyLifeStage": null, "petRepresentativeSpecies": "other"}
a8c0ad42-a83e-479f-9abe-c4b0f1f80e7f	74cd98ab-5c3c-4502-b6cc-6543d8bd6a70	\N	10000000-0000-4000-8000-000000000002	home_impression	logged-in-home	20529	\N	\N	\N	\N	2026-03-17 09:50:09.259813+00	{"source": "home-recommendation", "resultRank": null, "queryLength": 0, "hasBirthDate": false, "searchSource": null, "seasonBucket": "spring", "guideCategory": "nutrition", "guidePriority": 89, "isMemorialPet": false, "guideSortOrder": 20, "strategyVersion": "guide-personalization-v3", "guideAgePolicyType": "all", "guideTargetSpecies": ["dog"], "guideRotationWeight": 1, "petSpeciesDisplayName": null, "petRepresentativeLabel": "기타", "guideAgePolicyLifeStage": null, "petRepresentativeSpecies": "other"}
cd07541a-6f1d-4fff-8c4c-cd4c42a1fe95	74cd98ab-5c3c-4502-b6cc-6543d8bd6a70	\N	11111111-1111-4111-8111-111111111111	home_impression	logged-in-home	20531	\N	\N	\N	\N	2026-03-19 09:40:55.943311+00	{"source": "home-recommendation", "resultRank": null, "queryLength": 0, "hasBirthDate": false, "searchSource": null, "seasonBucket": "spring", "guideCategory": "daily-care", "guidePriority": 90, "isMemorialPet": false, "guideSortOrder": 10, "strategyVersion": "guide-personalization-v3", "guideAgePolicyType": "all", "guideTargetSpecies": ["common"], "guideRotationWeight": 1, "petSpeciesDisplayName": null, "petRepresentativeLabel": "기타", "guideAgePolicyLifeStage": null, "petRepresentativeSpecies": "other"}
ff34a46e-add6-4098-a2a1-d82387a50461	74cd98ab-5c3c-4502-b6cc-6543d8bd6a70	\N	22222222-2222-4222-8222-222222222222	home_impression	logged-in-home	20531	\N	\N	\N	\N	2026-03-19 09:40:55.943311+00	{"source": "home-recommendation", "resultRank": null, "queryLength": 0, "hasBirthDate": false, "searchSource": null, "seasonBucket": "spring", "guideCategory": "behavior", "guidePriority": 88, "isMemorialPet": false, "guideSortOrder": 30, "strategyVersion": "guide-personalization-v3", "guideAgePolicyType": "lifeStage", "guideTargetSpecies": ["dog"], "guideRotationWeight": 1, "petSpeciesDisplayName": null, "petRepresentativeLabel": "기타", "guideAgePolicyLifeStage": "baby", "petRepresentativeSpecies": "other"}
b5fe8c74-a8b0-45d8-af5e-2c5ba27e0fcd	74cd98ab-5c3c-4502-b6cc-6543d8bd6a70	28b808cf-021d-47a9-9c20-017174d6cb01	10000000-0000-4000-8000-000000000002	list_click	guide-list	\N	\N	dog	말티즈	172	2026-03-19 18:32:19.76427+00	{"source": "guide-list", "resultRank": 2, "queryLength": 0, "hasBirthDate": true, "searchSource": null, "seasonBucket": "spring", "guideCategory": "nutrition", "guidePriority": 89, "isMemorialPet": true, "guideSortOrder": 20, "strategyVersion": "guide-personalization-v3", "guideAgePolicyType": "all", "guideTargetSpecies": ["dog"], "guideRotationWeight": 1, "petSpeciesDisplayName": "말티즈", "petRepresentativeLabel": "강아지", "guideAgePolicyLifeStage": null, "petRepresentativeSpecies": "dog"}
69f951de-763e-448e-a217-3e90d137861d	74cd98ab-5c3c-4502-b6cc-6543d8bd6a70	28b808cf-021d-47a9-9c20-017174d6cb01	10000000-0000-4000-8000-000000000002	detail_view	guide-detail	\N	\N	dog	말티즈	172	2026-03-19 18:32:19.987395+00	{"source": "guide-detail", "resultRank": null, "queryLength": 0, "hasBirthDate": true, "searchSource": null, "seasonBucket": "spring", "guideCategory": "nutrition", "guidePriority": 89, "isMemorialPet": true, "guideSortOrder": 20, "strategyVersion": "guide-personalization-v3", "guideAgePolicyType": "all", "guideTargetSpecies": ["dog"], "guideRotationWeight": 1, "petSpeciesDisplayName": "말티즈", "petRepresentativeLabel": "강아지", "guideAgePolicyLifeStage": null, "petRepresentativeSpecies": "dog"}
ba83a38f-f5f6-469e-bf74-08d783240c62	74cd98ab-5c3c-4502-b6cc-6543d8bd6a70	28b808cf-021d-47a9-9c20-017174d6cb01	10000000-0000-4000-8000-000000000003	list_click	guide-list	\N	\N	dog	말티즈	172	2026-03-21 15:17:40.129431+00	{"source": "guide-list", "resultRank": 1, "queryLength": 0, "hasBirthDate": true, "searchSource": null, "seasonBucket": "spring", "guideCategory": "daily-care", "guidePriority": 94, "isMemorialPet": true, "guideSortOrder": 30, "strategyVersion": "guide-personalization-v3", "guideAgePolicyType": "lifeStage", "guideTargetSpecies": ["dog"], "guideRotationWeight": 2, "petSpeciesDisplayName": "말티즈", "petRepresentativeLabel": "강아지", "guideAgePolicyLifeStage": "senior", "petRepresentativeSpecies": "dog"}
f83824dc-5291-46ce-95eb-1702e56bb7c1	74cd98ab-5c3c-4502-b6cc-6543d8bd6a70	28b808cf-021d-47a9-9c20-017174d6cb01	10000000-0000-4000-8000-000000000003	detail_view	guide-detail	\N	\N	dog	말티즈	172	2026-03-21 15:17:40.395682+00	{"source": "guide-detail", "resultRank": null, "queryLength": 0, "hasBirthDate": true, "searchSource": null, "seasonBucket": "spring", "guideCategory": "daily-care", "guidePriority": 94, "isMemorialPet": true, "guideSortOrder": 30, "strategyVersion": "guide-personalization-v3", "guideAgePolicyType": "lifeStage", "guideTargetSpecies": ["dog"], "guideRotationWeight": 2, "petSpeciesDisplayName": "말티즈", "petRepresentativeLabel": "강아지", "guideAgePolicyLifeStage": "senior", "petRepresentativeSpecies": "dog"}
9ec9eded-cb27-46e3-95a8-c980396e3053	74cd98ab-5c3c-4502-b6cc-6543d8bd6a70	28b808cf-021d-47a9-9c20-017174d6cb01	22222222-2222-4222-8222-222222222222	home_impression	logged-in-home	20533	\N	dog	말티즈	0	2026-03-21 16:18:51.936702+00	{"source": "home-recommendation", "resultRank": null, "queryLength": 0, "hasBirthDate": true, "searchSource": null, "seasonBucket": "spring", "guideCategory": "behavior", "guidePriority": 88, "isMemorialPet": false, "guideSortOrder": 30, "strategyVersion": "guide-personalization-v3", "guideAgePolicyType": "lifeStage", "guideTargetSpecies": ["dog"], "guideRotationWeight": 1, "petSpeciesDisplayName": "말티즈", "petRepresentativeLabel": "강아지", "guideAgePolicyLifeStage": "baby", "petRepresentativeSpecies": "dog"}
83504bb0-e30d-43e3-8ae9-be2f74900600	74cd98ab-5c3c-4502-b6cc-6543d8bd6a70	28b808cf-021d-47a9-9c20-017174d6cb01	11111111-1111-4111-8111-111111111111	home_impression	logged-in-home	20533	\N	dog	말티즈	0	2026-03-21 16:18:51.936702+00	{"source": "home-recommendation", "resultRank": null, "queryLength": 0, "hasBirthDate": true, "searchSource": null, "seasonBucket": "spring", "guideCategory": "daily-care", "guidePriority": 90, "isMemorialPet": false, "guideSortOrder": 10, "strategyVersion": "guide-personalization-v3", "guideAgePolicyType": "all", "guideTargetSpecies": ["common"], "guideRotationWeight": 1, "petSpeciesDisplayName": "말티즈", "petRepresentativeLabel": "강아지", "guideAgePolicyLifeStage": null, "petRepresentativeSpecies": "dog"}
a7187adb-58e2-4788-8d53-31c9eaa0a76c	74cd98ab-5c3c-4502-b6cc-6543d8bd6a70	28b808cf-021d-47a9-9c20-017174d6cb01	22222222-2222-4222-8222-222222222222	home_impression	logged-in-home	20533	\N	dog	말티즈	0	2026-03-21 16:18:52.973195+00	{"source": "home-recommendation", "resultRank": null, "queryLength": 0, "hasBirthDate": true, "searchSource": null, "seasonBucket": "spring", "guideCategory": "behavior", "guidePriority": 88, "isMemorialPet": false, "guideSortOrder": 30, "strategyVersion": "guide-personalization-v3", "guideAgePolicyType": "lifeStage", "guideTargetSpecies": ["dog"], "guideRotationWeight": 1, "petSpeciesDisplayName": "말티즈", "petRepresentativeLabel": "강아지", "guideAgePolicyLifeStage": "baby", "petRepresentativeSpecies": "dog"}
3e03ce1c-d9bf-43c1-a388-5be13a19bd5c	74cd98ab-5c3c-4502-b6cc-6543d8bd6a70	28b808cf-021d-47a9-9c20-017174d6cb01	11111111-1111-4111-8111-111111111111	home_impression	logged-in-home	20533	\N	dog	말티즈	0	2026-03-21 16:18:52.973195+00	{"source": "home-recommendation", "resultRank": null, "queryLength": 0, "hasBirthDate": true, "searchSource": null, "seasonBucket": "spring", "guideCategory": "daily-care", "guidePriority": 90, "isMemorialPet": false, "guideSortOrder": 10, "strategyVersion": "guide-personalization-v3", "guideAgePolicyType": "all", "guideTargetSpecies": ["common"], "guideRotationWeight": 1, "petSpeciesDisplayName": "말티즈", "petRepresentativeLabel": "강아지", "guideAgePolicyLifeStage": null, "petRepresentativeSpecies": "dog"}
52e96512-ed01-46d8-b7a6-97ecc20c1f39	74cd98ab-5c3c-4502-b6cc-6543d8bd6a70	28b808cf-021d-47a9-9c20-017174d6cb01	22222222-2222-4222-8222-222222222222	home_impression	logged-in-home	20533	\N	dog	말티즈	2	2026-03-21 16:20:53.306614+00	{"source": "home-recommendation", "resultRank": null, "queryLength": 0, "hasBirthDate": true, "searchSource": null, "seasonBucket": "spring", "guideCategory": "behavior", "guidePriority": 88, "isMemorialPet": false, "guideSortOrder": 30, "strategyVersion": "guide-personalization-v3", "guideAgePolicyType": "lifeStage", "guideTargetSpecies": ["dog"], "guideRotationWeight": 1, "petSpeciesDisplayName": "말티즈", "petRepresentativeLabel": "강아지", "guideAgePolicyLifeStage": "baby", "petRepresentativeSpecies": "dog"}
2857db6c-9e0b-41bc-ac9d-d81a247504f7	74cd98ab-5c3c-4502-b6cc-6543d8bd6a70	28b808cf-021d-47a9-9c20-017174d6cb01	11111111-1111-4111-8111-111111111111	home_impression	logged-in-home	20533	\N	dog	말티즈	2	2026-03-21 16:20:53.306614+00	{"source": "home-recommendation", "resultRank": null, "queryLength": 0, "hasBirthDate": true, "searchSource": null, "seasonBucket": "spring", "guideCategory": "daily-care", "guidePriority": 90, "isMemorialPet": false, "guideSortOrder": 10, "strategyVersion": "guide-personalization-v3", "guideAgePolicyType": "all", "guideTargetSpecies": ["common"], "guideRotationWeight": 1, "petSpeciesDisplayName": "말티즈", "petRepresentativeLabel": "강아지", "guideAgePolicyLifeStage": null, "petRepresentativeSpecies": "dog"}
8591aa9c-5ef3-49d2-8994-86b3dda31fcc	74cd98ab-5c3c-4502-b6cc-6543d8bd6a70	28b808cf-021d-47a9-9c20-017174d6cb01	10000000-0000-4000-8000-000000000002	home_impression	logged-in-home	20533	\N	dog	말티즈	172	2026-03-21 16:21:34.772268+00	{"source": "home-recommendation", "resultRank": null, "queryLength": 0, "hasBirthDate": true, "searchSource": null, "seasonBucket": "spring", "guideCategory": "nutrition", "guidePriority": 89, "isMemorialPet": false, "guideSortOrder": 20, "strategyVersion": "guide-personalization-v3", "guideAgePolicyType": "all", "guideTargetSpecies": ["dog"], "guideRotationWeight": 1, "petSpeciesDisplayName": "말티즈", "petRepresentativeLabel": "강아지", "guideAgePolicyLifeStage": null, "petRepresentativeSpecies": "dog"}
c33afb18-c954-45a8-b877-9da0003437da	74cd98ab-5c3c-4502-b6cc-6543d8bd6a70	28b808cf-021d-47a9-9c20-017174d6cb01	11111111-1111-4111-8111-111111111111	home_impression	logged-in-home	20533	\N	dog	말티즈	172	2026-03-21 16:21:34.772268+00	{"source": "home-recommendation", "resultRank": null, "queryLength": 0, "hasBirthDate": true, "searchSource": null, "seasonBucket": "spring", "guideCategory": "daily-care", "guidePriority": 90, "isMemorialPet": false, "guideSortOrder": 10, "strategyVersion": "guide-personalization-v3", "guideAgePolicyType": "all", "guideTargetSpecies": ["common"], "guideRotationWeight": 1, "petSpeciesDisplayName": "말티즈", "petRepresentativeLabel": "강아지", "guideAgePolicyLifeStage": null, "petRepresentativeSpecies": "dog"}
a4ad49af-0733-418e-8824-35c2edf6a4ef	74cd98ab-5c3c-4502-b6cc-6543d8bd6a70	28b808cf-021d-47a9-9c20-017174d6cb01	10000000-0000-4000-8000-000000000002	home_impression	logged-in-home	20533	\N	dog	말티즈	172	2026-03-21 16:21:35.848079+00	{"source": "home-recommendation", "resultRank": null, "queryLength": 0, "hasBirthDate": true, "searchSource": null, "seasonBucket": "spring", "guideCategory": "nutrition", "guidePriority": 89, "isMemorialPet": false, "guideSortOrder": 20, "strategyVersion": "guide-personalization-v3", "guideAgePolicyType": "all", "guideTargetSpecies": ["dog"], "guideRotationWeight": 1, "petSpeciesDisplayName": "말티즈", "petRepresentativeLabel": "강아지", "guideAgePolicyLifeStage": null, "petRepresentativeSpecies": "dog"}
15d87dc6-fcee-49c2-9d45-9d3c21025900	74cd98ab-5c3c-4502-b6cc-6543d8bd6a70	28b808cf-021d-47a9-9c20-017174d6cb01	11111111-1111-4111-8111-111111111111	home_impression	logged-in-home	20533	\N	dog	말티즈	172	2026-03-21 16:21:35.848079+00	{"source": "home-recommendation", "resultRank": null, "queryLength": 0, "hasBirthDate": true, "searchSource": null, "seasonBucket": "spring", "guideCategory": "daily-care", "guidePriority": 90, "isMemorialPet": false, "guideSortOrder": 10, "strategyVersion": "guide-personalization-v3", "guideAgePolicyType": "all", "guideTargetSpecies": ["common"], "guideRotationWeight": 1, "petSpeciesDisplayName": "말티즈", "petRepresentativeLabel": "강아지", "guideAgePolicyLifeStage": null, "petRepresentativeSpecies": "dog"}
6545aeca-c501-4425-88be-d5372ca62277	74cd98ab-5c3c-4502-b6cc-6543d8bd6a70	28b808cf-021d-47a9-9c20-017174d6cb01	10000000-0000-4000-8000-000000000002	home_impression	logged-in-home	20533	\N	dog	말티즈	172	2026-03-21 16:35:06.925287+00	{"source": "home-recommendation", "resultRank": null, "queryLength": 0, "hasBirthDate": true, "searchSource": null, "seasonBucket": "spring", "guideCategory": "nutrition", "guidePriority": 89, "isMemorialPet": false, "guideSortOrder": 20, "strategyVersion": "guide-personalization-v3", "guideAgePolicyType": "all", "guideTargetSpecies": ["dog"], "guideRotationWeight": 1, "petSpeciesDisplayName": "말티즈", "petRepresentativeLabel": "강아지", "guideAgePolicyLifeStage": null, "petRepresentativeSpecies": "dog"}
fe75a9cf-e2d7-4313-8b8b-b61445398f17	74cd98ab-5c3c-4502-b6cc-6543d8bd6a70	28b808cf-021d-47a9-9c20-017174d6cb01	11111111-1111-4111-8111-111111111111	home_impression	logged-in-home	20533	\N	dog	말티즈	172	2026-03-21 16:35:06.925287+00	{"source": "home-recommendation", "resultRank": null, "queryLength": 0, "hasBirthDate": true, "searchSource": null, "seasonBucket": "spring", "guideCategory": "daily-care", "guidePriority": 90, "isMemorialPet": false, "guideSortOrder": 10, "strategyVersion": "guide-personalization-v3", "guideAgePolicyType": "all", "guideTargetSpecies": ["common"], "guideRotationWeight": 1, "petSpeciesDisplayName": "말티즈", "petRepresentativeLabel": "강아지", "guideAgePolicyLifeStage": null, "petRepresentativeSpecies": "dog"}
0af7d524-2d77-46b4-8c12-a93e7c6e2730	74cd98ab-5c3c-4502-b6cc-6543d8bd6a70	28b808cf-021d-47a9-9c20-017174d6cb01	10000000-0000-4000-8000-000000000002	home_impression	logged-in-home	20533	\N	dog	말티즈	172	2026-03-21 16:39:23.055688+00	{"source": "home-recommendation", "resultRank": null, "queryLength": 0, "hasBirthDate": true, "searchSource": null, "seasonBucket": "spring", "guideCategory": "nutrition", "guidePriority": 89, "isMemorialPet": false, "guideSortOrder": 20, "strategyVersion": "guide-personalization-v3", "guideAgePolicyType": "all", "guideTargetSpecies": ["dog"], "guideRotationWeight": 1, "petSpeciesDisplayName": "말티즈", "petRepresentativeLabel": "강아지", "guideAgePolicyLifeStage": null, "petRepresentativeSpecies": "dog"}
d2f0406c-0c26-4fa5-8e17-f019d545e2d2	74cd98ab-5c3c-4502-b6cc-6543d8bd6a70	28b808cf-021d-47a9-9c20-017174d6cb01	11111111-1111-4111-8111-111111111111	home_impression	logged-in-home	20533	\N	dog	말티즈	172	2026-03-21 16:39:23.055688+00	{"source": "home-recommendation", "resultRank": null, "queryLength": 0, "hasBirthDate": true, "searchSource": null, "seasonBucket": "spring", "guideCategory": "daily-care", "guidePriority": 90, "isMemorialPet": false, "guideSortOrder": 10, "strategyVersion": "guide-personalization-v3", "guideAgePolicyType": "all", "guideTargetSpecies": ["common"], "guideRotationWeight": 1, "petSpeciesDisplayName": "말티즈", "petRepresentativeLabel": "강아지", "guideAgePolicyLifeStage": null, "petRepresentativeSpecies": "dog"}
55350666-79bd-4745-a0b0-5091f0bcc7a1	74cd98ab-5c3c-4502-b6cc-6543d8bd6a70	28b808cf-021d-47a9-9c20-017174d6cb01	10000000-0000-4000-8000-000000000002	home_impression	logged-in-home	20533	\N	dog	말티즈	172	2026-03-21 16:45:12.109104+00	{"source": "home-recommendation", "resultRank": null, "queryLength": 0, "hasBirthDate": true, "searchSource": null, "seasonBucket": "spring", "guideCategory": "nutrition", "guidePriority": 89, "isMemorialPet": false, "guideSortOrder": 20, "strategyVersion": "guide-personalization-v3", "guideAgePolicyType": "all", "guideTargetSpecies": ["dog"], "guideRotationWeight": 1, "petSpeciesDisplayName": "말티즈", "petRepresentativeLabel": "강아지", "guideAgePolicyLifeStage": null, "petRepresentativeSpecies": "dog"}
d7a6cf35-04f2-40b3-aed5-a358437c97bf	74cd98ab-5c3c-4502-b6cc-6543d8bd6a70	28b808cf-021d-47a9-9c20-017174d6cb01	11111111-1111-4111-8111-111111111111	home_impression	logged-in-home	20533	\N	dog	말티즈	172	2026-03-21 16:45:12.109104+00	{"source": "home-recommendation", "resultRank": null, "queryLength": 0, "hasBirthDate": true, "searchSource": null, "seasonBucket": "spring", "guideCategory": "daily-care", "guidePriority": 90, "isMemorialPet": false, "guideSortOrder": 10, "strategyVersion": "guide-personalization-v3", "guideAgePolicyType": "all", "guideTargetSpecies": ["common"], "guideRotationWeight": 1, "petSpeciesDisplayName": "말티즈", "petRepresentativeLabel": "강아지", "guideAgePolicyLifeStage": null, "petRepresentativeSpecies": "dog"}
cf929a98-30db-4f1f-8fd3-fb5f5b774140	74cd98ab-5c3c-4502-b6cc-6543d8bd6a70	28b808cf-021d-47a9-9c20-017174d6cb01	10000000-0000-4000-8000-000000000003	list_click	guide-list	\N	\N	dog	말티즈	172	2026-03-21 16:45:54.00129+00	{"source": "guide-list", "resultRank": 1, "queryLength": 0, "hasBirthDate": true, "searchSource": null, "seasonBucket": "spring", "guideCategory": "daily-care", "guidePriority": 94, "isMemorialPet": false, "guideSortOrder": 30, "strategyVersion": "guide-personalization-v3", "guideAgePolicyType": "lifeStage", "guideTargetSpecies": ["dog"], "guideRotationWeight": 2, "petSpeciesDisplayName": "말티즈", "petRepresentativeLabel": "강아지", "guideAgePolicyLifeStage": "senior", "petRepresentativeSpecies": "dog"}
0572fe1c-f91d-4e22-9be2-76f86ccc8bf7	74cd98ab-5c3c-4502-b6cc-6543d8bd6a70	28b808cf-021d-47a9-9c20-017174d6cb01	10000000-0000-4000-8000-000000000003	detail_view	guide-detail	\N	\N	dog	말티즈	172	2026-03-21 16:45:54.406248+00	{"source": "guide-detail", "resultRank": null, "queryLength": 0, "hasBirthDate": true, "searchSource": null, "seasonBucket": "spring", "guideCategory": "daily-care", "guidePriority": 94, "isMemorialPet": false, "guideSortOrder": 30, "strategyVersion": "guide-personalization-v3", "guideAgePolicyType": "lifeStage", "guideTargetSpecies": ["dog"], "guideRotationWeight": 2, "petSpeciesDisplayName": "말티즈", "petRepresentativeLabel": "강아지", "guideAgePolicyLifeStage": "senior", "petRepresentativeSpecies": "dog"}
5197bf42-bf24-454e-99b5-734d50e407a4	74cd98ab-5c3c-4502-b6cc-6543d8bd6a70	28b808cf-021d-47a9-9c20-017174d6cb01	10000000-0000-4000-8000-000000000002	home_impression	logged-in-home	20533	\N	dog	말티즈	172	2026-03-21 16:45:58.125338+00	{"source": "home-recommendation", "resultRank": null, "queryLength": 0, "hasBirthDate": true, "searchSource": null, "seasonBucket": "spring", "guideCategory": "nutrition", "guidePriority": 89, "isMemorialPet": false, "guideSortOrder": 20, "strategyVersion": "guide-personalization-v3", "guideAgePolicyType": "all", "guideTargetSpecies": ["dog"], "guideRotationWeight": 1, "petSpeciesDisplayName": "말티즈", "petRepresentativeLabel": "강아지", "guideAgePolicyLifeStage": null, "petRepresentativeSpecies": "dog"}
e3270598-ce5b-42cd-a2fc-ec74b7dad823	74cd98ab-5c3c-4502-b6cc-6543d8bd6a70	28b808cf-021d-47a9-9c20-017174d6cb01	11111111-1111-4111-8111-111111111111	home_impression	logged-in-home	20533	\N	dog	말티즈	172	2026-03-21 16:45:58.125338+00	{"source": "home-recommendation", "resultRank": null, "queryLength": 0, "hasBirthDate": true, "searchSource": null, "seasonBucket": "spring", "guideCategory": "daily-care", "guidePriority": 90, "isMemorialPet": false, "guideSortOrder": 10, "strategyVersion": "guide-personalization-v3", "guideAgePolicyType": "all", "guideTargetSpecies": ["common"], "guideRotationWeight": 1, "petSpeciesDisplayName": "말티즈", "petRepresentativeLabel": "강아지", "guideAgePolicyLifeStage": null, "petRepresentativeSpecies": "dog"}
3dc93fdb-0d3d-4114-9e07-9d5760c1f328	74cd98ab-5c3c-4502-b6cc-6543d8bd6a70	28b808cf-021d-47a9-9c20-017174d6cb01	10000000-0000-4000-8000-000000000002	home_impression	logged-in-home	20533	\N	dog	말티즈	172	2026-03-21 16:48:53.818098+00	{"source": "home-recommendation", "resultRank": null, "queryLength": 0, "hasBirthDate": true, "searchSource": null, "seasonBucket": "spring", "guideCategory": "nutrition", "guidePriority": 89, "isMemorialPet": false, "guideSortOrder": 20, "strategyVersion": "guide-personalization-v3", "guideAgePolicyType": "all", "guideTargetSpecies": ["dog"], "guideRotationWeight": 1, "petSpeciesDisplayName": "말티즈", "petRepresentativeLabel": "강아지", "guideAgePolicyLifeStage": null, "petRepresentativeSpecies": "dog"}
87a8394e-0d6b-465f-bc21-6d037f2afcc3	74cd98ab-5c3c-4502-b6cc-6543d8bd6a70	28b808cf-021d-47a9-9c20-017174d6cb01	11111111-1111-4111-8111-111111111111	home_impression	logged-in-home	20533	\N	dog	말티즈	172	2026-03-21 16:48:53.818098+00	{"source": "home-recommendation", "resultRank": null, "queryLength": 0, "hasBirthDate": true, "searchSource": null, "seasonBucket": "spring", "guideCategory": "daily-care", "guidePriority": 90, "isMemorialPet": false, "guideSortOrder": 10, "strategyVersion": "guide-personalization-v3", "guideAgePolicyType": "all", "guideTargetSpecies": ["common"], "guideRotationWeight": 1, "petSpeciesDisplayName": "말티즈", "petRepresentativeLabel": "강아지", "guideAgePolicyLifeStage": null, "petRepresentativeSpecies": "dog"}
ff71ecd7-a54c-44b1-8180-164136f88ca9	74cd98ab-5c3c-4502-b6cc-6543d8bd6a70	28b808cf-021d-47a9-9c20-017174d6cb01	10000000-0000-4000-8000-000000000002	home_impression	logged-in-home	20533	\N	dog	말티즈	172	2026-03-21 16:49:53.10711+00	{"source": "home-recommendation", "resultRank": null, "queryLength": 0, "hasBirthDate": true, "searchSource": null, "seasonBucket": "spring", "guideCategory": "nutrition", "guidePriority": 89, "isMemorialPet": false, "guideSortOrder": 20, "strategyVersion": "guide-personalization-v3", "guideAgePolicyType": "all", "guideTargetSpecies": ["dog"], "guideRotationWeight": 1, "petSpeciesDisplayName": "말티즈", "petRepresentativeLabel": "강아지", "guideAgePolicyLifeStage": null, "petRepresentativeSpecies": "dog"}
50946268-2a48-4773-a7e9-23e291126227	74cd98ab-5c3c-4502-b6cc-6543d8bd6a70	28b808cf-021d-47a9-9c20-017174d6cb01	11111111-1111-4111-8111-111111111111	home_impression	logged-in-home	20533	\N	dog	말티즈	172	2026-03-21 16:49:53.10711+00	{"source": "home-recommendation", "resultRank": null, "queryLength": 0, "hasBirthDate": true, "searchSource": null, "seasonBucket": "spring", "guideCategory": "daily-care", "guidePriority": 90, "isMemorialPet": false, "guideSortOrder": 10, "strategyVersion": "guide-personalization-v3", "guideAgePolicyType": "all", "guideTargetSpecies": ["common"], "guideRotationWeight": 1, "petSpeciesDisplayName": "말티즈", "petRepresentativeLabel": "강아지", "guideAgePolicyLifeStage": null, "petRepresentativeSpecies": "dog"}
ec12d1e5-5369-4014-a999-cc069daf8e0d	74cd98ab-5c3c-4502-b6cc-6543d8bd6a70	28b808cf-021d-47a9-9c20-017174d6cb01	10000000-0000-4000-8000-000000000002	home_impression	logged-in-home	20533	\N	dog	말티즈	172	2026-03-21 16:50:29.057827+00	{"source": "home-recommendation", "resultRank": null, "queryLength": 0, "hasBirthDate": true, "searchSource": null, "seasonBucket": "spring", "guideCategory": "nutrition", "guidePriority": 89, "isMemorialPet": false, "guideSortOrder": 20, "strategyVersion": "guide-personalization-v3", "guideAgePolicyType": "all", "guideTargetSpecies": ["dog"], "guideRotationWeight": 1, "petSpeciesDisplayName": "말티즈", "petRepresentativeLabel": "강아지", "guideAgePolicyLifeStage": null, "petRepresentativeSpecies": "dog"}
f263806c-62b4-4e68-a6d4-ee023d99d053	74cd98ab-5c3c-4502-b6cc-6543d8bd6a70	28b808cf-021d-47a9-9c20-017174d6cb01	11111111-1111-4111-8111-111111111111	home_impression	logged-in-home	20533	\N	dog	말티즈	172	2026-03-21 16:50:29.057827+00	{"source": "home-recommendation", "resultRank": null, "queryLength": 0, "hasBirthDate": true, "searchSource": null, "seasonBucket": "spring", "guideCategory": "daily-care", "guidePriority": 90, "isMemorialPet": false, "guideSortOrder": 10, "strategyVersion": "guide-personalization-v3", "guideAgePolicyType": "all", "guideTargetSpecies": ["common"], "guideRotationWeight": 1, "petSpeciesDisplayName": "말티즈", "petRepresentativeLabel": "강아지", "guideAgePolicyLifeStage": null, "petRepresentativeSpecies": "dog"}
7fcb6bcd-e657-4c97-942b-33136d24681d	74cd98ab-5c3c-4502-b6cc-6543d8bd6a70	28b808cf-021d-47a9-9c20-017174d6cb01	10000000-0000-4000-8000-000000000002	home_impression	logged-in-home	20533	\N	dog	말티즈	172	2026-03-21 16:51:27.754163+00	{"source": "home-recommendation", "resultRank": null, "queryLength": 0, "hasBirthDate": true, "searchSource": null, "seasonBucket": "spring", "guideCategory": "nutrition", "guidePriority": 89, "isMemorialPet": false, "guideSortOrder": 20, "strategyVersion": "guide-personalization-v3", "guideAgePolicyType": "all", "guideTargetSpecies": ["dog"], "guideRotationWeight": 1, "petSpeciesDisplayName": "말티즈", "petRepresentativeLabel": "강아지", "guideAgePolicyLifeStage": null, "petRepresentativeSpecies": "dog"}
de02099c-b0ed-47cb-a91e-1be27672ab2a	74cd98ab-5c3c-4502-b6cc-6543d8bd6a70	28b808cf-021d-47a9-9c20-017174d6cb01	11111111-1111-4111-8111-111111111111	home_impression	logged-in-home	20533	\N	dog	말티즈	172	2026-03-21 16:51:27.754163+00	{"source": "home-recommendation", "resultRank": null, "queryLength": 0, "hasBirthDate": true, "searchSource": null, "seasonBucket": "spring", "guideCategory": "daily-care", "guidePriority": 90, "isMemorialPet": false, "guideSortOrder": 10, "strategyVersion": "guide-personalization-v3", "guideAgePolicyType": "all", "guideTargetSpecies": ["common"], "guideRotationWeight": 1, "petSpeciesDisplayName": "말티즈", "petRepresentativeLabel": "강아지", "guideAgePolicyLifeStage": null, "petRepresentativeSpecies": "dog"}
41e768c2-85e5-46d0-9614-deca1dfc9d16	74cd98ab-5c3c-4502-b6cc-6543d8bd6a70	28b808cf-021d-47a9-9c20-017174d6cb01	10000000-0000-4000-8000-000000000002	home_impression	logged-in-home	20533	\N	dog	말티즈	172	2026-03-21 16:52:41.489901+00	{"source": "home-recommendation", "resultRank": null, "queryLength": 0, "hasBirthDate": true, "searchSource": null, "seasonBucket": "spring", "guideCategory": "nutrition", "guidePriority": 89, "isMemorialPet": false, "guideSortOrder": 20, "strategyVersion": "guide-personalization-v3", "guideAgePolicyType": "all", "guideTargetSpecies": ["dog"], "guideRotationWeight": 1, "petSpeciesDisplayName": "말티즈", "petRepresentativeLabel": "강아지", "guideAgePolicyLifeStage": null, "petRepresentativeSpecies": "dog"}
ceb20f85-04bc-4c53-8f3f-2bdf94d4deda	74cd98ab-5c3c-4502-b6cc-6543d8bd6a70	28b808cf-021d-47a9-9c20-017174d6cb01	11111111-1111-4111-8111-111111111111	home_impression	logged-in-home	20533	\N	dog	말티즈	172	2026-03-21 16:52:41.489901+00	{"source": "home-recommendation", "resultRank": null, "queryLength": 0, "hasBirthDate": true, "searchSource": null, "seasonBucket": "spring", "guideCategory": "daily-care", "guidePriority": 90, "isMemorialPet": false, "guideSortOrder": 10, "strategyVersion": "guide-personalization-v3", "guideAgePolicyType": "all", "guideTargetSpecies": ["common"], "guideRotationWeight": 1, "petSpeciesDisplayName": "말티즈", "petRepresentativeLabel": "강아지", "guideAgePolicyLifeStage": null, "petRepresentativeSpecies": "dog"}
cc447671-e850-4be5-bdc8-90a92c8e59f5	74cd98ab-5c3c-4502-b6cc-6543d8bd6a70	28b808cf-021d-47a9-9c20-017174d6cb01	10000000-0000-4000-8000-000000000002	home_impression	logged-in-home	20533	\N	dog	말티즈	172	2026-03-21 16:52:45.300958+00	{"source": "home-recommendation", "resultRank": null, "queryLength": 0, "hasBirthDate": true, "searchSource": null, "seasonBucket": "spring", "guideCategory": "nutrition", "guidePriority": 89, "isMemorialPet": false, "guideSortOrder": 20, "strategyVersion": "guide-personalization-v3", "guideAgePolicyType": "all", "guideTargetSpecies": ["dog"], "guideRotationWeight": 1, "petSpeciesDisplayName": "말티즈", "petRepresentativeLabel": "강아지", "guideAgePolicyLifeStage": null, "petRepresentativeSpecies": "dog"}
052d0ebb-3653-4fd7-97a9-2feaa05d1a8a	74cd98ab-5c3c-4502-b6cc-6543d8bd6a70	28b808cf-021d-47a9-9c20-017174d6cb01	11111111-1111-4111-8111-111111111111	home_impression	logged-in-home	20533	\N	dog	말티즈	172	2026-03-21 16:52:45.300958+00	{"source": "home-recommendation", "resultRank": null, "queryLength": 0, "hasBirthDate": true, "searchSource": null, "seasonBucket": "spring", "guideCategory": "daily-care", "guidePriority": 90, "isMemorialPet": false, "guideSortOrder": 10, "strategyVersion": "guide-personalization-v3", "guideAgePolicyType": "all", "guideTargetSpecies": ["common"], "guideRotationWeight": 1, "petSpeciesDisplayName": "말티즈", "petRepresentativeLabel": "강아지", "guideAgePolicyLifeStage": null, "petRepresentativeSpecies": "dog"}
ecb10474-3303-4f46-9835-578b0bfe956a	74cd98ab-5c3c-4502-b6cc-6543d8bd6a70	28b808cf-021d-47a9-9c20-017174d6cb01	10000000-0000-4000-8000-000000000002	home_impression	logged-in-home	20533	\N	dog	말티즈	172	2026-03-21 16:52:59.998137+00	{"source": "home-recommendation", "resultRank": null, "queryLength": 0, "hasBirthDate": true, "searchSource": null, "seasonBucket": "spring", "guideCategory": "nutrition", "guidePriority": 89, "isMemorialPet": false, "guideSortOrder": 20, "strategyVersion": "guide-personalization-v3", "guideAgePolicyType": "all", "guideTargetSpecies": ["dog"], "guideRotationWeight": 1, "petSpeciesDisplayName": "말티즈", "petRepresentativeLabel": "강아지", "guideAgePolicyLifeStage": null, "petRepresentativeSpecies": "dog"}
eeb93b8d-30ea-41df-b37a-e3517d9ee8a2	74cd98ab-5c3c-4502-b6cc-6543d8bd6a70	28b808cf-021d-47a9-9c20-017174d6cb01	11111111-1111-4111-8111-111111111111	home_impression	logged-in-home	20533	\N	dog	말티즈	172	2026-03-21 16:52:59.998137+00	{"source": "home-recommendation", "resultRank": null, "queryLength": 0, "hasBirthDate": true, "searchSource": null, "seasonBucket": "spring", "guideCategory": "daily-care", "guidePriority": 90, "isMemorialPet": false, "guideSortOrder": 10, "strategyVersion": "guide-personalization-v3", "guideAgePolicyType": "all", "guideTargetSpecies": ["common"], "guideRotationWeight": 1, "petSpeciesDisplayName": "말티즈", "petRepresentativeLabel": "강아지", "guideAgePolicyLifeStage": null, "petRepresentativeSpecies": "dog"}
ad2d5132-9d12-49a3-922f-15c642e2bcad	74cd98ab-5c3c-4502-b6cc-6543d8bd6a70	28b808cf-021d-47a9-9c20-017174d6cb01	10000000-0000-4000-8000-000000000002	home_impression	logged-in-home	20533	\N	dog	말티즈	172	2026-03-21 16:53:42.327116+00	{"source": "home-recommendation", "resultRank": null, "queryLength": 0, "hasBirthDate": true, "searchSource": null, "seasonBucket": "spring", "guideCategory": "nutrition", "guidePriority": 89, "isMemorialPet": false, "guideSortOrder": 20, "strategyVersion": "guide-personalization-v3", "guideAgePolicyType": "all", "guideTargetSpecies": ["dog"], "guideRotationWeight": 1, "petSpeciesDisplayName": "말티즈", "petRepresentativeLabel": "강아지", "guideAgePolicyLifeStage": null, "petRepresentativeSpecies": "dog"}
82b58494-1805-415c-82f6-ce2a6f5074fd	74cd98ab-5c3c-4502-b6cc-6543d8bd6a70	28b808cf-021d-47a9-9c20-017174d6cb01	11111111-1111-4111-8111-111111111111	home_impression	logged-in-home	20533	\N	dog	말티즈	172	2026-03-21 16:53:42.327116+00	{"source": "home-recommendation", "resultRank": null, "queryLength": 0, "hasBirthDate": true, "searchSource": null, "seasonBucket": "spring", "guideCategory": "daily-care", "guidePriority": 90, "isMemorialPet": false, "guideSortOrder": 10, "strategyVersion": "guide-personalization-v3", "guideAgePolicyType": "all", "guideTargetSpecies": ["common"], "guideRotationWeight": 1, "petSpeciesDisplayName": "말티즈", "petRepresentativeLabel": "강아지", "guideAgePolicyLifeStage": null, "petRepresentativeSpecies": "dog"}
381f2e5d-34f2-43dc-b702-928f45a430c3	74cd98ab-5c3c-4502-b6cc-6543d8bd6a70	28b808cf-021d-47a9-9c20-017174d6cb01	10000000-0000-4000-8000-000000000002	home_impression	logged-in-home	20533	\N	dog	말티즈	172	2026-03-21 16:55:35.024186+00	{"source": "home-recommendation", "resultRank": null, "queryLength": 0, "hasBirthDate": true, "searchSource": null, "seasonBucket": "spring", "guideCategory": "nutrition", "guidePriority": 89, "isMemorialPet": false, "guideSortOrder": 20, "strategyVersion": "guide-personalization-v3", "guideAgePolicyType": "all", "guideTargetSpecies": ["dog"], "guideRotationWeight": 1, "petSpeciesDisplayName": "말티즈", "petRepresentativeLabel": "강아지", "guideAgePolicyLifeStage": null, "petRepresentativeSpecies": "dog"}
211030e9-d992-4790-9f91-194bf9148865	74cd98ab-5c3c-4502-b6cc-6543d8bd6a70	28b808cf-021d-47a9-9c20-017174d6cb01	11111111-1111-4111-8111-111111111111	home_impression	logged-in-home	20533	\N	dog	말티즈	172	2026-03-21 16:55:35.024186+00	{"source": "home-recommendation", "resultRank": null, "queryLength": 0, "hasBirthDate": true, "searchSource": null, "seasonBucket": "spring", "guideCategory": "daily-care", "guidePriority": 90, "isMemorialPet": false, "guideSortOrder": 10, "strategyVersion": "guide-personalization-v3", "guideAgePolicyType": "all", "guideTargetSpecies": ["common"], "guideRotationWeight": 1, "petSpeciesDisplayName": "말티즈", "petRepresentativeLabel": "강아지", "guideAgePolicyLifeStage": null, "petRepresentativeSpecies": "dog"}
dae67b6e-89ad-4ef0-ba2b-8d570fc84ca0	74cd98ab-5c3c-4502-b6cc-6543d8bd6a70	\N	11111111-1111-4111-8111-111111111111	home_impression	logged-in-home	20533	\N	\N	\N	\N	2026-03-21 17:48:31.66097+00	{"source": "home-recommendation", "resultRank": null, "queryLength": 0, "hasBirthDate": false, "searchSource": null, "seasonBucket": "spring", "guideCategory": "daily-care", "guidePriority": 90, "isMemorialPet": false, "guideSortOrder": 10, "strategyVersion": "guide-personalization-v3", "guideAgePolicyType": "all", "guideTargetSpecies": ["common"], "guideRotationWeight": 1, "petSpeciesDisplayName": null, "petRepresentativeLabel": "기타", "guideAgePolicyLifeStage": null, "petRepresentativeSpecies": "other"}
f50d388c-13a5-4876-acf9-7ed2b72a140e	74cd98ab-5c3c-4502-b6cc-6543d8bd6a70	\N	33333333-3333-4333-8333-333333333333	home_impression	logged-in-home	20533	\N	\N	\N	\N	2026-03-21 17:48:31.66097+00	{"source": "home-recommendation", "resultRank": null, "queryLength": 0, "hasBirthDate": false, "searchSource": null, "seasonBucket": "spring", "guideCategory": "environment", "guidePriority": 90, "isMemorialPet": false, "guideSortOrder": 50, "strategyVersion": "guide-personalization-v3", "guideAgePolicyType": "all", "guideTargetSpecies": ["cat"], "guideRotationWeight": 1, "petSpeciesDisplayName": null, "petRepresentativeLabel": "기타", "guideAgePolicyLifeStage": null, "petRepresentativeSpecies": "other"}
a273e1ec-5ccc-404b-ba3c-599874811d57	74cd98ab-5c3c-4502-b6cc-6543d8bd6a70	28b808cf-021d-47a9-9c20-017174d6cb01	11111111-1111-4111-8111-111111111111	home_impression	logged-in-home	20533	\N	dog	말티즈	172	2026-03-21 17:48:31.883882+00	{"source": "home-recommendation", "resultRank": null, "queryLength": 0, "hasBirthDate": true, "searchSource": null, "seasonBucket": "spring", "guideCategory": "daily-care", "guidePriority": 90, "isMemorialPet": false, "guideSortOrder": 10, "strategyVersion": "guide-personalization-v3", "guideAgePolicyType": "all", "guideTargetSpecies": ["common"], "guideRotationWeight": 1, "petSpeciesDisplayName": "말티즈", "petRepresentativeLabel": "강아지", "guideAgePolicyLifeStage": null, "petRepresentativeSpecies": "dog"}
32725ab7-ae45-4963-a10d-47469e02bd1d	74cd98ab-5c3c-4502-b6cc-6543d8bd6a70	28b808cf-021d-47a9-9c20-017174d6cb01	33333333-3333-4333-8333-333333333333	home_impression	logged-in-home	20533	\N	dog	말티즈	172	2026-03-21 17:48:31.883882+00	{"source": "home-recommendation", "resultRank": null, "queryLength": 0, "hasBirthDate": true, "searchSource": null, "seasonBucket": "spring", "guideCategory": "environment", "guidePriority": 90, "isMemorialPet": false, "guideSortOrder": 50, "strategyVersion": "guide-personalization-v3", "guideAgePolicyType": "all", "guideTargetSpecies": ["cat"], "guideRotationWeight": 1, "petSpeciesDisplayName": "말티즈", "petRepresentativeLabel": "강아지", "guideAgePolicyLifeStage": null, "petRepresentativeSpecies": "dog"}
2db27e3d-f613-4ee5-85b4-1e2a61163173	74cd98ab-5c3c-4502-b6cc-6543d8bd6a70	28b808cf-021d-47a9-9c20-017174d6cb01	10000000-0000-4000-8000-000000000002	home_impression	logged-in-home	20533	\N	dog	말티즈	172	2026-03-21 17:48:31.96419+00	{"source": "home-recommendation", "resultRank": null, "queryLength": 0, "hasBirthDate": true, "searchSource": null, "seasonBucket": "spring", "guideCategory": "nutrition", "guidePriority": 89, "isMemorialPet": false, "guideSortOrder": 20, "strategyVersion": "guide-personalization-v3", "guideAgePolicyType": "all", "guideTargetSpecies": ["dog"], "guideRotationWeight": 1, "petSpeciesDisplayName": "말티즈", "petRepresentativeLabel": "강아지", "guideAgePolicyLifeStage": null, "petRepresentativeSpecies": "dog"}
ee8a9803-2167-4358-bc41-509a70c3afbf	74cd98ab-5c3c-4502-b6cc-6543d8bd6a70	28b808cf-021d-47a9-9c20-017174d6cb01	11111111-1111-4111-8111-111111111111	home_impression	logged-in-home	20533	\N	dog	말티즈	172	2026-03-21 17:48:31.96419+00	{"source": "home-recommendation", "resultRank": null, "queryLength": 0, "hasBirthDate": true, "searchSource": null, "seasonBucket": "spring", "guideCategory": "daily-care", "guidePriority": 90, "isMemorialPet": false, "guideSortOrder": 10, "strategyVersion": "guide-personalization-v3", "guideAgePolicyType": "all", "guideTargetSpecies": ["common"], "guideRotationWeight": 1, "petSpeciesDisplayName": "말티즈", "petRepresentativeLabel": "강아지", "guideAgePolicyLifeStage": null, "petRepresentativeSpecies": "dog"}
b8f0d4d8-d5ae-4ec7-b0ca-81cb1df0176d	74cd98ab-5c3c-4502-b6cc-6543d8bd6a70	\N	10000000-0000-4000-8000-000000000002	home_impression	logged-in-home	20533	\N	\N	\N	\N	2026-03-21 17:48:31.984238+00	{"source": "home-recommendation", "resultRank": null, "queryLength": 0, "hasBirthDate": false, "searchSource": null, "seasonBucket": "spring", "guideCategory": "nutrition", "guidePriority": 89, "isMemorialPet": false, "guideSortOrder": 20, "strategyVersion": "guide-personalization-v3", "guideAgePolicyType": "all", "guideTargetSpecies": ["dog"], "guideRotationWeight": 1, "petSpeciesDisplayName": null, "petRepresentativeLabel": "기타", "guideAgePolicyLifeStage": null, "petRepresentativeSpecies": "other"}
cd6396df-394b-4ca7-9398-3ea28544e951	74cd98ab-5c3c-4502-b6cc-6543d8bd6a70	\N	11111111-1111-4111-8111-111111111111	home_impression	logged-in-home	20533	\N	\N	\N	\N	2026-03-21 17:48:31.984238+00	{"source": "home-recommendation", "resultRank": null, "queryLength": 0, "hasBirthDate": false, "searchSource": null, "seasonBucket": "spring", "guideCategory": "daily-care", "guidePriority": 90, "isMemorialPet": false, "guideSortOrder": 10, "strategyVersion": "guide-personalization-v3", "guideAgePolicyType": "all", "guideTargetSpecies": ["common"], "guideRotationWeight": 1, "petSpeciesDisplayName": null, "petRepresentativeLabel": "기타", "guideAgePolicyLifeStage": null, "petRepresentativeSpecies": "other"}
61f3e787-a49d-4c9e-a67a-6b2647e4b40d	74cd98ab-5c3c-4502-b6cc-6543d8bd6a70	28b808cf-021d-47a9-9c20-017174d6cb01	10000000-0000-4000-8000-000000000002	home_impression	logged-in-home	20533	\N	dog	말티즈	172	2026-03-21 17:50:41.88035+00	{"source": "home-recommendation", "resultRank": null, "queryLength": 0, "hasBirthDate": true, "searchSource": null, "seasonBucket": "spring", "guideCategory": "nutrition", "guidePriority": 89, "isMemorialPet": false, "guideSortOrder": 20, "strategyVersion": "guide-personalization-v3", "guideAgePolicyType": "all", "guideTargetSpecies": ["dog"], "guideRotationWeight": 1, "petSpeciesDisplayName": "말티즈", "petRepresentativeLabel": "강아지", "guideAgePolicyLifeStage": null, "petRepresentativeSpecies": "dog"}
85287e3b-9a38-41ae-b0c4-0ce25b7e7ff1	74cd98ab-5c3c-4502-b6cc-6543d8bd6a70	28b808cf-021d-47a9-9c20-017174d6cb01	11111111-1111-4111-8111-111111111111	home_impression	logged-in-home	20533	\N	dog	말티즈	172	2026-03-21 17:50:41.88035+00	{"source": "home-recommendation", "resultRank": null, "queryLength": 0, "hasBirthDate": true, "searchSource": null, "seasonBucket": "spring", "guideCategory": "daily-care", "guidePriority": 90, "isMemorialPet": false, "guideSortOrder": 10, "strategyVersion": "guide-personalization-v3", "guideAgePolicyType": "all", "guideTargetSpecies": ["common"], "guideRotationWeight": 1, "petSpeciesDisplayName": "말티즈", "petRepresentativeLabel": "강아지", "guideAgePolicyLifeStage": null, "petRepresentativeSpecies": "dog"}
6e3a4d42-c033-493f-be1b-02221cb4511a	74cd98ab-5c3c-4502-b6cc-6543d8bd6a70	28b808cf-021d-47a9-9c20-017174d6cb01	10000000-0000-4000-8000-000000000002	home_impression	logged-in-home	20533	\N	dog	말티즈	172	2026-03-21 17:52:23.718287+00	{"source": "home-recommendation", "resultRank": null, "queryLength": 0, "hasBirthDate": true, "searchSource": null, "seasonBucket": "spring", "guideCategory": "nutrition", "guidePriority": 89, "isMemorialPet": false, "guideSortOrder": 20, "strategyVersion": "guide-personalization-v3", "guideAgePolicyType": "all", "guideTargetSpecies": ["dog"], "guideRotationWeight": 1, "petSpeciesDisplayName": "말티즈", "petRepresentativeLabel": "강아지", "guideAgePolicyLifeStage": null, "petRepresentativeSpecies": "dog"}
5641b1f4-f648-4ac8-9940-f59ebfb65d21	74cd98ab-5c3c-4502-b6cc-6543d8bd6a70	28b808cf-021d-47a9-9c20-017174d6cb01	11111111-1111-4111-8111-111111111111	home_impression	logged-in-home	20533	\N	dog	말티즈	172	2026-03-21 17:52:23.718287+00	{"source": "home-recommendation", "resultRank": null, "queryLength": 0, "hasBirthDate": true, "searchSource": null, "seasonBucket": "spring", "guideCategory": "daily-care", "guidePriority": 90, "isMemorialPet": false, "guideSortOrder": 10, "strategyVersion": "guide-personalization-v3", "guideAgePolicyType": "all", "guideTargetSpecies": ["common"], "guideRotationWeight": 1, "petSpeciesDisplayName": "말티즈", "petRepresentativeLabel": "강아지", "guideAgePolicyLifeStage": null, "petRepresentativeSpecies": "dog"}
6b2a283b-dcda-4e87-9dcc-6a258514a06a	74cd98ab-5c3c-4502-b6cc-6543d8bd6a70	28b808cf-021d-47a9-9c20-017174d6cb01	10000000-0000-4000-8000-000000000002	home_impression	logged-in-home	20533	\N	dog	말티즈	172	2026-03-21 17:52:44.669082+00	{"source": "home-recommendation", "resultRank": null, "queryLength": 0, "hasBirthDate": true, "searchSource": null, "seasonBucket": "spring", "guideCategory": "nutrition", "guidePriority": 89, "isMemorialPet": false, "guideSortOrder": 20, "strategyVersion": "guide-personalization-v3", "guideAgePolicyType": "all", "guideTargetSpecies": ["dog"], "guideRotationWeight": 1, "petSpeciesDisplayName": "말티즈", "petRepresentativeLabel": "강아지", "guideAgePolicyLifeStage": null, "petRepresentativeSpecies": "dog"}
cb3ba95a-be2d-4fd5-a5ff-f363733606bd	74cd98ab-5c3c-4502-b6cc-6543d8bd6a70	28b808cf-021d-47a9-9c20-017174d6cb01	11111111-1111-4111-8111-111111111111	home_impression	logged-in-home	20533	\N	dog	말티즈	172	2026-03-21 17:52:44.669082+00	{"source": "home-recommendation", "resultRank": null, "queryLength": 0, "hasBirthDate": true, "searchSource": null, "seasonBucket": "spring", "guideCategory": "daily-care", "guidePriority": 90, "isMemorialPet": false, "guideSortOrder": 10, "strategyVersion": "guide-personalization-v3", "guideAgePolicyType": "all", "guideTargetSpecies": ["common"], "guideRotationWeight": 1, "petSpeciesDisplayName": "말티즈", "petRepresentativeLabel": "강아지", "guideAgePolicyLifeStage": null, "petRepresentativeSpecies": "dog"}
fbbea45d-32bb-4730-825f-643f90130af7	74cd98ab-5c3c-4502-b6cc-6543d8bd6a70	28b808cf-021d-47a9-9c20-017174d6cb01	10000000-0000-4000-8000-000000000002	home_impression	logged-in-home	20533	\N	dog	말티즈	172	2026-03-21 18:00:30.916535+00	{"source": "home-recommendation", "resultRank": null, "queryLength": 0, "hasBirthDate": true, "searchSource": null, "seasonBucket": "spring", "guideCategory": "nutrition", "guidePriority": 89, "isMemorialPet": false, "guideSortOrder": 20, "strategyVersion": "guide-personalization-v3", "guideAgePolicyType": "all", "guideTargetSpecies": ["dog"], "guideRotationWeight": 1, "petSpeciesDisplayName": "말티즈", "petRepresentativeLabel": "강아지", "guideAgePolicyLifeStage": null, "petRepresentativeSpecies": "dog"}
0896fceb-967f-4e78-aa02-bb41b2551eda	74cd98ab-5c3c-4502-b6cc-6543d8bd6a70	28b808cf-021d-47a9-9c20-017174d6cb01	11111111-1111-4111-8111-111111111111	home_impression	logged-in-home	20533	\N	dog	말티즈	172	2026-03-21 18:00:30.916535+00	{"source": "home-recommendation", "resultRank": null, "queryLength": 0, "hasBirthDate": true, "searchSource": null, "seasonBucket": "spring", "guideCategory": "daily-care", "guidePriority": 90, "isMemorialPet": false, "guideSortOrder": 10, "strategyVersion": "guide-personalization-v3", "guideAgePolicyType": "all", "guideTargetSpecies": ["common"], "guideRotationWeight": 1, "petSpeciesDisplayName": "말티즈", "petRepresentativeLabel": "강아지", "guideAgePolicyLifeStage": null, "petRepresentativeSpecies": "dog"}
74484e22-63c8-40a6-82f5-5cdf5a912e76	74cd98ab-5c3c-4502-b6cc-6543d8bd6a70	28b808cf-021d-47a9-9c20-017174d6cb01	10000000-0000-4000-8000-000000000002	home_impression	logged-in-home	20533	\N	dog	말티즈	172	2026-03-21 18:00:37.56758+00	{"source": "home-recommendation", "resultRank": null, "queryLength": 0, "hasBirthDate": true, "searchSource": null, "seasonBucket": "spring", "guideCategory": "nutrition", "guidePriority": 89, "isMemorialPet": false, "guideSortOrder": 20, "strategyVersion": "guide-personalization-v3", "guideAgePolicyType": "all", "guideTargetSpecies": ["dog"], "guideRotationWeight": 1, "petSpeciesDisplayName": "말티즈", "petRepresentativeLabel": "강아지", "guideAgePolicyLifeStage": null, "petRepresentativeSpecies": "dog"}
89e1d4c6-83df-43f2-8eee-8ff5d847b01e	74cd98ab-5c3c-4502-b6cc-6543d8bd6a70	28b808cf-021d-47a9-9c20-017174d6cb01	11111111-1111-4111-8111-111111111111	home_impression	logged-in-home	20533	\N	dog	말티즈	172	2026-03-21 18:00:37.56758+00	{"source": "home-recommendation", "resultRank": null, "queryLength": 0, "hasBirthDate": true, "searchSource": null, "seasonBucket": "spring", "guideCategory": "daily-care", "guidePriority": 90, "isMemorialPet": false, "guideSortOrder": 10, "strategyVersion": "guide-personalization-v3", "guideAgePolicyType": "all", "guideTargetSpecies": ["common"], "guideRotationWeight": 1, "petSpeciesDisplayName": "말티즈", "petRepresentativeLabel": "강아지", "guideAgePolicyLifeStage": null, "petRepresentativeSpecies": "dog"}
a8c1e8e0-b6f3-4de7-917a-7d33c54cb722	74cd98ab-5c3c-4502-b6cc-6543d8bd6a70	28b808cf-021d-47a9-9c20-017174d6cb01	10000000-0000-4000-8000-000000000002	home_impression	logged-in-home	20533	\N	dog	말티즈	172	2026-03-21 18:04:21.733277+00	{"source": "home-recommendation", "resultRank": null, "queryLength": 0, "hasBirthDate": true, "searchSource": null, "seasonBucket": "spring", "guideCategory": "nutrition", "guidePriority": 89, "isMemorialPet": false, "guideSortOrder": 20, "strategyVersion": "guide-personalization-v3", "guideAgePolicyType": "all", "guideTargetSpecies": ["dog"], "guideRotationWeight": 1, "petSpeciesDisplayName": "말티즈", "petRepresentativeLabel": "강아지", "guideAgePolicyLifeStage": null, "petRepresentativeSpecies": "dog"}
94ab07a7-4885-49b3-9860-5af58deb7192	74cd98ab-5c3c-4502-b6cc-6543d8bd6a70	28b808cf-021d-47a9-9c20-017174d6cb01	11111111-1111-4111-8111-111111111111	home_impression	logged-in-home	20533	\N	dog	말티즈	172	2026-03-21 18:04:21.733277+00	{"source": "home-recommendation", "resultRank": null, "queryLength": 0, "hasBirthDate": true, "searchSource": null, "seasonBucket": "spring", "guideCategory": "daily-care", "guidePriority": 90, "isMemorialPet": false, "guideSortOrder": 10, "strategyVersion": "guide-personalization-v3", "guideAgePolicyType": "all", "guideTargetSpecies": ["common"], "guideRotationWeight": 1, "petSpeciesDisplayName": "말티즈", "petRepresentativeLabel": "강아지", "guideAgePolicyLifeStage": null, "petRepresentativeSpecies": "dog"}
5609b662-5e2e-4081-8b04-02bf396bcabc	74cd98ab-5c3c-4502-b6cc-6543d8bd6a70	3c985cf8-4ad3-4af0-9801-2c168e95484e	10000000-0000-4000-8000-000000000002	home_impression	logged-in-home	20533	\N	dog	말티즈	0	2026-03-21 18:05:16.629005+00	{"source": "home-recommendation", "resultRank": null, "queryLength": 0, "hasBirthDate": true, "searchSource": null, "seasonBucket": "spring", "guideCategory": "nutrition", "guidePriority": 89, "isMemorialPet": false, "guideSortOrder": 20, "strategyVersion": "guide-personalization-v3", "guideAgePolicyType": "all", "guideTargetSpecies": ["dog"], "guideRotationWeight": 1, "petSpeciesDisplayName": "말티즈", "petRepresentativeLabel": "강아지", "guideAgePolicyLifeStage": null, "petRepresentativeSpecies": "dog"}
8c6ea74f-5bf9-4b37-9cb0-3df01b660a72	74cd98ab-5c3c-4502-b6cc-6543d8bd6a70	3c985cf8-4ad3-4af0-9801-2c168e95484e	11111111-1111-4111-8111-111111111111	home_impression	logged-in-home	20533	\N	dog	말티즈	0	2026-03-21 18:05:16.629005+00	{"source": "home-recommendation", "resultRank": null, "queryLength": 0, "hasBirthDate": true, "searchSource": null, "seasonBucket": "spring", "guideCategory": "daily-care", "guidePriority": 90, "isMemorialPet": false, "guideSortOrder": 10, "strategyVersion": "guide-personalization-v3", "guideAgePolicyType": "all", "guideTargetSpecies": ["common"], "guideRotationWeight": 1, "petSpeciesDisplayName": "말티즈", "petRepresentativeLabel": "강아지", "guideAgePolicyLifeStage": null, "petRepresentativeSpecies": "dog"}
22c04af2-a50b-4300-b0f5-570f9d112dcc	74cd98ab-5c3c-4502-b6cc-6543d8bd6a70	3c985cf8-4ad3-4af0-9801-2c168e95484e	10000000-0000-4000-8000-000000000001	home_impression	logged-in-home	20533	\N	dog	말티즈	0	2026-03-21 18:05:16.637237+00	{"source": "home-recommendation", "resultRank": null, "queryLength": 0, "hasBirthDate": true, "searchSource": null, "seasonBucket": "spring", "guideCategory": "health", "guidePriority": 92, "isMemorialPet": false, "guideSortOrder": 10, "strategyVersion": "guide-personalization-v3", "guideAgePolicyType": "lifeStage", "guideTargetSpecies": ["dog"], "guideRotationWeight": 1, "petSpeciesDisplayName": "말티즈", "petRepresentativeLabel": "강아지", "guideAgePolicyLifeStage": "baby", "petRepresentativeSpecies": "dog"}
cbc4a4d8-3cea-4fec-bbe8-e67994decd4b	74cd98ab-5c3c-4502-b6cc-6543d8bd6a70	3c985cf8-4ad3-4af0-9801-2c168e95484e	11111111-1111-4111-8111-111111111111	home_impression	logged-in-home	20533	\N	dog	말티즈	0	2026-03-21 18:05:16.637237+00	{"source": "home-recommendation", "resultRank": null, "queryLength": 0, "hasBirthDate": true, "searchSource": null, "seasonBucket": "spring", "guideCategory": "daily-care", "guidePriority": 90, "isMemorialPet": false, "guideSortOrder": 10, "strategyVersion": "guide-personalization-v3", "guideAgePolicyType": "all", "guideTargetSpecies": ["common"], "guideRotationWeight": 1, "petSpeciesDisplayName": "말티즈", "petRepresentativeLabel": "강아지", "guideAgePolicyLifeStage": null, "petRepresentativeSpecies": "dog"}
77a4359e-f3b1-4e7d-ba6e-257680d4a3e3	74cd98ab-5c3c-4502-b6cc-6543d8bd6a70	3c985cf8-4ad3-4af0-9801-2c168e95484e	10000000-0000-4000-8000-000000000001	home_impression	logged-in-home	20533	\N	dog	말티즈	0	2026-03-21 18:05:23.205442+00	{"source": "home-recommendation", "resultRank": null, "queryLength": 0, "hasBirthDate": true, "searchSource": null, "seasonBucket": "spring", "guideCategory": "health", "guidePriority": 92, "isMemorialPet": false, "guideSortOrder": 10, "strategyVersion": "guide-personalization-v3", "guideAgePolicyType": "lifeStage", "guideTargetSpecies": ["dog"], "guideRotationWeight": 1, "petSpeciesDisplayName": "말티즈", "petRepresentativeLabel": "강아지", "guideAgePolicyLifeStage": "baby", "petRepresentativeSpecies": "dog"}
a89eae66-a8f8-41b6-a9c4-53f5fcb28ad6	74cd98ab-5c3c-4502-b6cc-6543d8bd6a70	3c985cf8-4ad3-4af0-9801-2c168e95484e	11111111-1111-4111-8111-111111111111	home_impression	logged-in-home	20533	\N	dog	말티즈	0	2026-03-21 18:05:23.205442+00	{"source": "home-recommendation", "resultRank": null, "queryLength": 0, "hasBirthDate": true, "searchSource": null, "seasonBucket": "spring", "guideCategory": "daily-care", "guidePriority": 90, "isMemorialPet": false, "guideSortOrder": 10, "strategyVersion": "guide-personalization-v3", "guideAgePolicyType": "all", "guideTargetSpecies": ["common"], "guideRotationWeight": 1, "petSpeciesDisplayName": "말티즈", "petRepresentativeLabel": "강아지", "guideAgePolicyLifeStage": null, "petRepresentativeSpecies": "dog"}
281ef997-dfa1-48be-ab74-6eac6daf7511	74cd98ab-5c3c-4502-b6cc-6543d8bd6a70	28b808cf-021d-47a9-9c20-017174d6cb01	10000000-0000-4000-8000-000000000001	home_impression	logged-in-home	20533	\N	dog	말티즈	172	2026-03-21 18:05:39.279833+00	{"source": "home-recommendation", "resultRank": null, "queryLength": 0, "hasBirthDate": true, "searchSource": null, "seasonBucket": "spring", "guideCategory": "health", "guidePriority": 92, "isMemorialPet": false, "guideSortOrder": 10, "strategyVersion": "guide-personalization-v3", "guideAgePolicyType": "lifeStage", "guideTargetSpecies": ["dog"], "guideRotationWeight": 1, "petSpeciesDisplayName": "말티즈", "petRepresentativeLabel": "강아지", "guideAgePolicyLifeStage": "baby", "petRepresentativeSpecies": "dog"}
bfa07a53-2d1e-4028-9da6-3362436e3f6d	74cd98ab-5c3c-4502-b6cc-6543d8bd6a70	28b808cf-021d-47a9-9c20-017174d6cb01	11111111-1111-4111-8111-111111111111	home_impression	logged-in-home	20533	\N	dog	말티즈	172	2026-03-21 18:05:39.279833+00	{"source": "home-recommendation", "resultRank": null, "queryLength": 0, "hasBirthDate": true, "searchSource": null, "seasonBucket": "spring", "guideCategory": "daily-care", "guidePriority": 90, "isMemorialPet": false, "guideSortOrder": 10, "strategyVersion": "guide-personalization-v3", "guideAgePolicyType": "all", "guideTargetSpecies": ["common"], "guideRotationWeight": 1, "petSpeciesDisplayName": "말티즈", "petRepresentativeLabel": "강아지", "guideAgePolicyLifeStage": null, "petRepresentativeSpecies": "dog"}
e7460781-bf28-4a14-af5e-5d3f94f655f3	74cd98ab-5c3c-4502-b6cc-6543d8bd6a70	28b808cf-021d-47a9-9c20-017174d6cb01	10000000-0000-4000-8000-000000000002	home_impression	logged-in-home	20533	\N	dog	말티즈	172	2026-03-21 18:05:39.283976+00	{"source": "home-recommendation", "resultRank": null, "queryLength": 0, "hasBirthDate": true, "searchSource": null, "seasonBucket": "spring", "guideCategory": "nutrition", "guidePriority": 89, "isMemorialPet": false, "guideSortOrder": 20, "strategyVersion": "guide-personalization-v3", "guideAgePolicyType": "all", "guideTargetSpecies": ["dog"], "guideRotationWeight": 1, "petSpeciesDisplayName": "말티즈", "petRepresentativeLabel": "강아지", "guideAgePolicyLifeStage": null, "petRepresentativeSpecies": "dog"}
10c95404-778b-4592-9f6b-13df87786c22	74cd98ab-5c3c-4502-b6cc-6543d8bd6a70	28b808cf-021d-47a9-9c20-017174d6cb01	11111111-1111-4111-8111-111111111111	home_impression	logged-in-home	20533	\N	dog	말티즈	172	2026-03-21 18:05:39.283976+00	{"source": "home-recommendation", "resultRank": null, "queryLength": 0, "hasBirthDate": true, "searchSource": null, "seasonBucket": "spring", "guideCategory": "daily-care", "guidePriority": 90, "isMemorialPet": false, "guideSortOrder": 10, "strategyVersion": "guide-personalization-v3", "guideAgePolicyType": "all", "guideTargetSpecies": ["common"], "guideRotationWeight": 1, "petSpeciesDisplayName": "말티즈", "petRepresentativeLabel": "강아지", "guideAgePolicyLifeStage": null, "petRepresentativeSpecies": "dog"}
1d387639-1573-4c16-95b5-999c913a5519	74cd98ab-5c3c-4502-b6cc-6543d8bd6a70	28b808cf-021d-47a9-9c20-017174d6cb01	10000000-0000-4000-8000-000000000002	home_impression	logged-in-home	20533	\N	dog	말티즈	172	2026-03-21 18:06:02.861193+00	{"source": "home-recommendation", "resultRank": null, "queryLength": 0, "hasBirthDate": true, "searchSource": null, "seasonBucket": "spring", "guideCategory": "nutrition", "guidePriority": 89, "isMemorialPet": false, "guideSortOrder": 20, "strategyVersion": "guide-personalization-v3", "guideAgePolicyType": "all", "guideTargetSpecies": ["dog"], "guideRotationWeight": 1, "petSpeciesDisplayName": "말티즈", "petRepresentativeLabel": "강아지", "guideAgePolicyLifeStage": null, "petRepresentativeSpecies": "dog"}
0c29cfca-8ec5-4258-9e43-c0c35d730bc6	74cd98ab-5c3c-4502-b6cc-6543d8bd6a70	28b808cf-021d-47a9-9c20-017174d6cb01	11111111-1111-4111-8111-111111111111	home_impression	logged-in-home	20533	\N	dog	말티즈	172	2026-03-21 18:06:02.861193+00	{"source": "home-recommendation", "resultRank": null, "queryLength": 0, "hasBirthDate": true, "searchSource": null, "seasonBucket": "spring", "guideCategory": "daily-care", "guidePriority": 90, "isMemorialPet": false, "guideSortOrder": 10, "strategyVersion": "guide-personalization-v3", "guideAgePolicyType": "all", "guideTargetSpecies": ["common"], "guideRotationWeight": 1, "petSpeciesDisplayName": "말티즈", "petRepresentativeLabel": "강아지", "guideAgePolicyLifeStage": null, "petRepresentativeSpecies": "dog"}
5ce34a4c-7553-4f55-ad8d-09503f362e78	74cd98ab-5c3c-4502-b6cc-6543d8bd6a70	28b808cf-021d-47a9-9c20-017174d6cb01	10000000-0000-4000-8000-000000000002	home_impression	logged-in-home	20533	\N	dog	말티즈	172	2026-03-21 18:06:10.849028+00	{"source": "home-recommendation", "resultRank": null, "queryLength": 0, "hasBirthDate": true, "searchSource": null, "seasonBucket": "spring", "guideCategory": "nutrition", "guidePriority": 89, "isMemorialPet": false, "guideSortOrder": 20, "strategyVersion": "guide-personalization-v3", "guideAgePolicyType": "all", "guideTargetSpecies": ["dog"], "guideRotationWeight": 1, "petSpeciesDisplayName": "말티즈", "petRepresentativeLabel": "강아지", "guideAgePolicyLifeStage": null, "petRepresentativeSpecies": "dog"}
2eba6ab5-2c6b-4da9-8e64-b34a095fecef	74cd98ab-5c3c-4502-b6cc-6543d8bd6a70	28b808cf-021d-47a9-9c20-017174d6cb01	11111111-1111-4111-8111-111111111111	home_impression	logged-in-home	20533	\N	dog	말티즈	172	2026-03-21 18:06:10.849028+00	{"source": "home-recommendation", "resultRank": null, "queryLength": 0, "hasBirthDate": true, "searchSource": null, "seasonBucket": "spring", "guideCategory": "daily-care", "guidePriority": 90, "isMemorialPet": false, "guideSortOrder": 10, "strategyVersion": "guide-personalization-v3", "guideAgePolicyType": "all", "guideTargetSpecies": ["common"], "guideRotationWeight": 1, "petSpeciesDisplayName": "말티즈", "petRepresentativeLabel": "강아지", "guideAgePolicyLifeStage": null, "petRepresentativeSpecies": "dog"}
98381f93-8521-43f6-8075-2c7f5c91ecb4	74cd98ab-5c3c-4502-b6cc-6543d8bd6a70	3c985cf8-4ad3-4af0-9801-2c168e95484e	10000000-0000-4000-8000-000000000002	home_impression	logged-in-home	20533	\N	dog	말티즈	0	2026-03-21 18:06:12.526369+00	{"source": "home-recommendation", "resultRank": null, "queryLength": 0, "hasBirthDate": true, "searchSource": null, "seasonBucket": "spring", "guideCategory": "nutrition", "guidePriority": 89, "isMemorialPet": false, "guideSortOrder": 20, "strategyVersion": "guide-personalization-v3", "guideAgePolicyType": "all", "guideTargetSpecies": ["dog"], "guideRotationWeight": 1, "petSpeciesDisplayName": "말티즈", "petRepresentativeLabel": "강아지", "guideAgePolicyLifeStage": null, "petRepresentativeSpecies": "dog"}
d42779e6-83a2-4b6f-8681-b95cf694b63d	74cd98ab-5c3c-4502-b6cc-6543d8bd6a70	3c985cf8-4ad3-4af0-9801-2c168e95484e	11111111-1111-4111-8111-111111111111	home_impression	logged-in-home	20533	\N	dog	말티즈	0	2026-03-21 18:06:12.526369+00	{"source": "home-recommendation", "resultRank": null, "queryLength": 0, "hasBirthDate": true, "searchSource": null, "seasonBucket": "spring", "guideCategory": "daily-care", "guidePriority": 90, "isMemorialPet": false, "guideSortOrder": 10, "strategyVersion": "guide-personalization-v3", "guideAgePolicyType": "all", "guideTargetSpecies": ["common"], "guideRotationWeight": 1, "petSpeciesDisplayName": "말티즈", "petRepresentativeLabel": "강아지", "guideAgePolicyLifeStage": null, "petRepresentativeSpecies": "dog"}
828dc891-00ba-49c3-bbc5-1d9ef636a4e6	74cd98ab-5c3c-4502-b6cc-6543d8bd6a70	3c985cf8-4ad3-4af0-9801-2c168e95484e	10000000-0000-4000-8000-000000000001	home_impression	logged-in-home	20533	\N	dog	말티즈	0	2026-03-21 18:06:12.535868+00	{"source": "home-recommendation", "resultRank": null, "queryLength": 0, "hasBirthDate": true, "searchSource": null, "seasonBucket": "spring", "guideCategory": "health", "guidePriority": 92, "isMemorialPet": false, "guideSortOrder": 10, "strategyVersion": "guide-personalization-v3", "guideAgePolicyType": "lifeStage", "guideTargetSpecies": ["dog"], "guideRotationWeight": 1, "petSpeciesDisplayName": "말티즈", "petRepresentativeLabel": "강아지", "guideAgePolicyLifeStage": "baby", "petRepresentativeSpecies": "dog"}
20c11cd8-586c-435c-a744-3ee7a313898a	74cd98ab-5c3c-4502-b6cc-6543d8bd6a70	3c985cf8-4ad3-4af0-9801-2c168e95484e	11111111-1111-4111-8111-111111111111	home_impression	logged-in-home	20533	\N	dog	말티즈	0	2026-03-21 18:06:12.535868+00	{"source": "home-recommendation", "resultRank": null, "queryLength": 0, "hasBirthDate": true, "searchSource": null, "seasonBucket": "spring", "guideCategory": "daily-care", "guidePriority": 90, "isMemorialPet": false, "guideSortOrder": 10, "strategyVersion": "guide-personalization-v3", "guideAgePolicyType": "all", "guideTargetSpecies": ["common"], "guideRotationWeight": 1, "petSpeciesDisplayName": "말티즈", "petRepresentativeLabel": "강아지", "guideAgePolicyLifeStage": null, "petRepresentativeSpecies": "dog"}
af8de8ed-39e9-4f9b-8c3c-ef18db58717c	74cd98ab-5c3c-4502-b6cc-6543d8bd6a70	28b808cf-021d-47a9-9c20-017174d6cb01	10000000-0000-4000-8000-000000000001	home_impression	logged-in-home	20533	\N	dog	말티즈	172	2026-03-21 18:16:46.650733+00	{"source": "home-recommendation", "resultRank": null, "queryLength": 0, "hasBirthDate": true, "searchSource": null, "seasonBucket": "spring", "guideCategory": "health", "guidePriority": 92, "isMemorialPet": false, "guideSortOrder": 10, "strategyVersion": "guide-personalization-v3", "guideAgePolicyType": "lifeStage", "guideTargetSpecies": ["dog"], "guideRotationWeight": 1, "petSpeciesDisplayName": "말티즈", "petRepresentativeLabel": "강아지", "guideAgePolicyLifeStage": "baby", "petRepresentativeSpecies": "dog"}
1df134df-7692-4103-af53-831c8817c940	74cd98ab-5c3c-4502-b6cc-6543d8bd6a70	28b808cf-021d-47a9-9c20-017174d6cb01	10000000-0000-4000-8000-000000000002	home_impression	logged-in-home	20533	\N	dog	말티즈	172	2026-03-21 18:16:46.653882+00	{"source": "home-recommendation", "resultRank": null, "queryLength": 0, "hasBirthDate": true, "searchSource": null, "seasonBucket": "spring", "guideCategory": "nutrition", "guidePriority": 89, "isMemorialPet": false, "guideSortOrder": 20, "strategyVersion": "guide-personalization-v3", "guideAgePolicyType": "all", "guideTargetSpecies": ["dog"], "guideRotationWeight": 1, "petSpeciesDisplayName": "말티즈", "petRepresentativeLabel": "강아지", "guideAgePolicyLifeStage": null, "petRepresentativeSpecies": "dog"}
dd465101-2eb9-48e1-804d-48c805b833a2	74cd98ab-5c3c-4502-b6cc-6543d8bd6a70	28b808cf-021d-47a9-9c20-017174d6cb01	11111111-1111-4111-8111-111111111111	home_impression	logged-in-home	20533	\N	dog	말티즈	172	2026-03-21 18:16:46.650733+00	{"source": "home-recommendation", "resultRank": null, "queryLength": 0, "hasBirthDate": true, "searchSource": null, "seasonBucket": "spring", "guideCategory": "daily-care", "guidePriority": 90, "isMemorialPet": false, "guideSortOrder": 10, "strategyVersion": "guide-personalization-v3", "guideAgePolicyType": "all", "guideTargetSpecies": ["common"], "guideRotationWeight": 1, "petSpeciesDisplayName": "말티즈", "petRepresentativeLabel": "강아지", "guideAgePolicyLifeStage": null, "petRepresentativeSpecies": "dog"}
baf7eb3a-7383-4703-9157-3d0546ebdd94	74cd98ab-5c3c-4502-b6cc-6543d8bd6a70	28b808cf-021d-47a9-9c20-017174d6cb01	11111111-1111-4111-8111-111111111111	home_impression	logged-in-home	20533	\N	dog	말티즈	172	2026-03-21 18:16:46.653882+00	{"source": "home-recommendation", "resultRank": null, "queryLength": 0, "hasBirthDate": true, "searchSource": null, "seasonBucket": "spring", "guideCategory": "daily-care", "guidePriority": 90, "isMemorialPet": false, "guideSortOrder": 10, "strategyVersion": "guide-personalization-v3", "guideAgePolicyType": "all", "guideTargetSpecies": ["common"], "guideRotationWeight": 1, "petSpeciesDisplayName": "말티즈", "petRepresentativeLabel": "강아지", "guideAgePolicyLifeStage": null, "petRepresentativeSpecies": "dog"}
2d782f05-f9d7-488a-8346-dfc4a95a2928	74cd98ab-5c3c-4502-b6cc-6543d8bd6a70	3c985cf8-4ad3-4af0-9801-2c168e95484e	10000000-0000-4000-8000-000000000001	home_impression	logged-in-home	20533	\N	dog	말티즈	0	2026-03-21 18:16:48.126634+00	{"source": "home-recommendation", "resultRank": null, "queryLength": 0, "hasBirthDate": true, "searchSource": null, "seasonBucket": "spring", "guideCategory": "health", "guidePriority": 92, "isMemorialPet": false, "guideSortOrder": 10, "strategyVersion": "guide-personalization-v3", "guideAgePolicyType": "lifeStage", "guideTargetSpecies": ["dog"], "guideRotationWeight": 1, "petSpeciesDisplayName": "말티즈", "petRepresentativeLabel": "강아지", "guideAgePolicyLifeStage": "baby", "petRepresentativeSpecies": "dog"}
f7c0dfc2-006d-4dc8-b870-c6408a5ca00a	74cd98ab-5c3c-4502-b6cc-6543d8bd6a70	3c985cf8-4ad3-4af0-9801-2c168e95484e	11111111-1111-4111-8111-111111111111	home_impression	logged-in-home	20533	\N	dog	말티즈	0	2026-03-21 18:16:48.126634+00	{"source": "home-recommendation", "resultRank": null, "queryLength": 0, "hasBirthDate": true, "searchSource": null, "seasonBucket": "spring", "guideCategory": "daily-care", "guidePriority": 90, "isMemorialPet": false, "guideSortOrder": 10, "strategyVersion": "guide-personalization-v3", "guideAgePolicyType": "all", "guideTargetSpecies": ["common"], "guideRotationWeight": 1, "petSpeciesDisplayName": "말티즈", "petRepresentativeLabel": "강아지", "guideAgePolicyLifeStage": null, "petRepresentativeSpecies": "dog"}
7bf40012-2ea5-4086-83fa-eb3c15c285ed	74cd98ab-5c3c-4502-b6cc-6543d8bd6a70	3c985cf8-4ad3-4af0-9801-2c168e95484e	10000000-0000-4000-8000-000000000001	home_impression	logged-in-home	20533	\N	dog	말티즈	0	2026-03-21 18:16:50.883936+00	{"source": "home-recommendation", "resultRank": null, "queryLength": 0, "hasBirthDate": true, "searchSource": null, "seasonBucket": "spring", "guideCategory": "health", "guidePriority": 92, "isMemorialPet": false, "guideSortOrder": 10, "strategyVersion": "guide-personalization-v3", "guideAgePolicyType": "lifeStage", "guideTargetSpecies": ["dog"], "guideRotationWeight": 1, "petSpeciesDisplayName": "말티즈", "petRepresentativeLabel": "강아지", "guideAgePolicyLifeStage": "baby", "petRepresentativeSpecies": "dog"}
489bca32-f828-4c48-862f-730d03b9fdc8	74cd98ab-5c3c-4502-b6cc-6543d8bd6a70	3c985cf8-4ad3-4af0-9801-2c168e95484e	11111111-1111-4111-8111-111111111111	home_impression	logged-in-home	20533	\N	dog	말티즈	0	2026-03-21 18:16:50.883936+00	{"source": "home-recommendation", "resultRank": null, "queryLength": 0, "hasBirthDate": true, "searchSource": null, "seasonBucket": "spring", "guideCategory": "daily-care", "guidePriority": 90, "isMemorialPet": false, "guideSortOrder": 10, "strategyVersion": "guide-personalization-v3", "guideAgePolicyType": "all", "guideTargetSpecies": ["common"], "guideRotationWeight": 1, "petSpeciesDisplayName": "말티즈", "petRepresentativeLabel": "강아지", "guideAgePolicyLifeStage": null, "petRepresentativeSpecies": "dog"}
f181bfec-7bd7-4330-8ad8-6fade275cb97	74cd98ab-5c3c-4502-b6cc-6543d8bd6a70	3c985cf8-4ad3-4af0-9801-2c168e95484e	10000000-0000-4000-8000-000000000002	home_impression	logged-in-home	20533	\N	dog	말티즈	0	2026-03-21 18:16:48.12244+00	{"source": "home-recommendation", "resultRank": null, "queryLength": 0, "hasBirthDate": true, "searchSource": null, "seasonBucket": "spring", "guideCategory": "nutrition", "guidePriority": 89, "isMemorialPet": false, "guideSortOrder": 20, "strategyVersion": "guide-personalization-v3", "guideAgePolicyType": "all", "guideTargetSpecies": ["dog"], "guideRotationWeight": 1, "petSpeciesDisplayName": "말티즈", "petRepresentativeLabel": "강아지", "guideAgePolicyLifeStage": null, "petRepresentativeSpecies": "dog"}
aefd3836-edc1-4bce-8a33-73b9d1945d9a	74cd98ab-5c3c-4502-b6cc-6543d8bd6a70	3c985cf8-4ad3-4af0-9801-2c168e95484e	11111111-1111-4111-8111-111111111111	home_impression	logged-in-home	20533	\N	dog	말티즈	0	2026-03-21 18:16:48.12244+00	{"source": "home-recommendation", "resultRank": null, "queryLength": 0, "hasBirthDate": true, "searchSource": null, "seasonBucket": "spring", "guideCategory": "daily-care", "guidePriority": 90, "isMemorialPet": false, "guideSortOrder": 10, "strategyVersion": "guide-personalization-v3", "guideAgePolicyType": "all", "guideTargetSpecies": ["common"], "guideRotationWeight": 1, "petSpeciesDisplayName": "말티즈", "petRepresentativeLabel": "강아지", "guideAgePolicyLifeStage": null, "petRepresentativeSpecies": "dog"}
bc85cf74-9a09-462f-803c-6506e649f23b	74cd98ab-5c3c-4502-b6cc-6543d8bd6a70	3c985cf8-4ad3-4af0-9801-2c168e95484e	10000000-0000-4000-8000-000000000002	home_impression	logged-in-home	20533	\N	dog	말티즈	0	2026-03-21 18:16:50.86293+00	{"source": "home-recommendation", "resultRank": null, "queryLength": 0, "hasBirthDate": true, "searchSource": null, "seasonBucket": "spring", "guideCategory": "nutrition", "guidePriority": 89, "isMemorialPet": false, "guideSortOrder": 20, "strategyVersion": "guide-personalization-v3", "guideAgePolicyType": "all", "guideTargetSpecies": ["dog"], "guideRotationWeight": 1, "petSpeciesDisplayName": "말티즈", "petRepresentativeLabel": "강아지", "guideAgePolicyLifeStage": null, "petRepresentativeSpecies": "dog"}
d51aa2a0-3590-49a2-92e6-2ec2dda3d304	74cd98ab-5c3c-4502-b6cc-6543d8bd6a70	3c985cf8-4ad3-4af0-9801-2c168e95484e	11111111-1111-4111-8111-111111111111	home_impression	logged-in-home	20533	\N	dog	말티즈	0	2026-03-21 18:16:50.86293+00	{"source": "home-recommendation", "resultRank": null, "queryLength": 0, "hasBirthDate": true, "searchSource": null, "seasonBucket": "spring", "guideCategory": "daily-care", "guidePriority": 90, "isMemorialPet": false, "guideSortOrder": 10, "strategyVersion": "guide-personalization-v3", "guideAgePolicyType": "all", "guideTargetSpecies": ["common"], "guideRotationWeight": 1, "petSpeciesDisplayName": "말티즈", "petRepresentativeLabel": "강아지", "guideAgePolicyLifeStage": null, "petRepresentativeSpecies": "dog"}
2fe8a467-e77b-43c4-80c3-2097ed69815e	74cd98ab-5c3c-4502-b6cc-6543d8bd6a70	28b808cf-021d-47a9-9c20-017174d6cb01	10000000-0000-4000-8000-000000000001	home_impression	logged-in-home	20533	\N	dog	말티즈	172	2026-03-21 18:16:49.172109+00	{"source": "home-recommendation", "resultRank": null, "queryLength": 0, "hasBirthDate": true, "searchSource": null, "seasonBucket": "spring", "guideCategory": "health", "guidePriority": 92, "isMemorialPet": false, "guideSortOrder": 10, "strategyVersion": "guide-personalization-v3", "guideAgePolicyType": "lifeStage", "guideTargetSpecies": ["dog"], "guideRotationWeight": 1, "petSpeciesDisplayName": "말티즈", "petRepresentativeLabel": "강아지", "guideAgePolicyLifeStage": "baby", "petRepresentativeSpecies": "dog"}
d7320fe1-653f-4330-ac74-8a01426cc8f9	74cd98ab-5c3c-4502-b6cc-6543d8bd6a70	28b808cf-021d-47a9-9c20-017174d6cb01	11111111-1111-4111-8111-111111111111	home_impression	logged-in-home	20533	\N	dog	말티즈	172	2026-03-21 18:16:49.172109+00	{"source": "home-recommendation", "resultRank": null, "queryLength": 0, "hasBirthDate": true, "searchSource": null, "seasonBucket": "spring", "guideCategory": "daily-care", "guidePriority": 90, "isMemorialPet": false, "guideSortOrder": 10, "strategyVersion": "guide-personalization-v3", "guideAgePolicyType": "all", "guideTargetSpecies": ["common"], "guideRotationWeight": 1, "petSpeciesDisplayName": "말티즈", "petRepresentativeLabel": "강아지", "guideAgePolicyLifeStage": null, "petRepresentativeSpecies": "dog"}
221a7f55-1ea8-4ed6-9d9b-9555737416bd	74cd98ab-5c3c-4502-b6cc-6543d8bd6a70	28b808cf-021d-47a9-9c20-017174d6cb01	10000000-0000-4000-8000-000000000002	home_impression	logged-in-home	20533	\N	dog	말티즈	172	2026-03-21 18:16:49.18268+00	{"source": "home-recommendation", "resultRank": null, "queryLength": 0, "hasBirthDate": true, "searchSource": null, "seasonBucket": "spring", "guideCategory": "nutrition", "guidePriority": 89, "isMemorialPet": false, "guideSortOrder": 20, "strategyVersion": "guide-personalization-v3", "guideAgePolicyType": "all", "guideTargetSpecies": ["dog"], "guideRotationWeight": 1, "petSpeciesDisplayName": "말티즈", "petRepresentativeLabel": "강아지", "guideAgePolicyLifeStage": null, "petRepresentativeSpecies": "dog"}
a02575a6-8616-45ca-9a85-de41e4755178	74cd98ab-5c3c-4502-b6cc-6543d8bd6a70	28b808cf-021d-47a9-9c20-017174d6cb01	11111111-1111-4111-8111-111111111111	home_impression	logged-in-home	20533	\N	dog	말티즈	172	2026-03-21 18:16:49.18268+00	{"source": "home-recommendation", "resultRank": null, "queryLength": 0, "hasBirthDate": true, "searchSource": null, "seasonBucket": "spring", "guideCategory": "daily-care", "guidePriority": 90, "isMemorialPet": false, "guideSortOrder": 10, "strategyVersion": "guide-personalization-v3", "guideAgePolicyType": "all", "guideTargetSpecies": ["common"], "guideRotationWeight": 1, "petSpeciesDisplayName": "말티즈", "petRepresentativeLabel": "강아지", "guideAgePolicyLifeStage": null, "petRepresentativeSpecies": "dog"}
d4a6b0a2-4b63-41e1-a4af-a5218949f9d7	74cd98ab-5c3c-4502-b6cc-6543d8bd6a70	28b808cf-021d-47a9-9c20-017174d6cb01	10000000-0000-4000-8000-000000000001	home_impression	logged-in-home	20533	\N	dog	말티즈	172	2026-03-21 20:39:02.304192+00	{"source": "home-recommendation", "resultRank": null, "queryLength": 0, "hasBirthDate": true, "searchSource": null, "seasonBucket": "spring", "guideCategory": "health", "guidePriority": 92, "isMemorialPet": false, "guideSortOrder": 10, "strategyVersion": "guide-personalization-v3", "guideAgePolicyType": "lifeStage", "guideTargetSpecies": ["dog"], "guideRotationWeight": 1, "petSpeciesDisplayName": "말티즈", "petRepresentativeLabel": "강아지", "guideAgePolicyLifeStage": "baby", "petRepresentativeSpecies": "dog"}
4cf92ced-ee41-43d5-918f-5a9de694a431	74cd98ab-5c3c-4502-b6cc-6543d8bd6a70	28b808cf-021d-47a9-9c20-017174d6cb01	11111111-1111-4111-8111-111111111111	home_impression	logged-in-home	20533	\N	dog	말티즈	172	2026-03-21 20:39:02.304192+00	{"source": "home-recommendation", "resultRank": null, "queryLength": 0, "hasBirthDate": true, "searchSource": null, "seasonBucket": "spring", "guideCategory": "daily-care", "guidePriority": 90, "isMemorialPet": false, "guideSortOrder": 10, "strategyVersion": "guide-personalization-v3", "guideAgePolicyType": "all", "guideTargetSpecies": ["common"], "guideRotationWeight": 1, "petSpeciesDisplayName": "말티즈", "petRepresentativeLabel": "강아지", "guideAgePolicyLifeStage": null, "petRepresentativeSpecies": "dog"}
52283b06-a792-4a70-8158-8f3a0e8a2746	74cd98ab-5c3c-4502-b6cc-6543d8bd6a70	28b808cf-021d-47a9-9c20-017174d6cb01	10000000-0000-4000-8000-000000000002	home_impression	logged-in-home	20533	\N	dog	말티즈	172	2026-03-21 20:39:02.35639+00	{"source": "home-recommendation", "resultRank": null, "queryLength": 0, "hasBirthDate": true, "searchSource": null, "seasonBucket": "spring", "guideCategory": "nutrition", "guidePriority": 89, "isMemorialPet": false, "guideSortOrder": 20, "strategyVersion": "guide-personalization-v3", "guideAgePolicyType": "all", "guideTargetSpecies": ["dog"], "guideRotationWeight": 1, "petSpeciesDisplayName": "말티즈", "petRepresentativeLabel": "강아지", "guideAgePolicyLifeStage": null, "petRepresentativeSpecies": "dog"}
b3cabeee-b034-411b-83cf-7e9557800cb3	74cd98ab-5c3c-4502-b6cc-6543d8bd6a70	28b808cf-021d-47a9-9c20-017174d6cb01	11111111-1111-4111-8111-111111111111	home_impression	logged-in-home	20533	\N	dog	말티즈	172	2026-03-21 20:39:02.35639+00	{"source": "home-recommendation", "resultRank": null, "queryLength": 0, "hasBirthDate": true, "searchSource": null, "seasonBucket": "spring", "guideCategory": "daily-care", "guidePriority": 90, "isMemorialPet": false, "guideSortOrder": 10, "strategyVersion": "guide-personalization-v3", "guideAgePolicyType": "all", "guideTargetSpecies": ["common"], "guideRotationWeight": 1, "petSpeciesDisplayName": "말티즈", "petRepresentativeLabel": "강아지", "guideAgePolicyLifeStage": null, "petRepresentativeSpecies": "dog"}
7f223b10-d6a7-4631-b9d9-75dcd630e0b5	74cd98ab-5c3c-4502-b6cc-6543d8bd6a70	3c985cf8-4ad3-4af0-9801-2c168e95484e	10000000-0000-4000-8000-000000000002	home_impression	logged-in-home	20533	\N	dog	말티즈	0	2026-03-21 20:39:03.634572+00	{"source": "home-recommendation", "resultRank": null, "queryLength": 0, "hasBirthDate": true, "searchSource": null, "seasonBucket": "spring", "guideCategory": "nutrition", "guidePriority": 89, "isMemorialPet": false, "guideSortOrder": 20, "strategyVersion": "guide-personalization-v3", "guideAgePolicyType": "all", "guideTargetSpecies": ["dog"], "guideRotationWeight": 1, "petSpeciesDisplayName": "말티즈", "petRepresentativeLabel": "강아지", "guideAgePolicyLifeStage": null, "petRepresentativeSpecies": "dog"}
3875b05f-b787-4908-8719-218b3d6d1e92	74cd98ab-5c3c-4502-b6cc-6543d8bd6a70	3c985cf8-4ad3-4af0-9801-2c168e95484e	11111111-1111-4111-8111-111111111111	home_impression	logged-in-home	20533	\N	dog	말티즈	0	2026-03-21 20:39:03.634572+00	{"source": "home-recommendation", "resultRank": null, "queryLength": 0, "hasBirthDate": true, "searchSource": null, "seasonBucket": "spring", "guideCategory": "daily-care", "guidePriority": 90, "isMemorialPet": false, "guideSortOrder": 10, "strategyVersion": "guide-personalization-v3", "guideAgePolicyType": "all", "guideTargetSpecies": ["common"], "guideRotationWeight": 1, "petSpeciesDisplayName": "말티즈", "petRepresentativeLabel": "강아지", "guideAgePolicyLifeStage": null, "petRepresentativeSpecies": "dog"}
5069c249-6048-48ee-9421-98f835ee1068	74cd98ab-5c3c-4502-b6cc-6543d8bd6a70	3c985cf8-4ad3-4af0-9801-2c168e95484e	10000000-0000-4000-8000-000000000001	home_impression	logged-in-home	20533	\N	dog	말티즈	0	2026-03-21 20:39:03.638347+00	{"source": "home-recommendation", "resultRank": null, "queryLength": 0, "hasBirthDate": true, "searchSource": null, "seasonBucket": "spring", "guideCategory": "health", "guidePriority": 92, "isMemorialPet": false, "guideSortOrder": 10, "strategyVersion": "guide-personalization-v3", "guideAgePolicyType": "lifeStage", "guideTargetSpecies": ["dog"], "guideRotationWeight": 1, "petSpeciesDisplayName": "말티즈", "petRepresentativeLabel": "강아지", "guideAgePolicyLifeStage": "baby", "petRepresentativeSpecies": "dog"}
a2a2bef7-958d-4c67-bfa2-22c6000ab62a	74cd98ab-5c3c-4502-b6cc-6543d8bd6a70	3c985cf8-4ad3-4af0-9801-2c168e95484e	11111111-1111-4111-8111-111111111111	home_impression	logged-in-home	20533	\N	dog	말티즈	0	2026-03-21 20:39:03.638347+00	{"source": "home-recommendation", "resultRank": null, "queryLength": 0, "hasBirthDate": true, "searchSource": null, "seasonBucket": "spring", "guideCategory": "daily-care", "guidePriority": 90, "isMemorialPet": false, "guideSortOrder": 10, "strategyVersion": "guide-personalization-v3", "guideAgePolicyType": "all", "guideTargetSpecies": ["common"], "guideRotationWeight": 1, "petSpeciesDisplayName": "말티즈", "petRepresentativeLabel": "강아지", "guideAgePolicyLifeStage": null, "petRepresentativeSpecies": "dog"}
5ab5bf3a-3b60-486d-8459-f93cb7152180	74cd98ab-5c3c-4502-b6cc-6543d8bd6a70	28b808cf-021d-47a9-9c20-017174d6cb01	10000000-0000-4000-8000-000000000002	home_impression	logged-in-home	20533	\N	dog	말티즈	172	2026-03-21 20:39:04.666255+00	{"source": "home-recommendation", "resultRank": null, "queryLength": 0, "hasBirthDate": true, "searchSource": null, "seasonBucket": "spring", "guideCategory": "nutrition", "guidePriority": 89, "isMemorialPet": false, "guideSortOrder": 20, "strategyVersion": "guide-personalization-v3", "guideAgePolicyType": "all", "guideTargetSpecies": ["dog"], "guideRotationWeight": 1, "petSpeciesDisplayName": "말티즈", "petRepresentativeLabel": "강아지", "guideAgePolicyLifeStage": null, "petRepresentativeSpecies": "dog"}
ff667313-8b25-48f7-87c5-c492a9aab03d	74cd98ab-5c3c-4502-b6cc-6543d8bd6a70	28b808cf-021d-47a9-9c20-017174d6cb01	11111111-1111-4111-8111-111111111111	home_impression	logged-in-home	20533	\N	dog	말티즈	172	2026-03-21 20:39:04.666255+00	{"source": "home-recommendation", "resultRank": null, "queryLength": 0, "hasBirthDate": true, "searchSource": null, "seasonBucket": "spring", "guideCategory": "daily-care", "guidePriority": 90, "isMemorialPet": false, "guideSortOrder": 10, "strategyVersion": "guide-personalization-v3", "guideAgePolicyType": "all", "guideTargetSpecies": ["common"], "guideRotationWeight": 1, "petSpeciesDisplayName": "말티즈", "petRepresentativeLabel": "강아지", "guideAgePolicyLifeStage": null, "petRepresentativeSpecies": "dog"}
e44a8f1d-de48-46fa-a2db-35441c84cca1	74cd98ab-5c3c-4502-b6cc-6543d8bd6a70	28b808cf-021d-47a9-9c20-017174d6cb01	10000000-0000-4000-8000-000000000001	home_impression	logged-in-home	20533	\N	dog	말티즈	172	2026-03-21 20:39:04.675987+00	{"source": "home-recommendation", "resultRank": null, "queryLength": 0, "hasBirthDate": true, "searchSource": null, "seasonBucket": "spring", "guideCategory": "health", "guidePriority": 92, "isMemorialPet": false, "guideSortOrder": 10, "strategyVersion": "guide-personalization-v3", "guideAgePolicyType": "lifeStage", "guideTargetSpecies": ["dog"], "guideRotationWeight": 1, "petSpeciesDisplayName": "말티즈", "petRepresentativeLabel": "강아지", "guideAgePolicyLifeStage": "baby", "petRepresentativeSpecies": "dog"}
c12346a7-b153-4564-ac9f-bdce4e0da927	74cd98ab-5c3c-4502-b6cc-6543d8bd6a70	28b808cf-021d-47a9-9c20-017174d6cb01	11111111-1111-4111-8111-111111111111	home_impression	logged-in-home	20533	\N	dog	말티즈	172	2026-03-21 20:39:04.675987+00	{"source": "home-recommendation", "resultRank": null, "queryLength": 0, "hasBirthDate": true, "searchSource": null, "seasonBucket": "spring", "guideCategory": "daily-care", "guidePriority": 90, "isMemorialPet": false, "guideSortOrder": 10, "strategyVersion": "guide-personalization-v3", "guideAgePolicyType": "all", "guideTargetSpecies": ["common"], "guideRotationWeight": 1, "petSpeciesDisplayName": "말티즈", "petRepresentativeLabel": "강아지", "guideAgePolicyLifeStage": null, "petRepresentativeSpecies": "dog"}
67aeca6a-cd8e-48a6-be15-48aa1ea76e22	74cd98ab-5c3c-4502-b6cc-6543d8bd6a70	28b808cf-021d-47a9-9c20-017174d6cb01	10000000-0000-4000-8000-000000000002	home_impression	logged-in-home	20533	\N	dog	말티즈	172	2026-03-21 20:43:21.242245+00	{"source": "home-recommendation", "resultRank": null, "queryLength": 0, "hasBirthDate": true, "searchSource": null, "seasonBucket": "spring", "guideCategory": "nutrition", "guidePriority": 89, "isMemorialPet": false, "guideSortOrder": 20, "strategyVersion": "guide-personalization-v3", "guideAgePolicyType": "all", "guideTargetSpecies": ["dog"], "guideRotationWeight": 1, "petSpeciesDisplayName": "말티즈", "petRepresentativeLabel": "강아지", "guideAgePolicyLifeStage": null, "petRepresentativeSpecies": "dog"}
e8bea33f-c51d-4009-b38c-41a092ba65b9	74cd98ab-5c3c-4502-b6cc-6543d8bd6a70	28b808cf-021d-47a9-9c20-017174d6cb01	11111111-1111-4111-8111-111111111111	home_impression	logged-in-home	20533	\N	dog	말티즈	172	2026-03-21 20:43:21.242245+00	{"source": "home-recommendation", "resultRank": null, "queryLength": 0, "hasBirthDate": true, "searchSource": null, "seasonBucket": "spring", "guideCategory": "daily-care", "guidePriority": 90, "isMemorialPet": false, "guideSortOrder": 10, "strategyVersion": "guide-personalization-v3", "guideAgePolicyType": "all", "guideTargetSpecies": ["common"], "guideRotationWeight": 1, "petSpeciesDisplayName": "말티즈", "petRepresentativeLabel": "강아지", "guideAgePolicyLifeStage": null, "petRepresentativeSpecies": "dog"}
5c18a36e-bd55-4353-8447-491d8f7fc9c1	74cd98ab-5c3c-4502-b6cc-6543d8bd6a70	28b808cf-021d-47a9-9c20-017174d6cb01	10000000-0000-4000-8000-000000000002	home_impression	logged-in-home	20533	\N	dog	말티즈	172	2026-03-21 20:51:36.248912+00	{"source": "home-recommendation", "resultRank": null, "queryLength": 0, "hasBirthDate": true, "searchSource": null, "seasonBucket": "spring", "guideCategory": "nutrition", "guidePriority": 89, "isMemorialPet": false, "guideSortOrder": 20, "strategyVersion": "guide-personalization-v3", "guideAgePolicyType": "all", "guideTargetSpecies": ["dog"], "guideRotationWeight": 1, "petSpeciesDisplayName": "말티즈", "petRepresentativeLabel": "강아지", "guideAgePolicyLifeStage": null, "petRepresentativeSpecies": "dog"}
9bee81dd-4501-4c84-be6e-b3daf5c4b080	74cd98ab-5c3c-4502-b6cc-6543d8bd6a70	28b808cf-021d-47a9-9c20-017174d6cb01	11111111-1111-4111-8111-111111111111	home_impression	logged-in-home	20533	\N	dog	말티즈	172	2026-03-21 20:51:36.248912+00	{"source": "home-recommendation", "resultRank": null, "queryLength": 0, "hasBirthDate": true, "searchSource": null, "seasonBucket": "spring", "guideCategory": "daily-care", "guidePriority": 90, "isMemorialPet": false, "guideSortOrder": 10, "strategyVersion": "guide-personalization-v3", "guideAgePolicyType": "all", "guideTargetSpecies": ["common"], "guideRotationWeight": 1, "petSpeciesDisplayName": "말티즈", "petRepresentativeLabel": "강아지", "guideAgePolicyLifeStage": null, "petRepresentativeSpecies": "dog"}
39320c70-1b68-4a20-b489-e1b428f129f0	74cd98ab-5c3c-4502-b6cc-6543d8bd6a70	28b808cf-021d-47a9-9c20-017174d6cb01	10000000-0000-4000-8000-000000000002	home_impression	logged-in-home	20533	\N	dog	말티즈	172	2026-03-21 20:53:46.811895+00	{"source": "home-recommendation", "resultRank": null, "queryLength": 0, "hasBirthDate": true, "searchSource": null, "seasonBucket": "spring", "guideCategory": "nutrition", "guidePriority": 89, "isMemorialPet": false, "guideSortOrder": 20, "strategyVersion": "guide-personalization-v3", "guideAgePolicyType": "all", "guideTargetSpecies": ["dog"], "guideRotationWeight": 1, "petSpeciesDisplayName": "말티즈", "petRepresentativeLabel": "강아지", "guideAgePolicyLifeStage": null, "petRepresentativeSpecies": "dog"}
9b4c53b3-7027-4f5d-ac5d-65e77ab76d5a	74cd98ab-5c3c-4502-b6cc-6543d8bd6a70	28b808cf-021d-47a9-9c20-017174d6cb01	11111111-1111-4111-8111-111111111111	home_impression	logged-in-home	20533	\N	dog	말티즈	172	2026-03-21 20:53:46.811895+00	{"source": "home-recommendation", "resultRank": null, "queryLength": 0, "hasBirthDate": true, "searchSource": null, "seasonBucket": "spring", "guideCategory": "daily-care", "guidePriority": 90, "isMemorialPet": false, "guideSortOrder": 10, "strategyVersion": "guide-personalization-v3", "guideAgePolicyType": "all", "guideTargetSpecies": ["common"], "guideRotationWeight": 1, "petSpeciesDisplayName": "말티즈", "petRepresentativeLabel": "강아지", "guideAgePolicyLifeStage": null, "petRepresentativeSpecies": "dog"}
72665b1d-2f21-4a90-82fb-34ed8218b87b	74cd98ab-5c3c-4502-b6cc-6543d8bd6a70	3c985cf8-4ad3-4af0-9801-2c168e95484e	10000000-0000-4000-8000-000000000002	home_impression	logged-in-home	20533	\N	dog	말티즈	0	2026-03-21 20:57:15.269976+00	{"source": "home-recommendation", "resultRank": null, "queryLength": 0, "hasBirthDate": true, "searchSource": null, "seasonBucket": "spring", "guideCategory": "nutrition", "guidePriority": 89, "isMemorialPet": false, "guideSortOrder": 20, "strategyVersion": "guide-personalization-v3", "guideAgePolicyType": "all", "guideTargetSpecies": ["dog"], "guideRotationWeight": 1, "petSpeciesDisplayName": "말티즈", "petRepresentativeLabel": "강아지", "guideAgePolicyLifeStage": null, "petRepresentativeSpecies": "dog"}
3e6b6f47-23d3-427c-8213-bdeec927cd77	74cd98ab-5c3c-4502-b6cc-6543d8bd6a70	3c985cf8-4ad3-4af0-9801-2c168e95484e	11111111-1111-4111-8111-111111111111	home_impression	logged-in-home	20533	\N	dog	말티즈	0	2026-03-21 20:57:15.269976+00	{"source": "home-recommendation", "resultRank": null, "queryLength": 0, "hasBirthDate": true, "searchSource": null, "seasonBucket": "spring", "guideCategory": "daily-care", "guidePriority": 90, "isMemorialPet": false, "guideSortOrder": 10, "strategyVersion": "guide-personalization-v3", "guideAgePolicyType": "all", "guideTargetSpecies": ["common"], "guideRotationWeight": 1, "petSpeciesDisplayName": "말티즈", "petRepresentativeLabel": "강아지", "guideAgePolicyLifeStage": null, "petRepresentativeSpecies": "dog"}
abc40529-2a45-4f03-9379-1af33f264848	74cd98ab-5c3c-4502-b6cc-6543d8bd6a70	3c985cf8-4ad3-4af0-9801-2c168e95484e	10000000-0000-4000-8000-000000000001	home_impression	logged-in-home	20533	\N	dog	말티즈	0	2026-03-21 20:57:15.329198+00	{"source": "home-recommendation", "resultRank": null, "queryLength": 0, "hasBirthDate": true, "searchSource": null, "seasonBucket": "spring", "guideCategory": "health", "guidePriority": 92, "isMemorialPet": false, "guideSortOrder": 10, "strategyVersion": "guide-personalization-v3", "guideAgePolicyType": "lifeStage", "guideTargetSpecies": ["dog"], "guideRotationWeight": 1, "petSpeciesDisplayName": "말티즈", "petRepresentativeLabel": "강아지", "guideAgePolicyLifeStage": "baby", "petRepresentativeSpecies": "dog"}
de3c4108-fd9f-400d-a021-ee1dbef443b3	74cd98ab-5c3c-4502-b6cc-6543d8bd6a70	3c985cf8-4ad3-4af0-9801-2c168e95484e	11111111-1111-4111-8111-111111111111	home_impression	logged-in-home	20533	\N	dog	말티즈	0	2026-03-21 20:57:15.329198+00	{"source": "home-recommendation", "resultRank": null, "queryLength": 0, "hasBirthDate": true, "searchSource": null, "seasonBucket": "spring", "guideCategory": "daily-care", "guidePriority": 90, "isMemorialPet": false, "guideSortOrder": 10, "strategyVersion": "guide-personalization-v3", "guideAgePolicyType": "all", "guideTargetSpecies": ["common"], "guideRotationWeight": 1, "petSpeciesDisplayName": "말티즈", "petRepresentativeLabel": "강아지", "guideAgePolicyLifeStage": null, "petRepresentativeSpecies": "dog"}
fb4c4963-1546-46af-a52f-e24c4de259a9	74cd98ab-5c3c-4502-b6cc-6543d8bd6a70	3c985cf8-4ad3-4af0-9801-2c168e95484e	10000000-0000-4000-8000-000000000001	home_impression	logged-in-home	20533	\N	dog	말티즈	0	2026-03-21 20:59:31.204918+00	{"source": "home-recommendation", "resultRank": null, "queryLength": 0, "hasBirthDate": true, "searchSource": null, "seasonBucket": "spring", "guideCategory": "health", "guidePriority": 92, "isMemorialPet": false, "guideSortOrder": 10, "strategyVersion": "guide-personalization-v3", "guideAgePolicyType": "lifeStage", "guideTargetSpecies": ["dog"], "guideRotationWeight": 1, "petSpeciesDisplayName": "말티즈", "petRepresentativeLabel": "강아지", "guideAgePolicyLifeStage": "baby", "petRepresentativeSpecies": "dog"}
2036a542-a19b-4309-9a92-8a50e7b1b035	74cd98ab-5c3c-4502-b6cc-6543d8bd6a70	3c985cf8-4ad3-4af0-9801-2c168e95484e	11111111-1111-4111-8111-111111111111	home_impression	logged-in-home	20533	\N	dog	말티즈	0	2026-03-21 20:59:31.204918+00	{"source": "home-recommendation", "resultRank": null, "queryLength": 0, "hasBirthDate": true, "searchSource": null, "seasonBucket": "spring", "guideCategory": "daily-care", "guidePriority": 90, "isMemorialPet": false, "guideSortOrder": 10, "strategyVersion": "guide-personalization-v3", "guideAgePolicyType": "all", "guideTargetSpecies": ["common"], "guideRotationWeight": 1, "petSpeciesDisplayName": "말티즈", "petRepresentativeLabel": "강아지", "guideAgePolicyLifeStage": null, "petRepresentativeSpecies": "dog"}
1096af7e-8670-4117-ad60-b800b9b51b4a	74cd98ab-5c3c-4502-b6cc-6543d8bd6a70	28b808cf-021d-47a9-9c20-017174d6cb01	10000000-0000-4000-8000-000000000001	home_impression	logged-in-home	20533	\N	dog	말티즈	172	2026-03-21 21:00:00.717668+00	{"source": "home-recommendation", "resultRank": null, "queryLength": 0, "hasBirthDate": true, "searchSource": null, "seasonBucket": "spring", "guideCategory": "health", "guidePriority": 92, "isMemorialPet": false, "guideSortOrder": 10, "strategyVersion": "guide-personalization-v3", "guideAgePolicyType": "lifeStage", "guideTargetSpecies": ["dog"], "guideRotationWeight": 1, "petSpeciesDisplayName": "말티즈", "petRepresentativeLabel": "강아지", "guideAgePolicyLifeStage": "baby", "petRepresentativeSpecies": "dog"}
a9ceb559-0a10-48d2-91f7-e7449ba166aa	74cd98ab-5c3c-4502-b6cc-6543d8bd6a70	28b808cf-021d-47a9-9c20-017174d6cb01	11111111-1111-4111-8111-111111111111	home_impression	logged-in-home	20533	\N	dog	말티즈	172	2026-03-21 21:00:00.717668+00	{"source": "home-recommendation", "resultRank": null, "queryLength": 0, "hasBirthDate": true, "searchSource": null, "seasonBucket": "spring", "guideCategory": "daily-care", "guidePriority": 90, "isMemorialPet": false, "guideSortOrder": 10, "strategyVersion": "guide-personalization-v3", "guideAgePolicyType": "all", "guideTargetSpecies": ["common"], "guideRotationWeight": 1, "petSpeciesDisplayName": "말티즈", "petRepresentativeLabel": "강아지", "guideAgePolicyLifeStage": null, "petRepresentativeSpecies": "dog"}
1d1c7811-6ef9-465b-899d-853d2af2f207	74cd98ab-5c3c-4502-b6cc-6543d8bd6a70	28b808cf-021d-47a9-9c20-017174d6cb01	10000000-0000-4000-8000-000000000002	home_impression	logged-in-home	20533	\N	dog	말티즈	172	2026-03-21 21:00:00.72164+00	{"source": "home-recommendation", "resultRank": null, "queryLength": 0, "hasBirthDate": true, "searchSource": null, "seasonBucket": "spring", "guideCategory": "nutrition", "guidePriority": 89, "isMemorialPet": false, "guideSortOrder": 20, "strategyVersion": "guide-personalization-v3", "guideAgePolicyType": "all", "guideTargetSpecies": ["dog"], "guideRotationWeight": 1, "petSpeciesDisplayName": "말티즈", "petRepresentativeLabel": "강아지", "guideAgePolicyLifeStage": null, "petRepresentativeSpecies": "dog"}
a5e82c6f-d964-4a91-9092-eb380b729e4b	74cd98ab-5c3c-4502-b6cc-6543d8bd6a70	28b808cf-021d-47a9-9c20-017174d6cb01	11111111-1111-4111-8111-111111111111	home_impression	logged-in-home	20533	\N	dog	말티즈	172	2026-03-21 21:00:00.72164+00	{"source": "home-recommendation", "resultRank": null, "queryLength": 0, "hasBirthDate": true, "searchSource": null, "seasonBucket": "spring", "guideCategory": "daily-care", "guidePriority": 90, "isMemorialPet": false, "guideSortOrder": 10, "strategyVersion": "guide-personalization-v3", "guideAgePolicyType": "all", "guideTargetSpecies": ["common"], "guideRotationWeight": 1, "petSpeciesDisplayName": "말티즈", "petRepresentativeLabel": "강아지", "guideAgePolicyLifeStage": null, "petRepresentativeSpecies": "dog"}
83a68164-2cfd-4f82-9dd6-a3df4d0f40b4	74cd98ab-5c3c-4502-b6cc-6543d8bd6a70	28b808cf-021d-47a9-9c20-017174d6cb01	10000000-0000-4000-8000-000000000002	home_impression	logged-in-home	20533	\N	dog	말티즈	172	2026-03-21 21:00:25.070471+00	{"source": "home-recommendation", "resultRank": null, "queryLength": 0, "hasBirthDate": true, "searchSource": null, "seasonBucket": "spring", "guideCategory": "nutrition", "guidePriority": 89, "isMemorialPet": false, "guideSortOrder": 20, "strategyVersion": "guide-personalization-v3", "guideAgePolicyType": "all", "guideTargetSpecies": ["dog"], "guideRotationWeight": 1, "petSpeciesDisplayName": "말티즈", "petRepresentativeLabel": "강아지", "guideAgePolicyLifeStage": null, "petRepresentativeSpecies": "dog"}
209080ea-2dbe-43f9-bdc4-65ae5039cd3e	74cd98ab-5c3c-4502-b6cc-6543d8bd6a70	28b808cf-021d-47a9-9c20-017174d6cb01	11111111-1111-4111-8111-111111111111	home_impression	logged-in-home	20533	\N	dog	말티즈	172	2026-03-21 21:00:25.070471+00	{"source": "home-recommendation", "resultRank": null, "queryLength": 0, "hasBirthDate": true, "searchSource": null, "seasonBucket": "spring", "guideCategory": "daily-care", "guidePriority": 90, "isMemorialPet": false, "guideSortOrder": 10, "strategyVersion": "guide-personalization-v3", "guideAgePolicyType": "all", "guideTargetSpecies": ["common"], "guideRotationWeight": 1, "petSpeciesDisplayName": "말티즈", "petRepresentativeLabel": "강아지", "guideAgePolicyLifeStage": null, "petRepresentativeSpecies": "dog"}
d10054e7-ba47-4bc5-a6a7-e76b5bcd398e	74cd98ab-5c3c-4502-b6cc-6543d8bd6a70	3c985cf8-4ad3-4af0-9801-2c168e95484e	10000000-0000-4000-8000-000000000001	home_impression	logged-in-home	20533	\N	dog	말티즈	0	2026-03-21 21:00:27.10723+00	{"source": "home-recommendation", "resultRank": null, "queryLength": 0, "hasBirthDate": true, "searchSource": null, "seasonBucket": "spring", "guideCategory": "health", "guidePriority": 92, "isMemorialPet": false, "guideSortOrder": 10, "strategyVersion": "guide-personalization-v3", "guideAgePolicyType": "lifeStage", "guideTargetSpecies": ["dog"], "guideRotationWeight": 1, "petSpeciesDisplayName": "말티즈", "petRepresentativeLabel": "강아지", "guideAgePolicyLifeStage": "baby", "petRepresentativeSpecies": "dog"}
8f827141-6d4f-4fb3-b307-31bef91e80f9	74cd98ab-5c3c-4502-b6cc-6543d8bd6a70	3c985cf8-4ad3-4af0-9801-2c168e95484e	11111111-1111-4111-8111-111111111111	home_impression	logged-in-home	20533	\N	dog	말티즈	0	2026-03-21 21:00:27.10723+00	{"source": "home-recommendation", "resultRank": null, "queryLength": 0, "hasBirthDate": true, "searchSource": null, "seasonBucket": "spring", "guideCategory": "daily-care", "guidePriority": 90, "isMemorialPet": false, "guideSortOrder": 10, "strategyVersion": "guide-personalization-v3", "guideAgePolicyType": "all", "guideTargetSpecies": ["common"], "guideRotationWeight": 1, "petSpeciesDisplayName": "말티즈", "petRepresentativeLabel": "강아지", "guideAgePolicyLifeStage": null, "petRepresentativeSpecies": "dog"}
bc484893-9295-46aa-874d-112c7a7bb205	74cd98ab-5c3c-4502-b6cc-6543d8bd6a70	3c985cf8-4ad3-4af0-9801-2c168e95484e	10000000-0000-4000-8000-000000000002	home_impression	logged-in-home	20533	\N	dog	말티즈	0	2026-03-21 21:00:27.136465+00	{"source": "home-recommendation", "resultRank": null, "queryLength": 0, "hasBirthDate": true, "searchSource": null, "seasonBucket": "spring", "guideCategory": "nutrition", "guidePriority": 89, "isMemorialPet": false, "guideSortOrder": 20, "strategyVersion": "guide-personalization-v3", "guideAgePolicyType": "all", "guideTargetSpecies": ["dog"], "guideRotationWeight": 1, "petSpeciesDisplayName": "말티즈", "petRepresentativeLabel": "강아지", "guideAgePolicyLifeStage": null, "petRepresentativeSpecies": "dog"}
04133be0-8ca7-4d34-bd46-4f6cac0b92c5	74cd98ab-5c3c-4502-b6cc-6543d8bd6a70	3c985cf8-4ad3-4af0-9801-2c168e95484e	11111111-1111-4111-8111-111111111111	home_impression	logged-in-home	20533	\N	dog	말티즈	0	2026-03-21 21:00:27.136465+00	{"source": "home-recommendation", "resultRank": null, "queryLength": 0, "hasBirthDate": true, "searchSource": null, "seasonBucket": "spring", "guideCategory": "daily-care", "guidePriority": 90, "isMemorialPet": false, "guideSortOrder": 10, "strategyVersion": "guide-personalization-v3", "guideAgePolicyType": "all", "guideTargetSpecies": ["common"], "guideRotationWeight": 1, "petSpeciesDisplayName": "말티즈", "petRepresentativeLabel": "강아지", "guideAgePolicyLifeStage": null, "petRepresentativeSpecies": "dog"}
d2aa2d46-2676-4908-be47-1ffddd1e0842	74cd98ab-5c3c-4502-b6cc-6543d8bd6a70	28b808cf-021d-47a9-9c20-017174d6cb01	10000000-0000-4000-8000-000000000001	home_impression	logged-in-home	20533	\N	dog	말티즈	172	2026-03-21 21:00:27.994021+00	{"source": "home-recommendation", "resultRank": null, "queryLength": 0, "hasBirthDate": true, "searchSource": null, "seasonBucket": "spring", "guideCategory": "health", "guidePriority": 92, "isMemorialPet": false, "guideSortOrder": 10, "strategyVersion": "guide-personalization-v3", "guideAgePolicyType": "lifeStage", "guideTargetSpecies": ["dog"], "guideRotationWeight": 1, "petSpeciesDisplayName": "말티즈", "petRepresentativeLabel": "강아지", "guideAgePolicyLifeStage": "baby", "petRepresentativeSpecies": "dog"}
93e6c316-a3c3-492f-aadb-74a9329084fa	74cd98ab-5c3c-4502-b6cc-6543d8bd6a70	28b808cf-021d-47a9-9c20-017174d6cb01	11111111-1111-4111-8111-111111111111	home_impression	logged-in-home	20533	\N	dog	말티즈	172	2026-03-21 21:00:27.994021+00	{"source": "home-recommendation", "resultRank": null, "queryLength": 0, "hasBirthDate": true, "searchSource": null, "seasonBucket": "spring", "guideCategory": "daily-care", "guidePriority": 90, "isMemorialPet": false, "guideSortOrder": 10, "strategyVersion": "guide-personalization-v3", "guideAgePolicyType": "all", "guideTargetSpecies": ["common"], "guideRotationWeight": 1, "petSpeciesDisplayName": "말티즈", "petRepresentativeLabel": "강아지", "guideAgePolicyLifeStage": null, "petRepresentativeSpecies": "dog"}
d93dc648-f8f1-43fa-9ce6-c5520f4f2413	74cd98ab-5c3c-4502-b6cc-6543d8bd6a70	28b808cf-021d-47a9-9c20-017174d6cb01	10000000-0000-4000-8000-000000000002	home_impression	logged-in-home	20533	\N	dog	말티즈	172	2026-03-21 21:00:28.006899+00	{"source": "home-recommendation", "resultRank": null, "queryLength": 0, "hasBirthDate": true, "searchSource": null, "seasonBucket": "spring", "guideCategory": "nutrition", "guidePriority": 89, "isMemorialPet": false, "guideSortOrder": 20, "strategyVersion": "guide-personalization-v3", "guideAgePolicyType": "all", "guideTargetSpecies": ["dog"], "guideRotationWeight": 1, "petSpeciesDisplayName": "말티즈", "petRepresentativeLabel": "강아지", "guideAgePolicyLifeStage": null, "petRepresentativeSpecies": "dog"}
aea27c1b-5640-41b4-bf14-b271f7607e30	74cd98ab-5c3c-4502-b6cc-6543d8bd6a70	28b808cf-021d-47a9-9c20-017174d6cb01	11111111-1111-4111-8111-111111111111	home_impression	logged-in-home	20533	\N	dog	말티즈	172	2026-03-21 21:00:28.006899+00	{"source": "home-recommendation", "resultRank": null, "queryLength": 0, "hasBirthDate": true, "searchSource": null, "seasonBucket": "spring", "guideCategory": "daily-care", "guidePriority": 90, "isMemorialPet": false, "guideSortOrder": 10, "strategyVersion": "guide-personalization-v3", "guideAgePolicyType": "all", "guideTargetSpecies": ["common"], "guideRotationWeight": 1, "petSpeciesDisplayName": "말티즈", "petRepresentativeLabel": "강아지", "guideAgePolicyLifeStage": null, "petRepresentativeSpecies": "dog"}
2eeb9899-62bd-4f44-b8b5-9cc6a9a0965c	74cd98ab-5c3c-4502-b6cc-6543d8bd6a70	28b808cf-021d-47a9-9c20-017174d6cb01	10000000-0000-4000-8000-000000000002	home_impression	logged-in-home	20533	\N	dog	말티즈	172	2026-03-21 21:04:46.802244+00	{"source": "home-recommendation", "resultRank": null, "queryLength": 0, "hasBirthDate": true, "searchSource": null, "seasonBucket": "spring", "guideCategory": "nutrition", "guidePriority": 89, "isMemorialPet": false, "guideSortOrder": 20, "strategyVersion": "guide-personalization-v3", "guideAgePolicyType": "all", "guideTargetSpecies": ["dog"], "guideRotationWeight": 1, "petSpeciesDisplayName": "말티즈", "petRepresentativeLabel": "강아지", "guideAgePolicyLifeStage": null, "petRepresentativeSpecies": "dog"}
7a0940ed-be37-4645-97f2-8bb81f5ca405	74cd98ab-5c3c-4502-b6cc-6543d8bd6a70	28b808cf-021d-47a9-9c20-017174d6cb01	11111111-1111-4111-8111-111111111111	home_impression	logged-in-home	20533	\N	dog	말티즈	172	2026-03-21 21:04:46.802244+00	{"source": "home-recommendation", "resultRank": null, "queryLength": 0, "hasBirthDate": true, "searchSource": null, "seasonBucket": "spring", "guideCategory": "daily-care", "guidePriority": 90, "isMemorialPet": false, "guideSortOrder": 10, "strategyVersion": "guide-personalization-v3", "guideAgePolicyType": "all", "guideTargetSpecies": ["common"], "guideRotationWeight": 1, "petSpeciesDisplayName": "말티즈", "petRepresentativeLabel": "강아지", "guideAgePolicyLifeStage": null, "petRepresentativeSpecies": "dog"}
7ae22f73-1f9b-4351-9075-762cab5687f0	74cd98ab-5c3c-4502-b6cc-6543d8bd6a70	28b808cf-021d-47a9-9c20-017174d6cb01	10000000-0000-4000-8000-000000000002	home_impression	logged-in-home	20533	\N	dog	말티즈	172	2026-03-21 21:08:05.780026+00	{"source": "home-recommendation", "resultRank": null, "queryLength": 0, "hasBirthDate": true, "searchSource": null, "seasonBucket": "spring", "guideCategory": "nutrition", "guidePriority": 89, "isMemorialPet": false, "guideSortOrder": 20, "strategyVersion": "guide-personalization-v3", "guideAgePolicyType": "all", "guideTargetSpecies": ["dog"], "guideRotationWeight": 1, "petSpeciesDisplayName": "말티즈", "petRepresentativeLabel": "강아지", "guideAgePolicyLifeStage": null, "petRepresentativeSpecies": "dog"}
7a2169e0-471b-4e62-966a-dbe57718bc04	74cd98ab-5c3c-4502-b6cc-6543d8bd6a70	28b808cf-021d-47a9-9c20-017174d6cb01	11111111-1111-4111-8111-111111111111	home_impression	logged-in-home	20533	\N	dog	말티즈	172	2026-03-21 21:08:05.780026+00	{"source": "home-recommendation", "resultRank": null, "queryLength": 0, "hasBirthDate": true, "searchSource": null, "seasonBucket": "spring", "guideCategory": "daily-care", "guidePriority": 90, "isMemorialPet": false, "guideSortOrder": 10, "strategyVersion": "guide-personalization-v3", "guideAgePolicyType": "all", "guideTargetSpecies": ["common"], "guideRotationWeight": 1, "petSpeciesDisplayName": "말티즈", "petRepresentativeLabel": "강아지", "guideAgePolicyLifeStage": null, "petRepresentativeSpecies": "dog"}
b1653283-e406-4617-923f-486d6ffe5343	74cd98ab-5c3c-4502-b6cc-6543d8bd6a70	28b808cf-021d-47a9-9c20-017174d6cb01	10000000-0000-4000-8000-000000000002	home_impression	logged-in-home	20533	\N	dog	말티즈	172	2026-03-21 21:10:07.133317+00	{"source": "home-recommendation", "resultRank": null, "queryLength": 0, "hasBirthDate": true, "searchSource": null, "seasonBucket": "spring", "guideCategory": "nutrition", "guidePriority": 89, "isMemorialPet": false, "guideSortOrder": 20, "strategyVersion": "guide-personalization-v3", "guideAgePolicyType": "all", "guideTargetSpecies": ["dog"], "guideRotationWeight": 1, "petSpeciesDisplayName": "말티즈", "petRepresentativeLabel": "강아지", "guideAgePolicyLifeStage": null, "petRepresentativeSpecies": "dog"}
2bcf7ba8-8dd5-48ec-9218-20f88c903134	74cd98ab-5c3c-4502-b6cc-6543d8bd6a70	28b808cf-021d-47a9-9c20-017174d6cb01	11111111-1111-4111-8111-111111111111	home_impression	logged-in-home	20533	\N	dog	말티즈	172	2026-03-21 21:10:07.133317+00	{"source": "home-recommendation", "resultRank": null, "queryLength": 0, "hasBirthDate": true, "searchSource": null, "seasonBucket": "spring", "guideCategory": "daily-care", "guidePriority": 90, "isMemorialPet": false, "guideSortOrder": 10, "strategyVersion": "guide-personalization-v3", "guideAgePolicyType": "all", "guideTargetSpecies": ["common"], "guideRotationWeight": 1, "petSpeciesDisplayName": "말티즈", "petRepresentativeLabel": "강아지", "guideAgePolicyLifeStage": null, "petRepresentativeSpecies": "dog"}
36ccdd3e-365a-4101-97e0-315b8439e771	74cd98ab-5c3c-4502-b6cc-6543d8bd6a70	28b808cf-021d-47a9-9c20-017174d6cb01	10000000-0000-4000-8000-000000000002	home_impression	logged-in-home	20533	\N	dog	말티즈	172	2026-03-21 21:17:26.958184+00	{"source": "home-recommendation", "resultRank": null, "queryLength": 0, "hasBirthDate": true, "searchSource": null, "seasonBucket": "spring", "guideCategory": "nutrition", "guidePriority": 89, "isMemorialPet": false, "guideSortOrder": 20, "strategyVersion": "guide-personalization-v3", "guideAgePolicyType": "all", "guideTargetSpecies": ["dog"], "guideRotationWeight": 1, "petSpeciesDisplayName": "말티즈", "petRepresentativeLabel": "강아지", "guideAgePolicyLifeStage": null, "petRepresentativeSpecies": "dog"}
8fe54aa4-650d-4322-a127-c20f4a2bb35c	74cd98ab-5c3c-4502-b6cc-6543d8bd6a70	28b808cf-021d-47a9-9c20-017174d6cb01	11111111-1111-4111-8111-111111111111	home_impression	logged-in-home	20533	\N	dog	말티즈	172	2026-03-21 21:17:26.958184+00	{"source": "home-recommendation", "resultRank": null, "queryLength": 0, "hasBirthDate": true, "searchSource": null, "seasonBucket": "spring", "guideCategory": "daily-care", "guidePriority": 90, "isMemorialPet": false, "guideSortOrder": 10, "strategyVersion": "guide-personalization-v3", "guideAgePolicyType": "all", "guideTargetSpecies": ["common"], "guideRotationWeight": 1, "petSpeciesDisplayName": "말티즈", "petRepresentativeLabel": "강아지", "guideAgePolicyLifeStage": null, "petRepresentativeSpecies": "dog"}
dcac6524-5328-4695-be94-c745bbe57b59	74cd98ab-5c3c-4502-b6cc-6543d8bd6a70	28b808cf-021d-47a9-9c20-017174d6cb01	10000000-0000-4000-8000-000000000002	home_impression	logged-in-home	20533	\N	dog	말티즈	172	2026-03-21 21:21:20.742943+00	{"source": "home-recommendation", "resultRank": null, "queryLength": 0, "hasBirthDate": true, "searchSource": null, "seasonBucket": "spring", "guideCategory": "nutrition", "guidePriority": 89, "isMemorialPet": false, "guideSortOrder": 20, "strategyVersion": "guide-personalization-v3", "guideAgePolicyType": "all", "guideTargetSpecies": ["dog"], "guideRotationWeight": 1, "petSpeciesDisplayName": "말티즈", "petRepresentativeLabel": "강아지", "guideAgePolicyLifeStage": null, "petRepresentativeSpecies": "dog"}
e8586cf1-d953-45d1-88e0-df0b34217eb6	74cd98ab-5c3c-4502-b6cc-6543d8bd6a70	28b808cf-021d-47a9-9c20-017174d6cb01	11111111-1111-4111-8111-111111111111	home_impression	logged-in-home	20533	\N	dog	말티즈	172	2026-03-21 21:21:20.742943+00	{"source": "home-recommendation", "resultRank": null, "queryLength": 0, "hasBirthDate": true, "searchSource": null, "seasonBucket": "spring", "guideCategory": "daily-care", "guidePriority": 90, "isMemorialPet": false, "guideSortOrder": 10, "strategyVersion": "guide-personalization-v3", "guideAgePolicyType": "all", "guideTargetSpecies": ["common"], "guideRotationWeight": 1, "petSpeciesDisplayName": "말티즈", "petRepresentativeLabel": "강아지", "guideAgePolicyLifeStage": null, "petRepresentativeSpecies": "dog"}
64b22411-26e2-4c5b-ba86-921122bb8473	74cd98ab-5c3c-4502-b6cc-6543d8bd6a70	28b808cf-021d-47a9-9c20-017174d6cb01	10000000-0000-4000-8000-000000000002	home_impression	logged-in-home	20533	\N	dog	말티즈	172	2026-03-21 21:32:42.174473+00	{"source": "home-recommendation", "resultRank": null, "queryLength": 0, "hasBirthDate": true, "searchSource": null, "seasonBucket": "spring", "guideCategory": "nutrition", "guidePriority": 89, "isMemorialPet": false, "guideSortOrder": 20, "strategyVersion": "guide-personalization-v3", "guideAgePolicyType": "all", "guideTargetSpecies": ["dog"], "guideRotationWeight": 1, "petSpeciesDisplayName": "말티즈", "petRepresentativeLabel": "강아지", "guideAgePolicyLifeStage": null, "petRepresentativeSpecies": "dog"}
6dea716c-ce39-4998-9653-6fc032df8915	74cd98ab-5c3c-4502-b6cc-6543d8bd6a70	28b808cf-021d-47a9-9c20-017174d6cb01	11111111-1111-4111-8111-111111111111	home_impression	logged-in-home	20533	\N	dog	말티즈	172	2026-03-21 21:32:42.174473+00	{"source": "home-recommendation", "resultRank": null, "queryLength": 0, "hasBirthDate": true, "searchSource": null, "seasonBucket": "spring", "guideCategory": "daily-care", "guidePriority": 90, "isMemorialPet": false, "guideSortOrder": 10, "strategyVersion": "guide-personalization-v3", "guideAgePolicyType": "all", "guideTargetSpecies": ["common"], "guideRotationWeight": 1, "petSpeciesDisplayName": "말티즈", "petRepresentativeLabel": "강아지", "guideAgePolicyLifeStage": null, "petRepresentativeSpecies": "dog"}
6e85b933-afd7-498d-9ceb-495dc666ebaa	74cd98ab-5c3c-4502-b6cc-6543d8bd6a70	28b808cf-021d-47a9-9c20-017174d6cb01	10000000-0000-4000-8000-000000000002	home_impression	logged-in-home	20533	\N	dog	말티즈	172	2026-03-21 22:11:17.542758+00	{"source": "home-recommendation", "resultRank": null, "queryLength": 0, "hasBirthDate": true, "searchSource": null, "seasonBucket": "spring", "guideCategory": "nutrition", "guidePriority": 89, "isMemorialPet": false, "guideSortOrder": 20, "strategyVersion": "guide-personalization-v3", "guideAgePolicyType": "all", "guideTargetSpecies": ["dog"], "guideRotationWeight": 1, "petSpeciesDisplayName": "말티즈", "petRepresentativeLabel": "강아지", "guideAgePolicyLifeStage": null, "petRepresentativeSpecies": "dog"}
a634de4d-c6eb-4f67-9081-8f589129ee93	74cd98ab-5c3c-4502-b6cc-6543d8bd6a70	28b808cf-021d-47a9-9c20-017174d6cb01	11111111-1111-4111-8111-111111111111	home_impression	logged-in-home	20533	\N	dog	말티즈	172	2026-03-21 22:11:17.542758+00	{"source": "home-recommendation", "resultRank": null, "queryLength": 0, "hasBirthDate": true, "searchSource": null, "seasonBucket": "spring", "guideCategory": "daily-care", "guidePriority": 90, "isMemorialPet": false, "guideSortOrder": 10, "strategyVersion": "guide-personalization-v3", "guideAgePolicyType": "all", "guideTargetSpecies": ["common"], "guideRotationWeight": 1, "petSpeciesDisplayName": "말티즈", "petRepresentativeLabel": "강아지", "guideAgePolicyLifeStage": null, "petRepresentativeSpecies": "dog"}
ecec18c2-ecfc-4f05-86e2-c0bd9b2ed72f	74cd98ab-5c3c-4502-b6cc-6543d8bd6a70	28b808cf-021d-47a9-9c20-017174d6cb01	10000000-0000-4000-8000-000000000002	home_impression	logged-in-home	20533	\N	dog	말티즈	172	2026-03-21 22:12:10.700769+00	{"source": "home-recommendation", "resultRank": null, "queryLength": 0, "hasBirthDate": true, "searchSource": null, "seasonBucket": "spring", "guideCategory": "nutrition", "guidePriority": 89, "isMemorialPet": false, "guideSortOrder": 20, "strategyVersion": "guide-personalization-v3", "guideAgePolicyType": "all", "guideTargetSpecies": ["dog"], "guideRotationWeight": 1, "petSpeciesDisplayName": "말티즈", "petRepresentativeLabel": "강아지", "guideAgePolicyLifeStage": null, "petRepresentativeSpecies": "dog"}
28796121-ef58-472f-b6a8-1bbefeef4f12	74cd98ab-5c3c-4502-b6cc-6543d8bd6a70	28b808cf-021d-47a9-9c20-017174d6cb01	11111111-1111-4111-8111-111111111111	home_impression	logged-in-home	20533	\N	dog	말티즈	172	2026-03-21 22:12:10.700769+00	{"source": "home-recommendation", "resultRank": null, "queryLength": 0, "hasBirthDate": true, "searchSource": null, "seasonBucket": "spring", "guideCategory": "daily-care", "guidePriority": 90, "isMemorialPet": false, "guideSortOrder": 10, "strategyVersion": "guide-personalization-v3", "guideAgePolicyType": "all", "guideTargetSpecies": ["common"], "guideRotationWeight": 1, "petSpeciesDisplayName": "말티즈", "petRepresentativeLabel": "강아지", "guideAgePolicyLifeStage": null, "petRepresentativeSpecies": "dog"}
f274b36b-81ce-43c5-9890-f558eeda1998	74cd98ab-5c3c-4502-b6cc-6543d8bd6a70	28b808cf-021d-47a9-9c20-017174d6cb01	10000000-0000-4000-8000-000000000002	home_impression	logged-in-home	20533	\N	dog	말티즈	172	2026-03-21 22:12:37.306796+00	{"source": "home-recommendation", "resultRank": null, "queryLength": 0, "hasBirthDate": true, "searchSource": null, "seasonBucket": "spring", "guideCategory": "nutrition", "guidePriority": 89, "isMemorialPet": false, "guideSortOrder": 20, "strategyVersion": "guide-personalization-v3", "guideAgePolicyType": "all", "guideTargetSpecies": ["dog"], "guideRotationWeight": 1, "petSpeciesDisplayName": "말티즈", "petRepresentativeLabel": "강아지", "guideAgePolicyLifeStage": null, "petRepresentativeSpecies": "dog"}
7b431ee9-af0c-47c2-b5a5-fd5f2a227efe	74cd98ab-5c3c-4502-b6cc-6543d8bd6a70	28b808cf-021d-47a9-9c20-017174d6cb01	11111111-1111-4111-8111-111111111111	home_impression	logged-in-home	20533	\N	dog	말티즈	172	2026-03-21 22:12:37.306796+00	{"source": "home-recommendation", "resultRank": null, "queryLength": 0, "hasBirthDate": true, "searchSource": null, "seasonBucket": "spring", "guideCategory": "daily-care", "guidePriority": 90, "isMemorialPet": false, "guideSortOrder": 10, "strategyVersion": "guide-personalization-v3", "guideAgePolicyType": "all", "guideTargetSpecies": ["common"], "guideRotationWeight": 1, "petSpeciesDisplayName": "말티즈", "petRepresentativeLabel": "강아지", "guideAgePolicyLifeStage": null, "petRepresentativeSpecies": "dog"}
e33f2c81-ef09-4c5a-b63d-5d885487ad5a	74cd98ab-5c3c-4502-b6cc-6543d8bd6a70	28b808cf-021d-47a9-9c20-017174d6cb01	10000000-0000-4000-8000-000000000002	home_impression	logged-in-home	20533	\N	dog	말티즈	172	2026-03-21 22:13:20.341424+00	{"source": "home-recommendation", "resultRank": null, "queryLength": 0, "hasBirthDate": true, "searchSource": null, "seasonBucket": "spring", "guideCategory": "nutrition", "guidePriority": 89, "isMemorialPet": false, "guideSortOrder": 20, "strategyVersion": "guide-personalization-v3", "guideAgePolicyType": "all", "guideTargetSpecies": ["dog"], "guideRotationWeight": 1, "petSpeciesDisplayName": "말티즈", "petRepresentativeLabel": "강아지", "guideAgePolicyLifeStage": null, "petRepresentativeSpecies": "dog"}
49937e4b-57af-49fe-9920-d745a401fc94	74cd98ab-5c3c-4502-b6cc-6543d8bd6a70	28b808cf-021d-47a9-9c20-017174d6cb01	11111111-1111-4111-8111-111111111111	home_impression	logged-in-home	20533	\N	dog	말티즈	172	2026-03-21 22:13:20.341424+00	{"source": "home-recommendation", "resultRank": null, "queryLength": 0, "hasBirthDate": true, "searchSource": null, "seasonBucket": "spring", "guideCategory": "daily-care", "guidePriority": 90, "isMemorialPet": false, "guideSortOrder": 10, "strategyVersion": "guide-personalization-v3", "guideAgePolicyType": "all", "guideTargetSpecies": ["common"], "guideRotationWeight": 1, "petSpeciesDisplayName": "말티즈", "petRepresentativeLabel": "강아지", "guideAgePolicyLifeStage": null, "petRepresentativeSpecies": "dog"}
89e60502-8dce-4e91-91b6-49f5d1532c22	74cd98ab-5c3c-4502-b6cc-6543d8bd6a70	28b808cf-021d-47a9-9c20-017174d6cb01	10000000-0000-4000-8000-000000000002	home_impression	logged-in-home	20533	\N	dog	말티즈	172	2026-03-21 22:19:45.945664+00	{"source": "home-recommendation", "resultRank": null, "queryLength": 0, "hasBirthDate": true, "searchSource": null, "seasonBucket": "spring", "guideCategory": "nutrition", "guidePriority": 89, "isMemorialPet": false, "guideSortOrder": 20, "strategyVersion": "guide-personalization-v3", "guideAgePolicyType": "all", "guideTargetSpecies": ["dog"], "guideRotationWeight": 1, "petSpeciesDisplayName": "말티즈", "petRepresentativeLabel": "강아지", "guideAgePolicyLifeStage": null, "petRepresentativeSpecies": "dog"}
e747607c-ebf2-49a7-93a9-6a43b38c49c7	74cd98ab-5c3c-4502-b6cc-6543d8bd6a70	28b808cf-021d-47a9-9c20-017174d6cb01	11111111-1111-4111-8111-111111111111	home_impression	logged-in-home	20533	\N	dog	말티즈	172	2026-03-21 22:19:45.945664+00	{"source": "home-recommendation", "resultRank": null, "queryLength": 0, "hasBirthDate": true, "searchSource": null, "seasonBucket": "spring", "guideCategory": "daily-care", "guidePriority": 90, "isMemorialPet": false, "guideSortOrder": 10, "strategyVersion": "guide-personalization-v3", "guideAgePolicyType": "all", "guideTargetSpecies": ["common"], "guideRotationWeight": 1, "petSpeciesDisplayName": "말티즈", "petRepresentativeLabel": "강아지", "guideAgePolicyLifeStage": null, "petRepresentativeSpecies": "dog"}
f713f55c-4d27-4070-aad8-32a531db87a6	74cd98ab-5c3c-4502-b6cc-6543d8bd6a70	28b808cf-021d-47a9-9c20-017174d6cb01	10000000-0000-4000-8000-000000000002	home_impression	logged-in-home	20533	\N	dog	말티즈	172	2026-03-21 22:20:34.36563+00	{"source": "home-recommendation", "resultRank": null, "queryLength": 0, "hasBirthDate": true, "searchSource": null, "seasonBucket": "spring", "guideCategory": "nutrition", "guidePriority": 89, "isMemorialPet": false, "guideSortOrder": 20, "strategyVersion": "guide-personalization-v3", "guideAgePolicyType": "all", "guideTargetSpecies": ["dog"], "guideRotationWeight": 1, "petSpeciesDisplayName": "말티즈", "petRepresentativeLabel": "강아지", "guideAgePolicyLifeStage": null, "petRepresentativeSpecies": "dog"}
a2db2d1f-a893-4686-8d46-c816a4c8f5ec	74cd98ab-5c3c-4502-b6cc-6543d8bd6a70	28b808cf-021d-47a9-9c20-017174d6cb01	11111111-1111-4111-8111-111111111111	home_impression	logged-in-home	20533	\N	dog	말티즈	172	2026-03-21 22:20:34.36563+00	{"source": "home-recommendation", "resultRank": null, "queryLength": 0, "hasBirthDate": true, "searchSource": null, "seasonBucket": "spring", "guideCategory": "daily-care", "guidePriority": 90, "isMemorialPet": false, "guideSortOrder": 10, "strategyVersion": "guide-personalization-v3", "guideAgePolicyType": "all", "guideTargetSpecies": ["common"], "guideRotationWeight": 1, "petSpeciesDisplayName": "말티즈", "petRepresentativeLabel": "강아지", "guideAgePolicyLifeStage": null, "petRepresentativeSpecies": "dog"}
25c357c9-9fa9-4ccb-9cc5-451400278f4b	74cd98ab-5c3c-4502-b6cc-6543d8bd6a70	28b808cf-021d-47a9-9c20-017174d6cb01	10000000-0000-4000-8000-000000000002	home_impression	logged-in-home	20533	\N	dog	말티즈	172	2026-03-21 22:58:00.259955+00	{"source": "home-recommendation", "resultRank": null, "queryLength": 0, "hasBirthDate": true, "searchSource": null, "seasonBucket": "spring", "guideCategory": "nutrition", "guidePriority": 89, "isMemorialPet": false, "guideSortOrder": 20, "strategyVersion": "guide-personalization-v3", "guideAgePolicyType": "all", "guideTargetSpecies": ["dog"], "guideRotationWeight": 1, "petSpeciesDisplayName": "말티즈", "petRepresentativeLabel": "강아지", "guideAgePolicyLifeStage": null, "petRepresentativeSpecies": "dog"}
73d8b49d-0cd2-4ef9-8eb0-2e39b02620ae	74cd98ab-5c3c-4502-b6cc-6543d8bd6a70	28b808cf-021d-47a9-9c20-017174d6cb01	11111111-1111-4111-8111-111111111111	home_impression	logged-in-home	20533	\N	dog	말티즈	172	2026-03-21 22:58:00.259955+00	{"source": "home-recommendation", "resultRank": null, "queryLength": 0, "hasBirthDate": true, "searchSource": null, "seasonBucket": "spring", "guideCategory": "daily-care", "guidePriority": 90, "isMemorialPet": false, "guideSortOrder": 10, "strategyVersion": "guide-personalization-v3", "guideAgePolicyType": "all", "guideTargetSpecies": ["common"], "guideRotationWeight": 1, "petSpeciesDisplayName": "말티즈", "petRepresentativeLabel": "강아지", "guideAgePolicyLifeStage": null, "petRepresentativeSpecies": "dog"}
5294dd9c-c0dd-4342-9e0f-a96117b3f8bb	1e64edc9-219c-4ef8-b45c-350a31b8d85f	\N	11111111-1111-4111-8111-111111111111	home_impression	logged-in-home	20533	\N	\N	\N	\N	2026-03-21 23:10:28.062619+00	{"source": "home-recommendation", "resultRank": null, "queryLength": 0, "hasBirthDate": false, "searchSource": null, "seasonBucket": "spring", "guideCategory": "daily-care", "guidePriority": 90, "isMemorialPet": false, "guideSortOrder": 10, "strategyVersion": "guide-personalization-v3", "guideAgePolicyType": "all", "guideTargetSpecies": ["common"], "guideRotationWeight": 1, "petSpeciesDisplayName": null, "petRepresentativeLabel": "기타", "guideAgePolicyLifeStage": null, "petRepresentativeSpecies": "other"}
34f9e9b2-556c-4492-ab7a-1e68a4fdeca7	1e64edc9-219c-4ef8-b45c-350a31b8d85f	\N	10000000-0000-4000-8000-000000000002	home_impression	logged-in-home	20533	\N	\N	\N	\N	2026-03-21 23:10:28.062619+00	{"source": "home-recommendation", "resultRank": null, "queryLength": 0, "hasBirthDate": false, "searchSource": null, "seasonBucket": "spring", "guideCategory": "nutrition", "guidePriority": 89, "isMemorialPet": false, "guideSortOrder": 20, "strategyVersion": "guide-personalization-v3", "guideAgePolicyType": "all", "guideTargetSpecies": ["dog"], "guideRotationWeight": 1, "petSpeciesDisplayName": null, "petRepresentativeLabel": "기타", "guideAgePolicyLifeStage": null, "petRepresentativeSpecies": "other"}
e457c88e-0031-4bf4-8e57-324b0358b0d8	1e64edc9-219c-4ef8-b45c-350a31b8d85f	76055c36-5f66-4842-a1f3-a0310c41bc4b	11111111-1111-4111-8111-111111111111	home_impression	logged-in-home	20533	\N	dog	말티즈	172	2026-03-21 23:10:28.436188+00	{"source": "home-recommendation", "resultRank": null, "queryLength": 0, "hasBirthDate": true, "searchSource": null, "seasonBucket": "spring", "guideCategory": "daily-care", "guidePriority": 90, "isMemorialPet": false, "guideSortOrder": 10, "strategyVersion": "guide-personalization-v3", "guideAgePolicyType": "all", "guideTargetSpecies": ["common"], "guideRotationWeight": 1, "petSpeciesDisplayName": "말티즈", "petRepresentativeLabel": "강아지", "guideAgePolicyLifeStage": null, "petRepresentativeSpecies": "dog"}
e2497f1e-a74d-4bb3-9893-632236209dc3	1e64edc9-219c-4ef8-b45c-350a31b8d85f	76055c36-5f66-4842-a1f3-a0310c41bc4b	10000000-0000-4000-8000-000000000002	home_impression	logged-in-home	20533	\N	dog	말티즈	172	2026-03-21 23:10:28.436188+00	{"source": "home-recommendation", "resultRank": null, "queryLength": 0, "hasBirthDate": true, "searchSource": null, "seasonBucket": "spring", "guideCategory": "nutrition", "guidePriority": 89, "isMemorialPet": false, "guideSortOrder": 20, "strategyVersion": "guide-personalization-v3", "guideAgePolicyType": "all", "guideTargetSpecies": ["dog"], "guideRotationWeight": 1, "petSpeciesDisplayName": "말티즈", "petRepresentativeLabel": "강아지", "guideAgePolicyLifeStage": null, "petRepresentativeSpecies": "dog"}
cb1ba5cd-777d-48d2-bb01-b8ba2b9b8cb3	1e64edc9-219c-4ef8-b45c-350a31b8d85f	76055c36-5f66-4842-a1f3-a0310c41bc4b	10000000-0000-4000-8000-000000000004	home_impression	logged-in-home	20533	\N	dog	말티즈	172	2026-03-21 23:10:29.351178+00	{"source": "home-recommendation", "resultRank": null, "queryLength": 0, "hasBirthDate": true, "searchSource": null, "seasonBucket": "spring", "guideCategory": "health", "guidePriority": 84, "isMemorialPet": false, "guideSortOrder": 40, "strategyVersion": "guide-personalization-v3", "guideAgePolicyType": "all", "guideTargetSpecies": ["dog"], "guideRotationWeight": 1, "petSpeciesDisplayName": "말티즈", "petRepresentativeLabel": "강아지", "guideAgePolicyLifeStage": null, "petRepresentativeSpecies": "dog"}
762c94d9-a3d3-42e2-b776-57b5ecacc055	1e64edc9-219c-4ef8-b45c-350a31b8d85f	76055c36-5f66-4842-a1f3-a0310c41bc4b	11111111-1111-4111-8111-111111111111	home_impression	logged-in-home	20533	\N	dog	말티즈	172	2026-03-21 23:10:29.351178+00	{"source": "home-recommendation", "resultRank": null, "queryLength": 0, "hasBirthDate": true, "searchSource": null, "seasonBucket": "spring", "guideCategory": "daily-care", "guidePriority": 90, "isMemorialPet": false, "guideSortOrder": 10, "strategyVersion": "guide-personalization-v3", "guideAgePolicyType": "all", "guideTargetSpecies": ["common"], "guideRotationWeight": 1, "petSpeciesDisplayName": "말티즈", "petRepresentativeLabel": "강아지", "guideAgePolicyLifeStage": null, "petRepresentativeSpecies": "dog"}
560ba425-8a92-4b91-8704-1aa6fe07a082	a53f9c6c-5bce-4a37-94f7-ef5f683e538c	\N	11111111-1111-4111-8111-111111111111	home_impression	logged-in-home	20533	\N	\N	\N	\N	2026-03-21 23:16:01.875492+00	{"source": "home-recommendation", "resultRank": null, "queryLength": 0, "hasBirthDate": false, "searchSource": null, "seasonBucket": "spring", "guideCategory": "daily-care", "guidePriority": 90, "isMemorialPet": false, "guideSortOrder": 10, "strategyVersion": "guide-personalization-v3", "guideAgePolicyType": "all", "guideTargetSpecies": ["common"], "guideRotationWeight": 1, "petSpeciesDisplayName": null, "petRepresentativeLabel": "기타", "guideAgePolicyLifeStage": null, "petRepresentativeSpecies": "other"}
091420b0-41c4-4271-8cdf-2812fecef456	a53f9c6c-5bce-4a37-94f7-ef5f683e538c	\N	33333333-3333-4333-8333-333333333333	home_impression	logged-in-home	20533	\N	\N	\N	\N	2026-03-21 23:16:01.875492+00	{"source": "home-recommendation", "resultRank": null, "queryLength": 0, "hasBirthDate": false, "searchSource": null, "seasonBucket": "spring", "guideCategory": "environment", "guidePriority": 90, "isMemorialPet": false, "guideSortOrder": 50, "strategyVersion": "guide-personalization-v3", "guideAgePolicyType": "all", "guideTargetSpecies": ["cat"], "guideRotationWeight": 1, "petSpeciesDisplayName": null, "petRepresentativeLabel": "기타", "guideAgePolicyLifeStage": null, "petRepresentativeSpecies": "other"}
3a270b4c-fe9f-48e6-9c4a-68356737b0b5	a53f9c6c-5bce-4a37-94f7-ef5f683e538c	0f4c8132-45bc-49d0-80e6-e2195dede416	10000000-0000-4000-8000-000000000011	home_impression	logged-in-home	20533	\N	other	도마뱀	0	2026-03-21 23:17:37.58966+00	{"source": "home-recommendation", "resultRank": null, "queryLength": 0, "hasBirthDate": true, "searchSource": null, "seasonBucket": "spring", "guideCategory": "environment", "guidePriority": 92, "isMemorialPet": false, "guideSortOrder": 110, "strategyVersion": "guide-personalization-v3", "guideAgePolicyType": "all", "guideTargetSpecies": ["other"], "guideRotationWeight": 1, "petSpeciesDisplayName": "도마뱀", "petRepresentativeLabel": "기타", "guideAgePolicyLifeStage": null, "petRepresentativeSpecies": "other"}
2c123da8-d514-47ea-972a-84a8865e7be9	a53f9c6c-5bce-4a37-94f7-ef5f683e538c	0f4c8132-45bc-49d0-80e6-e2195dede416	11111111-1111-4111-8111-111111111111	home_impression	logged-in-home	20533	\N	other	도마뱀	0	2026-03-21 23:17:37.58966+00	{"source": "home-recommendation", "resultRank": null, "queryLength": 0, "hasBirthDate": true, "searchSource": null, "seasonBucket": "spring", "guideCategory": "daily-care", "guidePriority": 90, "isMemorialPet": false, "guideSortOrder": 10, "strategyVersion": "guide-personalization-v3", "guideAgePolicyType": "all", "guideTargetSpecies": ["common"], "guideRotationWeight": 1, "petSpeciesDisplayName": "도마뱀", "petRepresentativeLabel": "기타", "guideAgePolicyLifeStage": null, "petRepresentativeSpecies": "other"}
8e8f98e8-86df-4723-bc4c-fa9714cae2a3	a53f9c6c-5bce-4a37-94f7-ef5f683e538c	0f4c8132-45bc-49d0-80e6-e2195dede416	10000000-0000-4000-8000-000000000011	home_impression	logged-in-home	20533	\N	other	도마뱀	0	2026-03-21 23:25:27.035534+00	{"source": "home-recommendation", "resultRank": null, "queryLength": 0, "hasBirthDate": true, "searchSource": null, "seasonBucket": "spring", "guideCategory": "environment", "guidePriority": 92, "isMemorialPet": false, "guideSortOrder": 110, "strategyVersion": "guide-personalization-v3", "guideAgePolicyType": "all", "guideTargetSpecies": ["other"], "guideRotationWeight": 1, "petSpeciesDisplayName": "도마뱀", "petRepresentativeLabel": "기타", "guideAgePolicyLifeStage": null, "petRepresentativeSpecies": "other"}
b4ee1453-17bc-47fb-aaba-1e2124a7e2e5	a53f9c6c-5bce-4a37-94f7-ef5f683e538c	0f4c8132-45bc-49d0-80e6-e2195dede416	11111111-1111-4111-8111-111111111111	home_impression	logged-in-home	20533	\N	other	도마뱀	0	2026-03-21 23:25:27.035534+00	{"source": "home-recommendation", "resultRank": null, "queryLength": 0, "hasBirthDate": true, "searchSource": null, "seasonBucket": "spring", "guideCategory": "daily-care", "guidePriority": 90, "isMemorialPet": false, "guideSortOrder": 10, "strategyVersion": "guide-personalization-v3", "guideAgePolicyType": "all", "guideTargetSpecies": ["common"], "guideRotationWeight": 1, "petSpeciesDisplayName": "도마뱀", "petRepresentativeLabel": "기타", "guideAgePolicyLifeStage": null, "petRepresentativeSpecies": "other"}
941d3ff5-a307-4c94-81bd-c190fdc4cf55	a53f9c6c-5bce-4a37-94f7-ef5f683e538c	0f4c8132-45bc-49d0-80e6-e2195dede416	10000000-0000-4000-8000-000000000011	home_impression	logged-in-home	20533	\N	other	도마뱀	0	2026-03-21 23:27:12.063387+00	{"source": "home-recommendation", "resultRank": null, "queryLength": 0, "hasBirthDate": true, "searchSource": null, "seasonBucket": "spring", "guideCategory": "environment", "guidePriority": 92, "isMemorialPet": false, "guideSortOrder": 110, "strategyVersion": "guide-personalization-v3", "guideAgePolicyType": "all", "guideTargetSpecies": ["other"], "guideRotationWeight": 1, "petSpeciesDisplayName": "도마뱀", "petRepresentativeLabel": "기타", "guideAgePolicyLifeStage": null, "petRepresentativeSpecies": "other"}
ddc830cd-4a7c-42b8-a0f0-fc823a5daadf	a53f9c6c-5bce-4a37-94f7-ef5f683e538c	0f4c8132-45bc-49d0-80e6-e2195dede416	11111111-1111-4111-8111-111111111111	home_impression	logged-in-home	20533	\N	other	도마뱀	0	2026-03-21 23:27:12.063387+00	{"source": "home-recommendation", "resultRank": null, "queryLength": 0, "hasBirthDate": true, "searchSource": null, "seasonBucket": "spring", "guideCategory": "daily-care", "guidePriority": 90, "isMemorialPet": false, "guideSortOrder": 10, "strategyVersion": "guide-personalization-v3", "guideAgePolicyType": "all", "guideTargetSpecies": ["common"], "guideRotationWeight": 1, "petSpeciesDisplayName": "도마뱀", "petRepresentativeLabel": "기타", "guideAgePolicyLifeStage": null, "petRepresentativeSpecies": "other"}
321d13b1-17d7-4091-8f66-fe1e6d7c322c	74cd98ab-5c3c-4502-b6cc-6543d8bd6a70	\N	11111111-1111-4111-8111-111111111111	home_impression	logged-in-home	20533	\N	\N	\N	\N	2026-03-21 23:30:43.809695+00	{"source": "home-recommendation", "resultRank": null, "queryLength": 0, "hasBirthDate": false, "searchSource": null, "seasonBucket": "spring", "guideCategory": "daily-care", "guidePriority": 90, "isMemorialPet": false, "guideSortOrder": 10, "strategyVersion": "guide-personalization-v3", "guideAgePolicyType": "all", "guideTargetSpecies": ["common"], "guideRotationWeight": 1, "petSpeciesDisplayName": null, "petRepresentativeLabel": "기타", "guideAgePolicyLifeStage": null, "petRepresentativeSpecies": "other"}
88c5abaa-0cba-4829-b669-fa23b0a74800	74cd98ab-5c3c-4502-b6cc-6543d8bd6a70	\N	33333333-3333-4333-8333-333333333333	home_impression	logged-in-home	20533	\N	\N	\N	\N	2026-03-21 23:30:43.809695+00	{"source": "home-recommendation", "resultRank": null, "queryLength": 0, "hasBirthDate": false, "searchSource": null, "seasonBucket": "spring", "guideCategory": "environment", "guidePriority": 90, "isMemorialPet": false, "guideSortOrder": 50, "strategyVersion": "guide-personalization-v3", "guideAgePolicyType": "all", "guideTargetSpecies": ["cat"], "guideRotationWeight": 1, "petSpeciesDisplayName": null, "petRepresentativeLabel": "기타", "guideAgePolicyLifeStage": null, "petRepresentativeSpecies": "other"}
71b92232-b08b-4535-a1c0-3c7f65031eb6	74cd98ab-5c3c-4502-b6cc-6543d8bd6a70	28b808cf-021d-47a9-9c20-017174d6cb01	11111111-1111-4111-8111-111111111111	home_impression	logged-in-home	20533	\N	dog	말티즈	172	2026-03-21 23:30:44.109144+00	{"source": "home-recommendation", "resultRank": null, "queryLength": 0, "hasBirthDate": true, "searchSource": null, "seasonBucket": "spring", "guideCategory": "daily-care", "guidePriority": 90, "isMemorialPet": false, "guideSortOrder": 10, "strategyVersion": "guide-personalization-v3", "guideAgePolicyType": "all", "guideTargetSpecies": ["common"], "guideRotationWeight": 1, "petSpeciesDisplayName": "말티즈", "petRepresentativeLabel": "강아지", "guideAgePolicyLifeStage": null, "petRepresentativeSpecies": "dog"}
a52dfc70-7ed7-4907-827c-ca655d1e66a4	74cd98ab-5c3c-4502-b6cc-6543d8bd6a70	28b808cf-021d-47a9-9c20-017174d6cb01	33333333-3333-4333-8333-333333333333	home_impression	logged-in-home	20533	\N	dog	말티즈	172	2026-03-21 23:30:44.109144+00	{"source": "home-recommendation", "resultRank": null, "queryLength": 0, "hasBirthDate": true, "searchSource": null, "seasonBucket": "spring", "guideCategory": "environment", "guidePriority": 90, "isMemorialPet": false, "guideSortOrder": 50, "strategyVersion": "guide-personalization-v3", "guideAgePolicyType": "all", "guideTargetSpecies": ["cat"], "guideRotationWeight": 1, "petSpeciesDisplayName": "말티즈", "petRepresentativeLabel": "강아지", "guideAgePolicyLifeStage": null, "petRepresentativeSpecies": "dog"}
b36a488e-e0fa-4fdd-9956-48d76622893a	74cd98ab-5c3c-4502-b6cc-6543d8bd6a70	28b808cf-021d-47a9-9c20-017174d6cb01	10000000-0000-4000-8000-000000000002	home_impression	logged-in-home	20533	\N	dog	말티즈	172	2026-03-21 23:30:44.967672+00	{"source": "home-recommendation", "resultRank": null, "queryLength": 0, "hasBirthDate": true, "searchSource": null, "seasonBucket": "spring", "guideCategory": "nutrition", "guidePriority": 89, "isMemorialPet": false, "guideSortOrder": 20, "strategyVersion": "guide-personalization-v3", "guideAgePolicyType": "all", "guideTargetSpecies": ["dog"], "guideRotationWeight": 1, "petSpeciesDisplayName": "말티즈", "petRepresentativeLabel": "강아지", "guideAgePolicyLifeStage": null, "petRepresentativeSpecies": "dog"}
fbb972e1-dff2-4577-ac88-83a1f3de6ecb	74cd98ab-5c3c-4502-b6cc-6543d8bd6a70	28b808cf-021d-47a9-9c20-017174d6cb01	11111111-1111-4111-8111-111111111111	home_impression	logged-in-home	20533	\N	dog	말티즈	172	2026-03-21 23:30:44.967672+00	{"source": "home-recommendation", "resultRank": null, "queryLength": 0, "hasBirthDate": true, "searchSource": null, "seasonBucket": "spring", "guideCategory": "daily-care", "guidePriority": 90, "isMemorialPet": false, "guideSortOrder": 10, "strategyVersion": "guide-personalization-v3", "guideAgePolicyType": "all", "guideTargetSpecies": ["common"], "guideRotationWeight": 1, "petSpeciesDisplayName": "말티즈", "petRepresentativeLabel": "강아지", "guideAgePolicyLifeStage": null, "petRepresentativeSpecies": "dog"}
e55551b8-ca3b-4174-8905-151c2a6cdd43	74cd98ab-5c3c-4502-b6cc-6543d8bd6a70	3c985cf8-4ad3-4af0-9801-2c168e95484e	10000000-0000-4000-8000-000000000002	home_impression	logged-in-home	20533	\N	dog	말티즈	0	2026-03-21 23:33:05.91615+00	{"source": "home-recommendation", "resultRank": null, "queryLength": 0, "hasBirthDate": true, "searchSource": null, "seasonBucket": "spring", "guideCategory": "nutrition", "guidePriority": 89, "isMemorialPet": false, "guideSortOrder": 20, "strategyVersion": "guide-personalization-v3", "guideAgePolicyType": "all", "guideTargetSpecies": ["dog"], "guideRotationWeight": 1, "petSpeciesDisplayName": "말티즈", "petRepresentativeLabel": "강아지", "guideAgePolicyLifeStage": null, "petRepresentativeSpecies": "dog"}
7f59d6c3-8af4-48ab-9158-4c3e95d295c2	74cd98ab-5c3c-4502-b6cc-6543d8bd6a70	3c985cf8-4ad3-4af0-9801-2c168e95484e	10000000-0000-4000-8000-000000000001	home_impression	logged-in-home	20533	\N	dog	말티즈	0	2026-03-21 23:33:05.950683+00	{"source": "home-recommendation", "resultRank": null, "queryLength": 0, "hasBirthDate": true, "searchSource": null, "seasonBucket": "spring", "guideCategory": "health", "guidePriority": 92, "isMemorialPet": false, "guideSortOrder": 10, "strategyVersion": "guide-personalization-v3", "guideAgePolicyType": "lifeStage", "guideTargetSpecies": ["dog"], "guideRotationWeight": 1, "petSpeciesDisplayName": "말티즈", "petRepresentativeLabel": "강아지", "guideAgePolicyLifeStage": "baby", "petRepresentativeSpecies": "dog"}
adc92780-8ac9-4b19-80f3-31c31a38738b	74cd98ab-5c3c-4502-b6cc-6543d8bd6a70	3c985cf8-4ad3-4af0-9801-2c168e95484e	11111111-1111-4111-8111-111111111111	home_impression	logged-in-home	20533	\N	dog	말티즈	0	2026-03-21 23:33:05.950683+00	{"source": "home-recommendation", "resultRank": null, "queryLength": 0, "hasBirthDate": true, "searchSource": null, "seasonBucket": "spring", "guideCategory": "daily-care", "guidePriority": 90, "isMemorialPet": false, "guideSortOrder": 10, "strategyVersion": "guide-personalization-v3", "guideAgePolicyType": "all", "guideTargetSpecies": ["common"], "guideRotationWeight": 1, "petSpeciesDisplayName": "말티즈", "petRepresentativeLabel": "강아지", "guideAgePolicyLifeStage": null, "petRepresentativeSpecies": "dog"}
cc2c4b0a-a3d6-4011-9b40-6b84547f0dc7	74cd98ab-5c3c-4502-b6cc-6543d8bd6a70	28b808cf-021d-47a9-9c20-017174d6cb01	10000000-0000-4000-8000-000000000001	home_impression	logged-in-home	20533	\N	dog	말티즈	172	2026-03-21 23:33:06.899326+00	{"source": "home-recommendation", "resultRank": null, "queryLength": 0, "hasBirthDate": true, "searchSource": null, "seasonBucket": "spring", "guideCategory": "health", "guidePriority": 92, "isMemorialPet": false, "guideSortOrder": 10, "strategyVersion": "guide-personalization-v3", "guideAgePolicyType": "lifeStage", "guideTargetSpecies": ["dog"], "guideRotationWeight": 1, "petSpeciesDisplayName": "말티즈", "petRepresentativeLabel": "강아지", "guideAgePolicyLifeStage": "baby", "petRepresentativeSpecies": "dog"}
eb2652c0-9db2-4a00-9ee2-9758def45ed8	74cd98ab-5c3c-4502-b6cc-6543d8bd6a70	28b808cf-021d-47a9-9c20-017174d6cb01	11111111-1111-4111-8111-111111111111	home_impression	logged-in-home	20533	\N	dog	말티즈	172	2026-03-21 23:33:06.899326+00	{"source": "home-recommendation", "resultRank": null, "queryLength": 0, "hasBirthDate": true, "searchSource": null, "seasonBucket": "spring", "guideCategory": "daily-care", "guidePriority": 90, "isMemorialPet": false, "guideSortOrder": 10, "strategyVersion": "guide-personalization-v3", "guideAgePolicyType": "all", "guideTargetSpecies": ["common"], "guideRotationWeight": 1, "petSpeciesDisplayName": "말티즈", "petRepresentativeLabel": "강아지", "guideAgePolicyLifeStage": null, "petRepresentativeSpecies": "dog"}
f5e4949e-e5a3-4fe7-bf13-814bc1c3b787	74cd98ab-5c3c-4502-b6cc-6543d8bd6a70	3c985cf8-4ad3-4af0-9801-2c168e95484e	11111111-1111-4111-8111-111111111111	home_impression	logged-in-home	20533	\N	dog	말티즈	0	2026-03-21 23:33:05.91615+00	{"source": "home-recommendation", "resultRank": null, "queryLength": 0, "hasBirthDate": true, "searchSource": null, "seasonBucket": "spring", "guideCategory": "daily-care", "guidePriority": 90, "isMemorialPet": false, "guideSortOrder": 10, "strategyVersion": "guide-personalization-v3", "guideAgePolicyType": "all", "guideTargetSpecies": ["common"], "guideRotationWeight": 1, "petSpeciesDisplayName": "말티즈", "petRepresentativeLabel": "강아지", "guideAgePolicyLifeStage": null, "petRepresentativeSpecies": "dog"}
c6c62bdc-6e69-4206-8b16-d7837215279d	74cd98ab-5c3c-4502-b6cc-6543d8bd6a70	28b808cf-021d-47a9-9c20-017174d6cb01	10000000-0000-4000-8000-000000000002	home_impression	logged-in-home	20533	\N	dog	말티즈	172	2026-03-21 23:33:06.928314+00	{"source": "home-recommendation", "resultRank": null, "queryLength": 0, "hasBirthDate": true, "searchSource": null, "seasonBucket": "spring", "guideCategory": "nutrition", "guidePriority": 89, "isMemorialPet": false, "guideSortOrder": 20, "strategyVersion": "guide-personalization-v3", "guideAgePolicyType": "all", "guideTargetSpecies": ["dog"], "guideRotationWeight": 1, "petSpeciesDisplayName": "말티즈", "petRepresentativeLabel": "강아지", "guideAgePolicyLifeStage": null, "petRepresentativeSpecies": "dog"}
a167fc38-15c7-43df-81b9-c04793c37ea4	74cd98ab-5c3c-4502-b6cc-6543d8bd6a70	28b808cf-021d-47a9-9c20-017174d6cb01	11111111-1111-4111-8111-111111111111	home_impression	logged-in-home	20533	\N	dog	말티즈	172	2026-03-21 23:33:06.928314+00	{"source": "home-recommendation", "resultRank": null, "queryLength": 0, "hasBirthDate": true, "searchSource": null, "seasonBucket": "spring", "guideCategory": "daily-care", "guidePriority": 90, "isMemorialPet": false, "guideSortOrder": 10, "strategyVersion": "guide-personalization-v3", "guideAgePolicyType": "all", "guideTargetSpecies": ["common"], "guideRotationWeight": 1, "petSpeciesDisplayName": "말티즈", "petRepresentativeLabel": "강아지", "guideAgePolicyLifeStage": null, "petRepresentativeSpecies": "dog"}
161a291f-7b3d-4f86-8d86-8cef40164dcd	74cd98ab-5c3c-4502-b6cc-6543d8bd6a70	28b808cf-021d-47a9-9c20-017174d6cb01	10000000-0000-4000-8000-000000000002	home_impression	logged-in-home	20533	\N	dog	말티즈	172	2026-03-21 23:35:17.310285+00	{"source": "home-recommendation", "resultRank": null, "queryLength": 0, "hasBirthDate": true, "searchSource": null, "seasonBucket": "spring", "guideCategory": "nutrition", "guidePriority": 89, "isMemorialPet": false, "guideSortOrder": 20, "strategyVersion": "guide-personalization-v3", "guideAgePolicyType": "all", "guideTargetSpecies": ["dog"], "guideRotationWeight": 1, "petSpeciesDisplayName": "말티즈", "petRepresentativeLabel": "강아지", "guideAgePolicyLifeStage": null, "petRepresentativeSpecies": "dog"}
60dded85-b340-4d7e-9278-f9b55d2da955	74cd98ab-5c3c-4502-b6cc-6543d8bd6a70	28b808cf-021d-47a9-9c20-017174d6cb01	11111111-1111-4111-8111-111111111111	home_impression	logged-in-home	20533	\N	dog	말티즈	172	2026-03-21 23:35:17.310285+00	{"source": "home-recommendation", "resultRank": null, "queryLength": 0, "hasBirthDate": true, "searchSource": null, "seasonBucket": "spring", "guideCategory": "daily-care", "guidePriority": 90, "isMemorialPet": false, "guideSortOrder": 10, "strategyVersion": "guide-personalization-v3", "guideAgePolicyType": "all", "guideTargetSpecies": ["common"], "guideRotationWeight": 1, "petSpeciesDisplayName": "말티즈", "petRepresentativeLabel": "강아지", "guideAgePolicyLifeStage": null, "petRepresentativeSpecies": "dog"}
566cb299-7074-41cf-bdc2-bac3c4dc208c	74cd98ab-5c3c-4502-b6cc-6543d8bd6a70	28b808cf-021d-47a9-9c20-017174d6cb01	10000000-0000-4000-8000-000000000002	home_impression	logged-in-home	20533	\N	dog	말티즈	172	2026-03-21 23:41:04.611408+00	{"source": "home-recommendation", "resultRank": null, "queryLength": 0, "hasBirthDate": true, "searchSource": null, "seasonBucket": "spring", "guideCategory": "nutrition", "guidePriority": 89, "isMemorialPet": false, "guideSortOrder": 20, "strategyVersion": "guide-personalization-v3", "guideAgePolicyType": "all", "guideTargetSpecies": ["dog"], "guideRotationWeight": 1, "petSpeciesDisplayName": "말티즈", "petRepresentativeLabel": "강아지", "guideAgePolicyLifeStage": null, "petRepresentativeSpecies": "dog"}
8d54a9fa-526d-4598-9534-b1f44e1c453d	74cd98ab-5c3c-4502-b6cc-6543d8bd6a70	28b808cf-021d-47a9-9c20-017174d6cb01	11111111-1111-4111-8111-111111111111	home_impression	logged-in-home	20533	\N	dog	말티즈	172	2026-03-21 23:41:04.611408+00	{"source": "home-recommendation", "resultRank": null, "queryLength": 0, "hasBirthDate": true, "searchSource": null, "seasonBucket": "spring", "guideCategory": "daily-care", "guidePriority": 90, "isMemorialPet": false, "guideSortOrder": 10, "strategyVersion": "guide-personalization-v3", "guideAgePolicyType": "all", "guideTargetSpecies": ["common"], "guideRotationWeight": 1, "petSpeciesDisplayName": "말티즈", "petRepresentativeLabel": "강아지", "guideAgePolicyLifeStage": null, "petRepresentativeSpecies": "dog"}
06d8a72e-c071-4a99-a54d-8eb647f9ea9a	74cd98ab-5c3c-4502-b6cc-6543d8bd6a70	28b808cf-021d-47a9-9c20-017174d6cb01	10000000-0000-4000-8000-000000000002	home_impression	logged-in-home	20533	\N	dog	말티즈	172	2026-03-21 23:41:29.107934+00	{"source": "home-recommendation", "resultRank": null, "queryLength": 0, "hasBirthDate": true, "searchSource": null, "seasonBucket": "spring", "guideCategory": "nutrition", "guidePriority": 89, "isMemorialPet": false, "guideSortOrder": 20, "strategyVersion": "guide-personalization-v3", "guideAgePolicyType": "all", "guideTargetSpecies": ["dog"], "guideRotationWeight": 1, "petSpeciesDisplayName": "말티즈", "petRepresentativeLabel": "강아지", "guideAgePolicyLifeStage": null, "petRepresentativeSpecies": "dog"}
ca525451-e21d-44fb-a5bc-1e9d1c712cc4	74cd98ab-5c3c-4502-b6cc-6543d8bd6a70	28b808cf-021d-47a9-9c20-017174d6cb01	11111111-1111-4111-8111-111111111111	home_impression	logged-in-home	20533	\N	dog	말티즈	172	2026-03-21 23:41:29.107934+00	{"source": "home-recommendation", "resultRank": null, "queryLength": 0, "hasBirthDate": true, "searchSource": null, "seasonBucket": "spring", "guideCategory": "daily-care", "guidePriority": 90, "isMemorialPet": false, "guideSortOrder": 10, "strategyVersion": "guide-personalization-v3", "guideAgePolicyType": "all", "guideTargetSpecies": ["common"], "guideRotationWeight": 1, "petSpeciesDisplayName": "말티즈", "petRepresentativeLabel": "강아지", "guideAgePolicyLifeStage": null, "petRepresentativeSpecies": "dog"}
27f9635d-c20e-47b6-8b93-087bc8e9fed5	74cd98ab-5c3c-4502-b6cc-6543d8bd6a70	28b808cf-021d-47a9-9c20-017174d6cb01	10000000-0000-4000-8000-000000000002	home_impression	logged-in-home	20533	\N	dog	말티즈	172	2026-03-21 23:43:03.588277+00	{"source": "home-recommendation", "resultRank": null, "queryLength": 0, "hasBirthDate": true, "searchSource": null, "seasonBucket": "spring", "guideCategory": "nutrition", "guidePriority": 89, "isMemorialPet": false, "guideSortOrder": 20, "strategyVersion": "guide-personalization-v3", "guideAgePolicyType": "all", "guideTargetSpecies": ["dog"], "guideRotationWeight": 1, "petSpeciesDisplayName": "말티즈", "petRepresentativeLabel": "강아지", "guideAgePolicyLifeStage": null, "petRepresentativeSpecies": "dog"}
5570f200-ce08-4d07-a40c-3b0a07cfa4e4	74cd98ab-5c3c-4502-b6cc-6543d8bd6a70	28b808cf-021d-47a9-9c20-017174d6cb01	11111111-1111-4111-8111-111111111111	home_impression	logged-in-home	20533	\N	dog	말티즈	172	2026-03-21 23:43:03.588277+00	{"source": "home-recommendation", "resultRank": null, "queryLength": 0, "hasBirthDate": true, "searchSource": null, "seasonBucket": "spring", "guideCategory": "daily-care", "guidePriority": 90, "isMemorialPet": false, "guideSortOrder": 10, "strategyVersion": "guide-personalization-v3", "guideAgePolicyType": "all", "guideTargetSpecies": ["common"], "guideRotationWeight": 1, "petSpeciesDisplayName": "말티즈", "petRepresentativeLabel": "강아지", "guideAgePolicyLifeStage": null, "petRepresentativeSpecies": "dog"}
d75f53e4-7e04-40c1-9a09-07ba7c14a147	74cd98ab-5c3c-4502-b6cc-6543d8bd6a70	28b808cf-021d-47a9-9c20-017174d6cb01	10000000-0000-4000-8000-000000000002	home_impression	logged-in-home	20533	\N	dog	말티즈	172	2026-03-21 23:45:33.339578+00	{"source": "home-recommendation", "resultRank": null, "queryLength": 0, "hasBirthDate": true, "searchSource": null, "seasonBucket": "spring", "guideCategory": "nutrition", "guidePriority": 89, "isMemorialPet": false, "guideSortOrder": 20, "strategyVersion": "guide-personalization-v3", "guideAgePolicyType": "all", "guideTargetSpecies": ["dog"], "guideRotationWeight": 1, "petSpeciesDisplayName": "말티즈", "petRepresentativeLabel": "강아지", "guideAgePolicyLifeStage": null, "petRepresentativeSpecies": "dog"}
9b5ee138-cd9c-49db-a1df-bbcee04ceb8c	74cd98ab-5c3c-4502-b6cc-6543d8bd6a70	28b808cf-021d-47a9-9c20-017174d6cb01	11111111-1111-4111-8111-111111111111	home_impression	logged-in-home	20533	\N	dog	말티즈	172	2026-03-21 23:45:33.339578+00	{"source": "home-recommendation", "resultRank": null, "queryLength": 0, "hasBirthDate": true, "searchSource": null, "seasonBucket": "spring", "guideCategory": "daily-care", "guidePriority": 90, "isMemorialPet": false, "guideSortOrder": 10, "strategyVersion": "guide-personalization-v3", "guideAgePolicyType": "all", "guideTargetSpecies": ["common"], "guideRotationWeight": 1, "petSpeciesDisplayName": "말티즈", "petRepresentativeLabel": "강아지", "guideAgePolicyLifeStage": null, "petRepresentativeSpecies": "dog"}
6d6e9fa3-d299-41cc-8d8b-47e450604574	74cd98ab-5c3c-4502-b6cc-6543d8bd6a70	28b808cf-021d-47a9-9c20-017174d6cb01	10000000-0000-4000-8000-000000000002	home_impression	logged-in-home	20533	\N	dog	말티즈	172	2026-03-21 23:56:57.595616+00	{"source": "home-recommendation", "resultRank": null, "queryLength": 0, "hasBirthDate": true, "searchSource": null, "seasonBucket": "spring", "guideCategory": "nutrition", "guidePriority": 89, "isMemorialPet": false, "guideSortOrder": 20, "strategyVersion": "guide-personalization-v3", "guideAgePolicyType": "all", "guideTargetSpecies": ["dog"], "guideRotationWeight": 1, "petSpeciesDisplayName": "말티즈", "petRepresentativeLabel": "강아지", "guideAgePolicyLifeStage": null, "petRepresentativeSpecies": "dog"}
ca41da45-f963-48db-9028-2d29e4bfd765	74cd98ab-5c3c-4502-b6cc-6543d8bd6a70	28b808cf-021d-47a9-9c20-017174d6cb01	11111111-1111-4111-8111-111111111111	home_impression	logged-in-home	20533	\N	dog	말티즈	172	2026-03-21 23:56:57.595616+00	{"source": "home-recommendation", "resultRank": null, "queryLength": 0, "hasBirthDate": true, "searchSource": null, "seasonBucket": "spring", "guideCategory": "daily-care", "guidePriority": 90, "isMemorialPet": false, "guideSortOrder": 10, "strategyVersion": "guide-personalization-v3", "guideAgePolicyType": "all", "guideTargetSpecies": ["common"], "guideRotationWeight": 1, "petSpeciesDisplayName": "말티즈", "petRepresentativeLabel": "강아지", "guideAgePolicyLifeStage": null, "petRepresentativeSpecies": "dog"}
f986e6e3-9d6d-4133-b427-bbf9cbc8fc19	74cd98ab-5c3c-4502-b6cc-6543d8bd6a70	28b808cf-021d-47a9-9c20-017174d6cb01	10000000-0000-4000-8000-000000000004	home_impression	logged-in-home	20534	\N	dog	말티즈	172	2026-03-22 00:02:15.333003+00	{"source": "home-recommendation", "resultRank": null, "queryLength": 0, "hasBirthDate": true, "searchSource": null, "seasonBucket": "spring", "guideCategory": "health", "guidePriority": 84, "isMemorialPet": false, "guideSortOrder": 40, "strategyVersion": "guide-personalization-v3", "guideAgePolicyType": "all", "guideTargetSpecies": ["dog"], "guideRotationWeight": 1, "petSpeciesDisplayName": "말티즈", "petRepresentativeLabel": "강아지", "guideAgePolicyLifeStage": null, "petRepresentativeSpecies": "dog"}
fc5e6476-2d75-437c-b26e-80c5dfc27928	74cd98ab-5c3c-4502-b6cc-6543d8bd6a70	28b808cf-021d-47a9-9c20-017174d6cb01	11111111-1111-4111-8111-111111111111	home_impression	logged-in-home	20534	\N	dog	말티즈	172	2026-03-22 00:02:15.333003+00	{"source": "home-recommendation", "resultRank": null, "queryLength": 0, "hasBirthDate": true, "searchSource": null, "seasonBucket": "spring", "guideCategory": "daily-care", "guidePriority": 90, "isMemorialPet": false, "guideSortOrder": 10, "strategyVersion": "guide-personalization-v3", "guideAgePolicyType": "all", "guideTargetSpecies": ["common"], "guideRotationWeight": 1, "petSpeciesDisplayName": "말티즈", "petRepresentativeLabel": "강아지", "guideAgePolicyLifeStage": null, "petRepresentativeSpecies": "dog"}
c2187cc5-fd46-4e02-8d1b-602e695a06d5	74cd98ab-5c3c-4502-b6cc-6543d8bd6a70	28b808cf-021d-47a9-9c20-017174d6cb01	10000000-0000-4000-8000-000000000004	home_impression	logged-in-home	20534	\N	dog	말티즈	172	2026-03-22 00:05:52.538346+00	{"source": "home-recommendation", "resultRank": null, "queryLength": 0, "hasBirthDate": true, "searchSource": null, "seasonBucket": "spring", "guideCategory": "health", "guidePriority": 84, "isMemorialPet": false, "guideSortOrder": 40, "strategyVersion": "guide-personalization-v3", "guideAgePolicyType": "all", "guideTargetSpecies": ["dog"], "guideRotationWeight": 1, "petSpeciesDisplayName": "말티즈", "petRepresentativeLabel": "강아지", "guideAgePolicyLifeStage": null, "petRepresentativeSpecies": "dog"}
723fe8d8-0268-458d-bac2-3e3341c59422	74cd98ab-5c3c-4502-b6cc-6543d8bd6a70	28b808cf-021d-47a9-9c20-017174d6cb01	11111111-1111-4111-8111-111111111111	home_impression	logged-in-home	20534	\N	dog	말티즈	172	2026-03-22 00:05:52.538346+00	{"source": "home-recommendation", "resultRank": null, "queryLength": 0, "hasBirthDate": true, "searchSource": null, "seasonBucket": "spring", "guideCategory": "daily-care", "guidePriority": 90, "isMemorialPet": false, "guideSortOrder": 10, "strategyVersion": "guide-personalization-v3", "guideAgePolicyType": "all", "guideTargetSpecies": ["common"], "guideRotationWeight": 1, "petSpeciesDisplayName": "말티즈", "petRepresentativeLabel": "강아지", "guideAgePolicyLifeStage": null, "petRepresentativeSpecies": "dog"}
f0b75c83-c0c8-4a1b-bde3-b85e739080a2	74cd98ab-5c3c-4502-b6cc-6543d8bd6a70	28b808cf-021d-47a9-9c20-017174d6cb01	10000000-0000-4000-8000-000000000004	home_impression	logged-in-home	20534	\N	dog	말티즈	172	2026-03-22 00:09:28.160105+00	{"source": "home-recommendation", "resultRank": null, "queryLength": 0, "hasBirthDate": true, "searchSource": null, "seasonBucket": "spring", "guideCategory": "health", "guidePriority": 84, "isMemorialPet": false, "guideSortOrder": 40, "strategyVersion": "guide-personalization-v3", "guideAgePolicyType": "all", "guideTargetSpecies": ["dog"], "guideRotationWeight": 1, "petSpeciesDisplayName": "말티즈", "petRepresentativeLabel": "강아지", "guideAgePolicyLifeStage": null, "petRepresentativeSpecies": "dog"}
12f6ac76-5700-4b3a-ae6e-d894b1c806ff	74cd98ab-5c3c-4502-b6cc-6543d8bd6a70	28b808cf-021d-47a9-9c20-017174d6cb01	11111111-1111-4111-8111-111111111111	home_impression	logged-in-home	20534	\N	dog	말티즈	172	2026-03-22 00:09:28.160105+00	{"source": "home-recommendation", "resultRank": null, "queryLength": 0, "hasBirthDate": true, "searchSource": null, "seasonBucket": "spring", "guideCategory": "daily-care", "guidePriority": 90, "isMemorialPet": false, "guideSortOrder": 10, "strategyVersion": "guide-personalization-v3", "guideAgePolicyType": "all", "guideTargetSpecies": ["common"], "guideRotationWeight": 1, "petSpeciesDisplayName": "말티즈", "petRepresentativeLabel": "강아지", "guideAgePolicyLifeStage": null, "petRepresentativeSpecies": "dog"}
d126bf77-69bf-4c4b-a92f-bb9909e7449f	74cd98ab-5c3c-4502-b6cc-6543d8bd6a70	28b808cf-021d-47a9-9c20-017174d6cb01	10000000-0000-4000-8000-000000000004	home_impression	logged-in-home	20534	\N	dog	말티즈	172	2026-03-22 00:22:27.695384+00	{"source": "home-recommendation", "resultRank": null, "queryLength": 0, "hasBirthDate": true, "searchSource": null, "seasonBucket": "spring", "guideCategory": "health", "guidePriority": 84, "isMemorialPet": false, "guideSortOrder": 40, "strategyVersion": "guide-personalization-v3", "guideAgePolicyType": "all", "guideTargetSpecies": ["dog"], "guideRotationWeight": 1, "petSpeciesDisplayName": "말티즈", "petRepresentativeLabel": "강아지", "guideAgePolicyLifeStage": null, "petRepresentativeSpecies": "dog"}
186182e7-762f-4a89-8e5d-d471101ab715	74cd98ab-5c3c-4502-b6cc-6543d8bd6a70	28b808cf-021d-47a9-9c20-017174d6cb01	11111111-1111-4111-8111-111111111111	home_impression	logged-in-home	20534	\N	dog	말티즈	172	2026-03-22 00:22:27.695384+00	{"source": "home-recommendation", "resultRank": null, "queryLength": 0, "hasBirthDate": true, "searchSource": null, "seasonBucket": "spring", "guideCategory": "daily-care", "guidePriority": 90, "isMemorialPet": false, "guideSortOrder": 10, "strategyVersion": "guide-personalization-v3", "guideAgePolicyType": "all", "guideTargetSpecies": ["common"], "guideRotationWeight": 1, "petSpeciesDisplayName": "말티즈", "petRepresentativeLabel": "강아지", "guideAgePolicyLifeStage": null, "petRepresentativeSpecies": "dog"}
0e8f0216-3f1b-4df8-a85e-6d28f0e8e3c2	74cd98ab-5c3c-4502-b6cc-6543d8bd6a70	28b808cf-021d-47a9-9c20-017174d6cb01	10000000-0000-4000-8000-000000000004	home_impression	logged-in-home	20534	\N	dog	말티즈	172	2026-03-22 00:30:38.022954+00	{"source": "home-recommendation", "resultRank": null, "queryLength": 0, "hasBirthDate": true, "searchSource": null, "seasonBucket": "spring", "guideCategory": "health", "guidePriority": 84, "isMemorialPet": false, "guideSortOrder": 40, "strategyVersion": "guide-personalization-v3", "guideAgePolicyType": "all", "guideTargetSpecies": ["dog"], "guideRotationWeight": 1, "petSpeciesDisplayName": "말티즈", "petRepresentativeLabel": "강아지", "guideAgePolicyLifeStage": null, "petRepresentativeSpecies": "dog"}
4777186d-cd10-4280-8cb1-d4508c02222f	74cd98ab-5c3c-4502-b6cc-6543d8bd6a70	28b808cf-021d-47a9-9c20-017174d6cb01	11111111-1111-4111-8111-111111111111	home_impression	logged-in-home	20534	\N	dog	말티즈	172	2026-03-22 00:30:38.022954+00	{"source": "home-recommendation", "resultRank": null, "queryLength": 0, "hasBirthDate": true, "searchSource": null, "seasonBucket": "spring", "guideCategory": "daily-care", "guidePriority": 90, "isMemorialPet": false, "guideSortOrder": 10, "strategyVersion": "guide-personalization-v3", "guideAgePolicyType": "all", "guideTargetSpecies": ["common"], "guideRotationWeight": 1, "petSpeciesDisplayName": "말티즈", "petRepresentativeLabel": "강아지", "guideAgePolicyLifeStage": null, "petRepresentativeSpecies": "dog"}
f2eaac16-f7d5-4939-bf60-e9116d0d92a9	74cd98ab-5c3c-4502-b6cc-6543d8bd6a70	28b808cf-021d-47a9-9c20-017174d6cb01	10000000-0000-4000-8000-000000000004	home_impression	logged-in-home	20534	\N	dog	말티즈	172	2026-03-22 01:15:03.762769+00	{"source": "home-recommendation", "resultRank": null, "queryLength": 0, "hasBirthDate": true, "searchSource": null, "seasonBucket": "spring", "guideCategory": "health", "guidePriority": 84, "isMemorialPet": false, "guideSortOrder": 40, "strategyVersion": "guide-personalization-v3", "guideAgePolicyType": "all", "guideTargetSpecies": ["dog"], "guideRotationWeight": 1, "petSpeciesDisplayName": "말티즈", "petRepresentativeLabel": "강아지", "guideAgePolicyLifeStage": null, "petRepresentativeSpecies": "dog"}
32b2fcaf-21c6-4666-b59d-642c445baa43	74cd98ab-5c3c-4502-b6cc-6543d8bd6a70	28b808cf-021d-47a9-9c20-017174d6cb01	11111111-1111-4111-8111-111111111111	home_impression	logged-in-home	20534	\N	dog	말티즈	172	2026-03-22 01:15:03.762769+00	{"source": "home-recommendation", "resultRank": null, "queryLength": 0, "hasBirthDate": true, "searchSource": null, "seasonBucket": "spring", "guideCategory": "daily-care", "guidePriority": 90, "isMemorialPet": false, "guideSortOrder": 10, "strategyVersion": "guide-personalization-v3", "guideAgePolicyType": "all", "guideTargetSpecies": ["common"], "guideRotationWeight": 1, "petSpeciesDisplayName": "말티즈", "petRepresentativeLabel": "강아지", "guideAgePolicyLifeStage": null, "petRepresentativeSpecies": "dog"}
e2b1e7fb-c6f1-4015-97d5-b3d57efe91a9	74cd98ab-5c3c-4502-b6cc-6543d8bd6a70	28b808cf-021d-47a9-9c20-017174d6cb01	10000000-0000-4000-8000-000000000004	home_impression	logged-in-home	20534	\N	dog	말티즈	172	2026-03-22 01:25:10.601408+00	{"source": "home-recommendation", "resultRank": null, "queryLength": 0, "hasBirthDate": true, "searchSource": null, "seasonBucket": "spring", "guideCategory": "health", "guidePriority": 84, "isMemorialPet": false, "guideSortOrder": 40, "strategyVersion": "guide-personalization-v3", "guideAgePolicyType": "all", "guideTargetSpecies": ["dog"], "guideRotationWeight": 1, "petSpeciesDisplayName": "말티즈", "petRepresentativeLabel": "강아지", "guideAgePolicyLifeStage": null, "petRepresentativeSpecies": "dog"}
cd0dcb3e-780e-4ab7-ae97-63e222370cfb	74cd98ab-5c3c-4502-b6cc-6543d8bd6a70	28b808cf-021d-47a9-9c20-017174d6cb01	11111111-1111-4111-8111-111111111111	home_impression	logged-in-home	20534	\N	dog	말티즈	172	2026-03-22 01:25:10.601408+00	{"source": "home-recommendation", "resultRank": null, "queryLength": 0, "hasBirthDate": true, "searchSource": null, "seasonBucket": "spring", "guideCategory": "daily-care", "guidePriority": 90, "isMemorialPet": false, "guideSortOrder": 10, "strategyVersion": "guide-personalization-v3", "guideAgePolicyType": "all", "guideTargetSpecies": ["common"], "guideRotationWeight": 1, "petSpeciesDisplayName": "말티즈", "petRepresentativeLabel": "강아지", "guideAgePolicyLifeStage": null, "petRepresentativeSpecies": "dog"}
6b33e1fe-7267-4f6c-b4fb-246a7b91e23b	74cd98ab-5c3c-4502-b6cc-6543d8bd6a70	28b808cf-021d-47a9-9c20-017174d6cb01	10000000-0000-4000-8000-000000000004	home_impression	logged-in-home	20534	\N	dog	말티즈	172	2026-03-22 01:43:55.315942+00	{"source": "home-recommendation", "resultRank": null, "queryLength": 0, "hasBirthDate": true, "searchSource": null, "seasonBucket": "spring", "guideCategory": "health", "guidePriority": 84, "isMemorialPet": false, "guideSortOrder": 40, "strategyVersion": "guide-personalization-v3", "guideAgePolicyType": "all", "guideTargetSpecies": ["dog"], "guideRotationWeight": 1, "petSpeciesDisplayName": "말티즈", "petRepresentativeLabel": "강아지", "guideAgePolicyLifeStage": null, "petRepresentativeSpecies": "dog"}
5d8cc8c8-011f-47e6-a47f-4862305c2fdf	74cd98ab-5c3c-4502-b6cc-6543d8bd6a70	28b808cf-021d-47a9-9c20-017174d6cb01	11111111-1111-4111-8111-111111111111	home_impression	logged-in-home	20534	\N	dog	말티즈	172	2026-03-22 01:43:55.315942+00	{"source": "home-recommendation", "resultRank": null, "queryLength": 0, "hasBirthDate": true, "searchSource": null, "seasonBucket": "spring", "guideCategory": "daily-care", "guidePriority": 90, "isMemorialPet": false, "guideSortOrder": 10, "strategyVersion": "guide-personalization-v3", "guideAgePolicyType": "all", "guideTargetSpecies": ["common"], "guideRotationWeight": 1, "petSpeciesDisplayName": "말티즈", "petRepresentativeLabel": "강아지", "guideAgePolicyLifeStage": null, "petRepresentativeSpecies": "dog"}
e993fa56-afb6-4a74-816c-4d269f17acca	74cd98ab-5c3c-4502-b6cc-6543d8bd6a70	28b808cf-021d-47a9-9c20-017174d6cb01	10000000-0000-4000-8000-000000000004	home_impression	logged-in-home	20534	\N	dog	말티즈	172	2026-03-22 06:25:22.510395+00	{"source": "home-recommendation", "resultRank": null, "queryLength": 0, "hasBirthDate": true, "searchSource": null, "seasonBucket": "spring", "guideCategory": "health", "guidePriority": 84, "isMemorialPet": false, "guideSortOrder": 40, "strategyVersion": "guide-personalization-v3", "guideAgePolicyType": "all", "guideTargetSpecies": ["dog"], "guideRotationWeight": 1, "petSpeciesDisplayName": "말티즈", "petRepresentativeLabel": "강아지", "guideAgePolicyLifeStage": null, "petRepresentativeSpecies": "dog"}
61ee1edc-7471-496e-93eb-fa255aea97f0	74cd98ab-5c3c-4502-b6cc-6543d8bd6a70	28b808cf-021d-47a9-9c20-017174d6cb01	11111111-1111-4111-8111-111111111111	home_impression	logged-in-home	20534	\N	dog	말티즈	172	2026-03-22 06:25:22.510395+00	{"source": "home-recommendation", "resultRank": null, "queryLength": 0, "hasBirthDate": true, "searchSource": null, "seasonBucket": "spring", "guideCategory": "daily-care", "guidePriority": 90, "isMemorialPet": false, "guideSortOrder": 10, "strategyVersion": "guide-personalization-v3", "guideAgePolicyType": "all", "guideTargetSpecies": ["common"], "guideRotationWeight": 1, "petSpeciesDisplayName": "말티즈", "petRepresentativeLabel": "강아지", "guideAgePolicyLifeStage": null, "petRepresentativeSpecies": "dog"}
59f94d5b-dd44-4c25-951c-f577a802f690	74cd98ab-5c3c-4502-b6cc-6543d8bd6a70	28b808cf-021d-47a9-9c20-017174d6cb01	10000000-0000-4000-8000-000000000004	home_impression	logged-in-home	20534	\N	dog	말티즈	172	2026-03-22 06:35:03.549264+00	{"source": "home-recommendation", "resultRank": null, "queryLength": 0, "hasBirthDate": true, "searchSource": null, "seasonBucket": "spring", "guideCategory": "health", "guidePriority": 84, "isMemorialPet": false, "guideSortOrder": 40, "strategyVersion": "guide-personalization-v3", "guideAgePolicyType": "all", "guideTargetSpecies": ["dog"], "guideRotationWeight": 1, "petSpeciesDisplayName": "말티즈", "petRepresentativeLabel": "강아지", "guideAgePolicyLifeStage": null, "petRepresentativeSpecies": "dog"}
17b41954-461b-45f8-acaf-9f648113a587	74cd98ab-5c3c-4502-b6cc-6543d8bd6a70	28b808cf-021d-47a9-9c20-017174d6cb01	11111111-1111-4111-8111-111111111111	home_impression	logged-in-home	20534	\N	dog	말티즈	172	2026-03-22 06:35:03.549264+00	{"source": "home-recommendation", "resultRank": null, "queryLength": 0, "hasBirthDate": true, "searchSource": null, "seasonBucket": "spring", "guideCategory": "daily-care", "guidePriority": 90, "isMemorialPet": false, "guideSortOrder": 10, "strategyVersion": "guide-personalization-v3", "guideAgePolicyType": "all", "guideTargetSpecies": ["common"], "guideRotationWeight": 1, "petSpeciesDisplayName": "말티즈", "petRepresentativeLabel": "강아지", "guideAgePolicyLifeStage": null, "petRepresentativeSpecies": "dog"}
afc94ec7-f458-4ffa-9938-2126d7fe01ab	74cd98ab-5c3c-4502-b6cc-6543d8bd6a70	28b808cf-021d-47a9-9c20-017174d6cb01	10000000-0000-4000-8000-000000000004	home_impression	logged-in-home	20534	\N	dog	말티즈	172	2026-03-22 06:35:50.521622+00	{"source": "home-recommendation", "resultRank": null, "queryLength": 0, "hasBirthDate": true, "searchSource": null, "seasonBucket": "spring", "guideCategory": "health", "guidePriority": 84, "isMemorialPet": false, "guideSortOrder": 40, "strategyVersion": "guide-personalization-v3", "guideAgePolicyType": "all", "guideTargetSpecies": ["dog"], "guideRotationWeight": 1, "petSpeciesDisplayName": "말티즈", "petRepresentativeLabel": "강아지", "guideAgePolicyLifeStage": null, "petRepresentativeSpecies": "dog"}
ea6d72aa-44fb-4e9c-9ca6-5a4c3fade01c	74cd98ab-5c3c-4502-b6cc-6543d8bd6a70	28b808cf-021d-47a9-9c20-017174d6cb01	11111111-1111-4111-8111-111111111111	home_impression	logged-in-home	20534	\N	dog	말티즈	172	2026-03-22 06:35:50.521622+00	{"source": "home-recommendation", "resultRank": null, "queryLength": 0, "hasBirthDate": true, "searchSource": null, "seasonBucket": "spring", "guideCategory": "daily-care", "guidePriority": 90, "isMemorialPet": false, "guideSortOrder": 10, "strategyVersion": "guide-personalization-v3", "guideAgePolicyType": "all", "guideTargetSpecies": ["common"], "guideRotationWeight": 1, "petSpeciesDisplayName": "말티즈", "petRepresentativeLabel": "강아지", "guideAgePolicyLifeStage": null, "petRepresentativeSpecies": "dog"}
b3075d6c-0e2d-4575-b2c8-296697cb5a9e	74cd98ab-5c3c-4502-b6cc-6543d8bd6a70	28b808cf-021d-47a9-9c20-017174d6cb01	10000000-0000-4000-8000-000000000004	home_impression	logged-in-home	20534	\N	dog	말티즈	172	2026-03-22 06:42:12.599407+00	{"source": "home-recommendation", "resultRank": null, "queryLength": 0, "hasBirthDate": true, "searchSource": null, "seasonBucket": "spring", "guideCategory": "health", "guidePriority": 84, "isMemorialPet": false, "guideSortOrder": 40, "strategyVersion": "guide-personalization-v3", "guideAgePolicyType": "all", "guideTargetSpecies": ["dog"], "guideRotationWeight": 1, "petSpeciesDisplayName": "말티즈", "petRepresentativeLabel": "강아지", "guideAgePolicyLifeStage": null, "petRepresentativeSpecies": "dog"}
465dc9a6-30a3-4620-8214-a204c043888d	74cd98ab-5c3c-4502-b6cc-6543d8bd6a70	28b808cf-021d-47a9-9c20-017174d6cb01	11111111-1111-4111-8111-111111111111	home_impression	logged-in-home	20534	\N	dog	말티즈	172	2026-03-22 06:42:12.599407+00	{"source": "home-recommendation", "resultRank": null, "queryLength": 0, "hasBirthDate": true, "searchSource": null, "seasonBucket": "spring", "guideCategory": "daily-care", "guidePriority": 90, "isMemorialPet": false, "guideSortOrder": 10, "strategyVersion": "guide-personalization-v3", "guideAgePolicyType": "all", "guideTargetSpecies": ["common"], "guideRotationWeight": 1, "petSpeciesDisplayName": "말티즈", "petRepresentativeLabel": "강아지", "guideAgePolicyLifeStage": null, "petRepresentativeSpecies": "dog"}
84eb06a5-85ed-418f-b074-1a0f95bd2f4e	74cd98ab-5c3c-4502-b6cc-6543d8bd6a70	28b808cf-021d-47a9-9c20-017174d6cb01	10000000-0000-4000-8000-000000000004	home_impression	logged-in-home	20534	\N	dog	말티즈	172	2026-03-22 06:46:33.141321+00	{"source": "home-recommendation", "resultRank": null, "queryLength": 0, "hasBirthDate": true, "searchSource": null, "seasonBucket": "spring", "guideCategory": "health", "guidePriority": 84, "isMemorialPet": false, "guideSortOrder": 40, "strategyVersion": "guide-personalization-v3", "guideAgePolicyType": "all", "guideTargetSpecies": ["dog"], "guideRotationWeight": 1, "petSpeciesDisplayName": "말티즈", "petRepresentativeLabel": "강아지", "guideAgePolicyLifeStage": null, "petRepresentativeSpecies": "dog"}
5ee2d97c-7d11-42bf-a021-503faf3b7163	74cd98ab-5c3c-4502-b6cc-6543d8bd6a70	28b808cf-021d-47a9-9c20-017174d6cb01	11111111-1111-4111-8111-111111111111	home_impression	logged-in-home	20534	\N	dog	말티즈	172	2026-03-22 06:46:33.141321+00	{"source": "home-recommendation", "resultRank": null, "queryLength": 0, "hasBirthDate": true, "searchSource": null, "seasonBucket": "spring", "guideCategory": "daily-care", "guidePriority": 90, "isMemorialPet": false, "guideSortOrder": 10, "strategyVersion": "guide-personalization-v3", "guideAgePolicyType": "all", "guideTargetSpecies": ["common"], "guideRotationWeight": 1, "petSpeciesDisplayName": "말티즈", "petRepresentativeLabel": "강아지", "guideAgePolicyLifeStage": null, "petRepresentativeSpecies": "dog"}
6ba15ca3-85a2-470c-8200-6a4ade64679e	74cd98ab-5c3c-4502-b6cc-6543d8bd6a70	28b808cf-021d-47a9-9c20-017174d6cb01	10000000-0000-4000-8000-000000000004	home_impression	logged-in-home	20534	\N	dog	말티즈	172	2026-03-22 06:51:13.790915+00	{"source": "home-recommendation", "resultRank": null, "queryLength": 0, "hasBirthDate": true, "searchSource": null, "seasonBucket": "spring", "guideCategory": "health", "guidePriority": 84, "isMemorialPet": false, "guideSortOrder": 40, "strategyVersion": "guide-personalization-v3", "guideAgePolicyType": "all", "guideTargetSpecies": ["dog"], "guideRotationWeight": 1, "petSpeciesDisplayName": "말티즈", "petRepresentativeLabel": "강아지", "guideAgePolicyLifeStage": null, "petRepresentativeSpecies": "dog"}
1388ed43-b6a1-4b20-84c9-8749ba9cdce4	74cd98ab-5c3c-4502-b6cc-6543d8bd6a70	28b808cf-021d-47a9-9c20-017174d6cb01	11111111-1111-4111-8111-111111111111	home_impression	logged-in-home	20534	\N	dog	말티즈	172	2026-03-22 06:51:13.790915+00	{"source": "home-recommendation", "resultRank": null, "queryLength": 0, "hasBirthDate": true, "searchSource": null, "seasonBucket": "spring", "guideCategory": "daily-care", "guidePriority": 90, "isMemorialPet": false, "guideSortOrder": 10, "strategyVersion": "guide-personalization-v3", "guideAgePolicyType": "all", "guideTargetSpecies": ["common"], "guideRotationWeight": 1, "petSpeciesDisplayName": "말티즈", "petRepresentativeLabel": "강아지", "guideAgePolicyLifeStage": null, "petRepresentativeSpecies": "dog"}
e8deb66b-6836-4d26-86f3-860af1f390d6	74cd98ab-5c3c-4502-b6cc-6543d8bd6a70	28b808cf-021d-47a9-9c20-017174d6cb01	10000000-0000-4000-8000-000000000004	home_impression	logged-in-home	20534	\N	dog	말티즈	172	2026-03-22 06:56:02.273446+00	{"source": "home-recommendation", "resultRank": null, "queryLength": 0, "hasBirthDate": true, "searchSource": null, "seasonBucket": "spring", "guideCategory": "health", "guidePriority": 84, "isMemorialPet": false, "guideSortOrder": 40, "strategyVersion": "guide-personalization-v3", "guideAgePolicyType": "all", "guideTargetSpecies": ["dog"], "guideRotationWeight": 1, "petSpeciesDisplayName": "말티즈", "petRepresentativeLabel": "강아지", "guideAgePolicyLifeStage": null, "petRepresentativeSpecies": "dog"}
b6db5980-1506-4e46-a0dd-f164ef08f31c	74cd98ab-5c3c-4502-b6cc-6543d8bd6a70	28b808cf-021d-47a9-9c20-017174d6cb01	11111111-1111-4111-8111-111111111111	home_impression	logged-in-home	20534	\N	dog	말티즈	172	2026-03-22 06:56:02.273446+00	{"source": "home-recommendation", "resultRank": null, "queryLength": 0, "hasBirthDate": true, "searchSource": null, "seasonBucket": "spring", "guideCategory": "daily-care", "guidePriority": 90, "isMemorialPet": false, "guideSortOrder": 10, "strategyVersion": "guide-personalization-v3", "guideAgePolicyType": "all", "guideTargetSpecies": ["common"], "guideRotationWeight": 1, "petSpeciesDisplayName": "말티즈", "petRepresentativeLabel": "강아지", "guideAgePolicyLifeStage": null, "petRepresentativeSpecies": "dog"}
3b5dcec1-ce79-4c16-a8de-c813e3123b9a	74cd98ab-5c3c-4502-b6cc-6543d8bd6a70	28b808cf-021d-47a9-9c20-017174d6cb01	10000000-0000-4000-8000-000000000004	home_impression	logged-in-home	20534	\N	dog	말티즈	172	2026-03-22 06:58:20.773822+00	{"source": "home-recommendation", "resultRank": null, "queryLength": 0, "hasBirthDate": true, "searchSource": null, "seasonBucket": "spring", "guideCategory": "health", "guidePriority": 84, "isMemorialPet": false, "guideSortOrder": 40, "strategyVersion": "guide-personalization-v3", "guideAgePolicyType": "all", "guideTargetSpecies": ["dog"], "guideRotationWeight": 1, "petSpeciesDisplayName": "말티즈", "petRepresentativeLabel": "강아지", "guideAgePolicyLifeStage": null, "petRepresentativeSpecies": "dog"}
f56d50b8-1df9-4ede-81ba-0dac61ae03ac	74cd98ab-5c3c-4502-b6cc-6543d8bd6a70	28b808cf-021d-47a9-9c20-017174d6cb01	11111111-1111-4111-8111-111111111111	home_impression	logged-in-home	20534	\N	dog	말티즈	172	2026-03-22 06:58:20.773822+00	{"source": "home-recommendation", "resultRank": null, "queryLength": 0, "hasBirthDate": true, "searchSource": null, "seasonBucket": "spring", "guideCategory": "daily-care", "guidePriority": 90, "isMemorialPet": false, "guideSortOrder": 10, "strategyVersion": "guide-personalization-v3", "guideAgePolicyType": "all", "guideTargetSpecies": ["common"], "guideRotationWeight": 1, "petSpeciesDisplayName": "말티즈", "petRepresentativeLabel": "강아지", "guideAgePolicyLifeStage": null, "petRepresentativeSpecies": "dog"}
c2307a41-71fc-4c79-b9fe-515b4a245856	74cd98ab-5c3c-4502-b6cc-6543d8bd6a70	28b808cf-021d-47a9-9c20-017174d6cb01	10000000-0000-4000-8000-000000000004	home_impression	logged-in-home	20534	\N	dog	말티즈	172	2026-03-22 06:58:47.743805+00	{"source": "home-recommendation", "resultRank": null, "queryLength": 0, "hasBirthDate": true, "searchSource": null, "seasonBucket": "spring", "guideCategory": "health", "guidePriority": 84, "isMemorialPet": false, "guideSortOrder": 40, "strategyVersion": "guide-personalization-v3", "guideAgePolicyType": "all", "guideTargetSpecies": ["dog"], "guideRotationWeight": 1, "petSpeciesDisplayName": "말티즈", "petRepresentativeLabel": "강아지", "guideAgePolicyLifeStage": null, "petRepresentativeSpecies": "dog"}
474cf51e-3b67-4638-b5fa-e1e5f0040953	74cd98ab-5c3c-4502-b6cc-6543d8bd6a70	28b808cf-021d-47a9-9c20-017174d6cb01	11111111-1111-4111-8111-111111111111	home_impression	logged-in-home	20534	\N	dog	말티즈	172	2026-03-22 06:58:47.743805+00	{"source": "home-recommendation", "resultRank": null, "queryLength": 0, "hasBirthDate": true, "searchSource": null, "seasonBucket": "spring", "guideCategory": "daily-care", "guidePriority": 90, "isMemorialPet": false, "guideSortOrder": 10, "strategyVersion": "guide-personalization-v3", "guideAgePolicyType": "all", "guideTargetSpecies": ["common"], "guideRotationWeight": 1, "petSpeciesDisplayName": "말티즈", "petRepresentativeLabel": "강아지", "guideAgePolicyLifeStage": null, "petRepresentativeSpecies": "dog"}
a4c4d39f-61dd-4d42-b857-10a6133efdf1	74cd98ab-5c3c-4502-b6cc-6543d8bd6a70	28b808cf-021d-47a9-9c20-017174d6cb01	10000000-0000-4000-8000-000000000004	home_impression	logged-in-home	20534	\N	dog	말티즈	172	2026-03-22 07:06:02.879433+00	{"source": "home-recommendation", "resultRank": null, "queryLength": 0, "hasBirthDate": true, "searchSource": null, "seasonBucket": "spring", "guideCategory": "health", "guidePriority": 84, "isMemorialPet": false, "guideSortOrder": 40, "strategyVersion": "guide-personalization-v3", "guideAgePolicyType": "all", "guideTargetSpecies": ["dog"], "guideRotationWeight": 1, "petSpeciesDisplayName": "말티즈", "petRepresentativeLabel": "강아지", "guideAgePolicyLifeStage": null, "petRepresentativeSpecies": "dog"}
7eb95e12-3a17-4255-a342-3652868b2fec	74cd98ab-5c3c-4502-b6cc-6543d8bd6a70	28b808cf-021d-47a9-9c20-017174d6cb01	11111111-1111-4111-8111-111111111111	home_impression	logged-in-home	20534	\N	dog	말티즈	172	2026-03-22 07:06:02.879433+00	{"source": "home-recommendation", "resultRank": null, "queryLength": 0, "hasBirthDate": true, "searchSource": null, "seasonBucket": "spring", "guideCategory": "daily-care", "guidePriority": 90, "isMemorialPet": false, "guideSortOrder": 10, "strategyVersion": "guide-personalization-v3", "guideAgePolicyType": "all", "guideTargetSpecies": ["common"], "guideRotationWeight": 1, "petSpeciesDisplayName": "말티즈", "petRepresentativeLabel": "강아지", "guideAgePolicyLifeStage": null, "petRepresentativeSpecies": "dog"}
9b3b4901-6931-4abf-844d-f8c8ab82ca7b	74cd98ab-5c3c-4502-b6cc-6543d8bd6a70	28b808cf-021d-47a9-9c20-017174d6cb01	10000000-0000-4000-8000-000000000004	home_impression	logged-in-home	20534	\N	dog	말티즈	172	2026-03-22 07:10:49.626936+00	{"source": "home-recommendation", "resultRank": null, "queryLength": 0, "hasBirthDate": true, "searchSource": null, "seasonBucket": "spring", "guideCategory": "health", "guidePriority": 84, "isMemorialPet": false, "guideSortOrder": 40, "strategyVersion": "guide-personalization-v3", "guideAgePolicyType": "all", "guideTargetSpecies": ["dog"], "guideRotationWeight": 1, "petSpeciesDisplayName": "말티즈", "petRepresentativeLabel": "강아지", "guideAgePolicyLifeStage": null, "petRepresentativeSpecies": "dog"}
bd31c8df-7afc-4057-8f18-1b4025bacefc	74cd98ab-5c3c-4502-b6cc-6543d8bd6a70	28b808cf-021d-47a9-9c20-017174d6cb01	11111111-1111-4111-8111-111111111111	home_impression	logged-in-home	20534	\N	dog	말티즈	172	2026-03-22 07:10:49.626936+00	{"source": "home-recommendation", "resultRank": null, "queryLength": 0, "hasBirthDate": true, "searchSource": null, "seasonBucket": "spring", "guideCategory": "daily-care", "guidePriority": 90, "isMemorialPet": false, "guideSortOrder": 10, "strategyVersion": "guide-personalization-v3", "guideAgePolicyType": "all", "guideTargetSpecies": ["common"], "guideRotationWeight": 1, "petSpeciesDisplayName": "말티즈", "petRepresentativeLabel": "강아지", "guideAgePolicyLifeStage": null, "petRepresentativeSpecies": "dog"}
b31a74af-7a18-4d87-a51f-6c04d4b755e4	74cd98ab-5c3c-4502-b6cc-6543d8bd6a70	28b808cf-021d-47a9-9c20-017174d6cb01	10000000-0000-4000-8000-000000000004	home_impression	logged-in-home	20534	\N	dog	말티즈	172	2026-03-22 07:12:21.764178+00	{"source": "home-recommendation", "resultRank": null, "queryLength": 0, "hasBirthDate": true, "searchSource": null, "seasonBucket": "spring", "guideCategory": "health", "guidePriority": 84, "isMemorialPet": false, "guideSortOrder": 40, "strategyVersion": "guide-personalization-v3", "guideAgePolicyType": "all", "guideTargetSpecies": ["dog"], "guideRotationWeight": 1, "petSpeciesDisplayName": "말티즈", "petRepresentativeLabel": "강아지", "guideAgePolicyLifeStage": null, "petRepresentativeSpecies": "dog"}
3477dfe9-6ecf-4129-a510-0dcee9d413bd	74cd98ab-5c3c-4502-b6cc-6543d8bd6a70	28b808cf-021d-47a9-9c20-017174d6cb01	11111111-1111-4111-8111-111111111111	home_impression	logged-in-home	20534	\N	dog	말티즈	172	2026-03-22 07:12:21.764178+00	{"source": "home-recommendation", "resultRank": null, "queryLength": 0, "hasBirthDate": true, "searchSource": null, "seasonBucket": "spring", "guideCategory": "daily-care", "guidePriority": 90, "isMemorialPet": false, "guideSortOrder": 10, "strategyVersion": "guide-personalization-v3", "guideAgePolicyType": "all", "guideTargetSpecies": ["common"], "guideRotationWeight": 1, "petSpeciesDisplayName": "말티즈", "petRepresentativeLabel": "강아지", "guideAgePolicyLifeStage": null, "petRepresentativeSpecies": "dog"}
58e6ebda-f914-4c20-9bc1-96c4774eeb92	74cd98ab-5c3c-4502-b6cc-6543d8bd6a70	28b808cf-021d-47a9-9c20-017174d6cb01	10000000-0000-4000-8000-000000000004	home_impression	logged-in-home	20534	\N	dog	말티즈	172	2026-03-22 07:14:40.449027+00	{"source": "home-recommendation", "resultRank": null, "queryLength": 0, "hasBirthDate": true, "searchSource": null, "seasonBucket": "spring", "guideCategory": "health", "guidePriority": 84, "isMemorialPet": false, "guideSortOrder": 40, "strategyVersion": "guide-personalization-v3", "guideAgePolicyType": "all", "guideTargetSpecies": ["dog"], "guideRotationWeight": 1, "petSpeciesDisplayName": "말티즈", "petRepresentativeLabel": "강아지", "guideAgePolicyLifeStage": null, "petRepresentativeSpecies": "dog"}
130884b4-7c3e-47d4-97d6-c17ae3f38751	74cd98ab-5c3c-4502-b6cc-6543d8bd6a70	28b808cf-021d-47a9-9c20-017174d6cb01	11111111-1111-4111-8111-111111111111	home_impression	logged-in-home	20534	\N	dog	말티즈	172	2026-03-22 07:14:40.449027+00	{"source": "home-recommendation", "resultRank": null, "queryLength": 0, "hasBirthDate": true, "searchSource": null, "seasonBucket": "spring", "guideCategory": "daily-care", "guidePriority": 90, "isMemorialPet": false, "guideSortOrder": 10, "strategyVersion": "guide-personalization-v3", "guideAgePolicyType": "all", "guideTargetSpecies": ["common"], "guideRotationWeight": 1, "petSpeciesDisplayName": "말티즈", "petRepresentativeLabel": "강아지", "guideAgePolicyLifeStage": null, "petRepresentativeSpecies": "dog"}
9e2c9173-a3d0-44dc-b396-088a99dcea2d	74cd98ab-5c3c-4502-b6cc-6543d8bd6a70	28b808cf-021d-47a9-9c20-017174d6cb01	10000000-0000-4000-8000-000000000004	home_impression	logged-in-home	20534	\N	dog	말티즈	172	2026-03-22 07:29:17.459299+00	{"source": "home-recommendation", "resultRank": null, "queryLength": 0, "hasBirthDate": true, "searchSource": null, "seasonBucket": "spring", "guideCategory": "health", "guidePriority": 84, "isMemorialPet": false, "guideSortOrder": 40, "strategyVersion": "guide-personalization-v3", "guideAgePolicyType": "all", "guideTargetSpecies": ["dog"], "guideRotationWeight": 1, "petSpeciesDisplayName": "말티즈", "petRepresentativeLabel": "강아지", "guideAgePolicyLifeStage": null, "petRepresentativeSpecies": "dog"}
7487d237-7bb6-44b2-813d-1b43ef3a9995	74cd98ab-5c3c-4502-b6cc-6543d8bd6a70	28b808cf-021d-47a9-9c20-017174d6cb01	11111111-1111-4111-8111-111111111111	home_impression	logged-in-home	20534	\N	dog	말티즈	172	2026-03-22 07:29:17.459299+00	{"source": "home-recommendation", "resultRank": null, "queryLength": 0, "hasBirthDate": true, "searchSource": null, "seasonBucket": "spring", "guideCategory": "daily-care", "guidePriority": 90, "isMemorialPet": false, "guideSortOrder": 10, "strategyVersion": "guide-personalization-v3", "guideAgePolicyType": "all", "guideTargetSpecies": ["common"], "guideRotationWeight": 1, "petSpeciesDisplayName": "말티즈", "petRepresentativeLabel": "강아지", "guideAgePolicyLifeStage": null, "petRepresentativeSpecies": "dog"}
698690e9-5686-41e1-93ec-d1c6c57a969c	74cd98ab-5c3c-4502-b6cc-6543d8bd6a70	28b808cf-021d-47a9-9c20-017174d6cb01	10000000-0000-4000-8000-000000000004	home_impression	logged-in-home	20534	\N	dog	말티즈	172	2026-03-22 07:34:23.756077+00	{"source": "home-recommendation", "resultRank": null, "queryLength": 0, "hasBirthDate": true, "searchSource": null, "seasonBucket": "spring", "guideCategory": "health", "guidePriority": 84, "isMemorialPet": false, "guideSortOrder": 40, "strategyVersion": "guide-personalization-v3", "guideAgePolicyType": "all", "guideTargetSpecies": ["dog"], "guideRotationWeight": 1, "petSpeciesDisplayName": "말티즈", "petRepresentativeLabel": "강아지", "guideAgePolicyLifeStage": null, "petRepresentativeSpecies": "dog"}
2ab5214c-0d32-447e-b383-931a5f7a3006	74cd98ab-5c3c-4502-b6cc-6543d8bd6a70	28b808cf-021d-47a9-9c20-017174d6cb01	11111111-1111-4111-8111-111111111111	home_impression	logged-in-home	20534	\N	dog	말티즈	172	2026-03-22 07:34:23.756077+00	{"source": "home-recommendation", "resultRank": null, "queryLength": 0, "hasBirthDate": true, "searchSource": null, "seasonBucket": "spring", "guideCategory": "daily-care", "guidePriority": 90, "isMemorialPet": false, "guideSortOrder": 10, "strategyVersion": "guide-personalization-v3", "guideAgePolicyType": "all", "guideTargetSpecies": ["common"], "guideRotationWeight": 1, "petSpeciesDisplayName": "말티즈", "petRepresentativeLabel": "강아지", "guideAgePolicyLifeStage": null, "petRepresentativeSpecies": "dog"}
2798192a-2380-4225-b39c-ff50fd9b1e90	74cd98ab-5c3c-4502-b6cc-6543d8bd6a70	28b808cf-021d-47a9-9c20-017174d6cb01	10000000-0000-4000-8000-000000000004	home_impression	logged-in-home	20534	\N	dog	말티즈	172	2026-03-22 07:40:50.034811+00	{"source": "home-recommendation", "resultRank": null, "queryLength": 0, "hasBirthDate": true, "searchSource": null, "seasonBucket": "spring", "guideCategory": "health", "guidePriority": 84, "isMemorialPet": false, "guideSortOrder": 40, "strategyVersion": "guide-personalization-v3", "guideAgePolicyType": "all", "guideTargetSpecies": ["dog"], "guideRotationWeight": 1, "petSpeciesDisplayName": "말티즈", "petRepresentativeLabel": "강아지", "guideAgePolicyLifeStage": null, "petRepresentativeSpecies": "dog"}
a205cec4-7d40-46e6-b586-a5c2db4d2ded	74cd98ab-5c3c-4502-b6cc-6543d8bd6a70	28b808cf-021d-47a9-9c20-017174d6cb01	11111111-1111-4111-8111-111111111111	home_impression	logged-in-home	20534	\N	dog	말티즈	172	2026-03-22 07:40:50.034811+00	{"source": "home-recommendation", "resultRank": null, "queryLength": 0, "hasBirthDate": true, "searchSource": null, "seasonBucket": "spring", "guideCategory": "daily-care", "guidePriority": 90, "isMemorialPet": false, "guideSortOrder": 10, "strategyVersion": "guide-personalization-v3", "guideAgePolicyType": "all", "guideTargetSpecies": ["common"], "guideRotationWeight": 1, "petSpeciesDisplayName": "말티즈", "petRepresentativeLabel": "강아지", "guideAgePolicyLifeStage": null, "petRepresentativeSpecies": "dog"}
704f5a8d-453c-47ef-b259-da624dc847d3	74cd98ab-5c3c-4502-b6cc-6543d8bd6a70	28b808cf-021d-47a9-9c20-017174d6cb01	10000000-0000-4000-8000-000000000004	home_impression	logged-in-home	20534	\N	dog	말티즈	172	2026-03-22 07:48:59.201186+00	{"source": "home-recommendation", "resultRank": null, "queryLength": 0, "hasBirthDate": true, "searchSource": null, "seasonBucket": "spring", "guideCategory": "health", "guidePriority": 84, "isMemorialPet": false, "guideSortOrder": 40, "strategyVersion": "guide-personalization-v3", "guideAgePolicyType": "all", "guideTargetSpecies": ["dog"], "guideRotationWeight": 1, "petSpeciesDisplayName": "말티즈", "petRepresentativeLabel": "강아지", "guideAgePolicyLifeStage": null, "petRepresentativeSpecies": "dog"}
fa352de2-aef5-490e-996a-655ef2abf412	74cd98ab-5c3c-4502-b6cc-6543d8bd6a70	28b808cf-021d-47a9-9c20-017174d6cb01	11111111-1111-4111-8111-111111111111	home_impression	logged-in-home	20534	\N	dog	말티즈	172	2026-03-22 07:48:59.201186+00	{"source": "home-recommendation", "resultRank": null, "queryLength": 0, "hasBirthDate": true, "searchSource": null, "seasonBucket": "spring", "guideCategory": "daily-care", "guidePriority": 90, "isMemorialPet": false, "guideSortOrder": 10, "strategyVersion": "guide-personalization-v3", "guideAgePolicyType": "all", "guideTargetSpecies": ["common"], "guideRotationWeight": 1, "petSpeciesDisplayName": "말티즈", "petRepresentativeLabel": "강아지", "guideAgePolicyLifeStage": null, "petRepresentativeSpecies": "dog"}
a106142c-1e88-4ee6-b285-c5f27ef6272d	74cd98ab-5c3c-4502-b6cc-6543d8bd6a70	28b808cf-021d-47a9-9c20-017174d6cb01	10000000-0000-4000-8000-000000000002	home_impression	logged-in-home	20534	\N	dog	말티즈	172	2026-03-22 19:50:50.586532+00	{"source": "home-recommendation", "resultRank": null, "queryLength": 0, "hasBirthDate": true, "searchSource": null, "seasonBucket": "spring", "guideCategory": "nutrition", "guidePriority": 89, "isMemorialPet": false, "guideSortOrder": 20, "strategyVersion": "guide-personalization-v3", "guideAgePolicyType": "all", "guideTargetSpecies": ["dog"], "guideRotationWeight": 1, "petSpeciesDisplayName": "말티즈", "petRepresentativeLabel": "강아지", "guideAgePolicyLifeStage": null, "petRepresentativeSpecies": "dog"}
e270341f-06c9-4e9d-8838-f9cbda0c8cb9	74cd98ab-5c3c-4502-b6cc-6543d8bd6a70	28b808cf-021d-47a9-9c20-017174d6cb01	11111111-1111-4111-8111-111111111111	home_impression	logged-in-home	20534	\N	dog	말티즈	172	2026-03-22 19:50:50.586532+00	{"source": "home-recommendation", "resultRank": null, "queryLength": 0, "hasBirthDate": true, "searchSource": null, "seasonBucket": "spring", "guideCategory": "daily-care", "guidePriority": 90, "isMemorialPet": false, "guideSortOrder": 10, "strategyVersion": "guide-personalization-v3", "guideAgePolicyType": "all", "guideTargetSpecies": ["common"], "guideRotationWeight": 1, "petSpeciesDisplayName": "말티즈", "petRepresentativeLabel": "강아지", "guideAgePolicyLifeStage": null, "petRepresentativeSpecies": "dog"}
43a387a9-8073-4e8d-91c5-9f38961c8649	74cd98ab-5c3c-4502-b6cc-6543d8bd6a70	28b808cf-021d-47a9-9c20-017174d6cb01	10000000-0000-4000-8000-000000000002	home_impression	logged-in-home	20534	\N	dog	말티즈	172	2026-03-22 19:55:10.143169+00	{"source": "home-recommendation", "resultRank": null, "queryLength": 0, "hasBirthDate": true, "searchSource": null, "seasonBucket": "spring", "guideCategory": "nutrition", "guidePriority": 89, "isMemorialPet": false, "guideSortOrder": 20, "strategyVersion": "guide-personalization-v3", "guideAgePolicyType": "all", "guideTargetSpecies": ["dog"], "guideRotationWeight": 1, "petSpeciesDisplayName": "말티즈", "petRepresentativeLabel": "강아지", "guideAgePolicyLifeStage": null, "petRepresentativeSpecies": "dog"}
696ba4a0-2fb2-41e6-adf8-35a178ce886d	74cd98ab-5c3c-4502-b6cc-6543d8bd6a70	28b808cf-021d-47a9-9c20-017174d6cb01	11111111-1111-4111-8111-111111111111	home_impression	logged-in-home	20534	\N	dog	말티즈	172	2026-03-22 19:55:10.143169+00	{"source": "home-recommendation", "resultRank": null, "queryLength": 0, "hasBirthDate": true, "searchSource": null, "seasonBucket": "spring", "guideCategory": "daily-care", "guidePriority": 90, "isMemorialPet": false, "guideSortOrder": 10, "strategyVersion": "guide-personalization-v3", "guideAgePolicyType": "all", "guideTargetSpecies": ["common"], "guideRotationWeight": 1, "petSpeciesDisplayName": "말티즈", "petRepresentativeLabel": "강아지", "guideAgePolicyLifeStage": null, "petRepresentativeSpecies": "dog"}
961e516f-4c10-4279-bead-302b52fd21e8	74cd98ab-5c3c-4502-b6cc-6543d8bd6a70	28b808cf-021d-47a9-9c20-017174d6cb01	10000000-0000-4000-8000-000000000002	home_impression	logged-in-home	20534	\N	dog	말티즈	172	2026-03-22 20:21:35.134659+00	{"source": "home-recommendation", "resultRank": null, "queryLength": 0, "hasBirthDate": true, "searchSource": null, "seasonBucket": "spring", "guideCategory": "nutrition", "guidePriority": 89, "isMemorialPet": false, "guideSortOrder": 20, "strategyVersion": "guide-personalization-v3", "guideAgePolicyType": "all", "guideTargetSpecies": ["dog"], "guideRotationWeight": 1, "petSpeciesDisplayName": "말티즈", "petRepresentativeLabel": "강아지", "guideAgePolicyLifeStage": null, "petRepresentativeSpecies": "dog"}
3e7524d3-440a-4fc6-9150-80be0cc39541	74cd98ab-5c3c-4502-b6cc-6543d8bd6a70	28b808cf-021d-47a9-9c20-017174d6cb01	11111111-1111-4111-8111-111111111111	home_impression	logged-in-home	20534	\N	dog	말티즈	172	2026-03-22 20:21:35.134659+00	{"source": "home-recommendation", "resultRank": null, "queryLength": 0, "hasBirthDate": true, "searchSource": null, "seasonBucket": "spring", "guideCategory": "daily-care", "guidePriority": 90, "isMemorialPet": false, "guideSortOrder": 10, "strategyVersion": "guide-personalization-v3", "guideAgePolicyType": "all", "guideTargetSpecies": ["common"], "guideRotationWeight": 1, "petSpeciesDisplayName": "말티즈", "petRepresentativeLabel": "강아지", "guideAgePolicyLifeStage": null, "petRepresentativeSpecies": "dog"}
1707a36e-c156-46c8-a79a-2c5ea5436148	74cd98ab-5c3c-4502-b6cc-6543d8bd6a70	28b808cf-021d-47a9-9c20-017174d6cb01	10000000-0000-4000-8000-000000000002	home_impression	logged-in-home	20534	\N	dog	말티즈	172	2026-03-22 20:26:01.219301+00	{"source": "home-recommendation", "resultRank": null, "queryLength": 0, "hasBirthDate": true, "searchSource": null, "seasonBucket": "spring", "guideCategory": "nutrition", "guidePriority": 89, "isMemorialPet": false, "guideSortOrder": 20, "strategyVersion": "guide-personalization-v3", "guideAgePolicyType": "all", "guideTargetSpecies": ["dog"], "guideRotationWeight": 1, "petSpeciesDisplayName": "말티즈", "petRepresentativeLabel": "강아지", "guideAgePolicyLifeStage": null, "petRepresentativeSpecies": "dog"}
c72cb5d6-7a9b-42e7-ab69-63da3db994db	74cd98ab-5c3c-4502-b6cc-6543d8bd6a70	28b808cf-021d-47a9-9c20-017174d6cb01	11111111-1111-4111-8111-111111111111	home_impression	logged-in-home	20534	\N	dog	말티즈	172	2026-03-22 20:26:01.219301+00	{"source": "home-recommendation", "resultRank": null, "queryLength": 0, "hasBirthDate": true, "searchSource": null, "seasonBucket": "spring", "guideCategory": "daily-care", "guidePriority": 90, "isMemorialPet": false, "guideSortOrder": 10, "strategyVersion": "guide-personalization-v3", "guideAgePolicyType": "all", "guideTargetSpecies": ["common"], "guideRotationWeight": 1, "petSpeciesDisplayName": "말티즈", "petRepresentativeLabel": "강아지", "guideAgePolicyLifeStage": null, "petRepresentativeSpecies": "dog"}
69de0675-b2ff-4864-a086-4ce68c88e097	74cd98ab-5c3c-4502-b6cc-6543d8bd6a70	28b808cf-021d-47a9-9c20-017174d6cb01	10000000-0000-4000-8000-000000000002	home_impression	logged-in-home	20534	\N	dog	말티즈	172	2026-03-22 20:29:03.342947+00	{"source": "home-recommendation", "resultRank": null, "queryLength": 0, "hasBirthDate": true, "searchSource": null, "seasonBucket": "spring", "guideCategory": "nutrition", "guidePriority": 89, "isMemorialPet": false, "guideSortOrder": 20, "strategyVersion": "guide-personalization-v3", "guideAgePolicyType": "all", "guideTargetSpecies": ["dog"], "guideRotationWeight": 1, "petSpeciesDisplayName": "말티즈", "petRepresentativeLabel": "강아지", "guideAgePolicyLifeStage": null, "petRepresentativeSpecies": "dog"}
70988d96-c54e-4cf8-a121-e1ea641cffca	74cd98ab-5c3c-4502-b6cc-6543d8bd6a70	28b808cf-021d-47a9-9c20-017174d6cb01	11111111-1111-4111-8111-111111111111	home_impression	logged-in-home	20534	\N	dog	말티즈	172	2026-03-22 20:29:03.342947+00	{"source": "home-recommendation", "resultRank": null, "queryLength": 0, "hasBirthDate": true, "searchSource": null, "seasonBucket": "spring", "guideCategory": "daily-care", "guidePriority": 90, "isMemorialPet": false, "guideSortOrder": 10, "strategyVersion": "guide-personalization-v3", "guideAgePolicyType": "all", "guideTargetSpecies": ["common"], "guideRotationWeight": 1, "petSpeciesDisplayName": "말티즈", "petRepresentativeLabel": "강아지", "guideAgePolicyLifeStage": null, "petRepresentativeSpecies": "dog"}
c1f730a2-74a2-4a9a-ad1d-5c4a8423e303	74cd98ab-5c3c-4502-b6cc-6543d8bd6a70	28b808cf-021d-47a9-9c20-017174d6cb01	10000000-0000-4000-8000-000000000002	home_impression	logged-in-home	20534	\N	dog	말티즈	172	2026-03-22 21:20:21.99122+00	{"source": "home-recommendation", "resultRank": null, "queryLength": 0, "hasBirthDate": true, "searchSource": null, "seasonBucket": "spring", "guideCategory": "nutrition", "guidePriority": 89, "isMemorialPet": false, "guideSortOrder": 20, "strategyVersion": "guide-personalization-v3", "guideAgePolicyType": "all", "guideTargetSpecies": ["dog"], "guideRotationWeight": 1, "petSpeciesDisplayName": "말티즈", "petRepresentativeLabel": "강아지", "guideAgePolicyLifeStage": null, "petRepresentativeSpecies": "dog"}
34678708-40a3-4ebc-ac66-d7c2913e2912	74cd98ab-5c3c-4502-b6cc-6543d8bd6a70	28b808cf-021d-47a9-9c20-017174d6cb01	11111111-1111-4111-8111-111111111111	home_impression	logged-in-home	20534	\N	dog	말티즈	172	2026-03-22 21:20:21.99122+00	{"source": "home-recommendation", "resultRank": null, "queryLength": 0, "hasBirthDate": true, "searchSource": null, "seasonBucket": "spring", "guideCategory": "daily-care", "guidePriority": 90, "isMemorialPet": false, "guideSortOrder": 10, "strategyVersion": "guide-personalization-v3", "guideAgePolicyType": "all", "guideTargetSpecies": ["common"], "guideRotationWeight": 1, "petSpeciesDisplayName": "말티즈", "petRepresentativeLabel": "강아지", "guideAgePolicyLifeStage": null, "petRepresentativeSpecies": "dog"}
8c2888f8-ac47-41ba-8cda-b807a0d06fb9	74cd98ab-5c3c-4502-b6cc-6543d8bd6a70	28b808cf-021d-47a9-9c20-017174d6cb01	10000000-0000-4000-8000-000000000002	home_impression	logged-in-home	20534	\N	dog	말티즈	172	2026-03-22 21:31:01.128284+00	{"source": "home-recommendation", "resultRank": null, "queryLength": 0, "hasBirthDate": true, "searchSource": null, "seasonBucket": "spring", "guideCategory": "nutrition", "guidePriority": 89, "isMemorialPet": false, "guideSortOrder": 20, "strategyVersion": "guide-personalization-v3", "guideAgePolicyType": "all", "guideTargetSpecies": ["dog"], "guideRotationWeight": 1, "petSpeciesDisplayName": "말티즈", "petRepresentativeLabel": "강아지", "guideAgePolicyLifeStage": null, "petRepresentativeSpecies": "dog"}
77a81f13-9976-4f07-a97f-1a88d7798782	74cd98ab-5c3c-4502-b6cc-6543d8bd6a70	28b808cf-021d-47a9-9c20-017174d6cb01	11111111-1111-4111-8111-111111111111	home_impression	logged-in-home	20534	\N	dog	말티즈	172	2026-03-22 21:31:01.128284+00	{"source": "home-recommendation", "resultRank": null, "queryLength": 0, "hasBirthDate": true, "searchSource": null, "seasonBucket": "spring", "guideCategory": "daily-care", "guidePriority": 90, "isMemorialPet": false, "guideSortOrder": 10, "strategyVersion": "guide-personalization-v3", "guideAgePolicyType": "all", "guideTargetSpecies": ["common"], "guideRotationWeight": 1, "petSpeciesDisplayName": "말티즈", "petRepresentativeLabel": "강아지", "guideAgePolicyLifeStage": null, "petRepresentativeSpecies": "dog"}
f2c8ec1f-d766-416c-ad42-4a6976a5e8b1	74cd98ab-5c3c-4502-b6cc-6543d8bd6a70	28b808cf-021d-47a9-9c20-017174d6cb01	10000000-0000-4000-8000-000000000002	home_impression	logged-in-home	20534	\N	dog	말티즈	172	2026-03-22 22:17:58.468873+00	{"source": "home-recommendation", "resultRank": null, "queryLength": 0, "hasBirthDate": true, "searchSource": null, "seasonBucket": "spring", "guideCategory": "nutrition", "guidePriority": 89, "isMemorialPet": false, "guideSortOrder": 20, "strategyVersion": "guide-personalization-v3", "guideAgePolicyType": "all", "guideTargetSpecies": ["dog"], "guideRotationWeight": 1, "petSpeciesDisplayName": "말티즈", "petRepresentativeLabel": "강아지", "guideAgePolicyLifeStage": null, "petRepresentativeSpecies": "dog"}
4b5f7943-5051-417d-a4fc-c415a4af95f6	74cd98ab-5c3c-4502-b6cc-6543d8bd6a70	28b808cf-021d-47a9-9c20-017174d6cb01	11111111-1111-4111-8111-111111111111	home_impression	logged-in-home	20534	\N	dog	말티즈	172	2026-03-22 22:17:58.468873+00	{"source": "home-recommendation", "resultRank": null, "queryLength": 0, "hasBirthDate": true, "searchSource": null, "seasonBucket": "spring", "guideCategory": "daily-care", "guidePriority": 90, "isMemorialPet": false, "guideSortOrder": 10, "strategyVersion": "guide-personalization-v3", "guideAgePolicyType": "all", "guideTargetSpecies": ["common"], "guideRotationWeight": 1, "petSpeciesDisplayName": "말티즈", "petRepresentativeLabel": "강아지", "guideAgePolicyLifeStage": null, "petRepresentativeSpecies": "dog"}
ca467f7c-577e-4c20-a2a3-997c2f645bf6	74cd98ab-5c3c-4502-b6cc-6543d8bd6a70	28b808cf-021d-47a9-9c20-017174d6cb01	10000000-0000-4000-8000-000000000002	home_impression	logged-in-home	20534	\N	dog	말티즈	172	2026-03-22 22:22:36.253219+00	{"source": "home-recommendation", "resultRank": null, "queryLength": 0, "hasBirthDate": true, "searchSource": null, "seasonBucket": "spring", "guideCategory": "nutrition", "guidePriority": 89, "isMemorialPet": false, "guideSortOrder": 20, "strategyVersion": "guide-personalization-v3", "guideAgePolicyType": "all", "guideTargetSpecies": ["dog"], "guideRotationWeight": 1, "petSpeciesDisplayName": "말티즈", "petRepresentativeLabel": "강아지", "guideAgePolicyLifeStage": null, "petRepresentativeSpecies": "dog"}
24936268-8f7d-4c4c-b7ba-b106c73383b4	74cd98ab-5c3c-4502-b6cc-6543d8bd6a70	28b808cf-021d-47a9-9c20-017174d6cb01	11111111-1111-4111-8111-111111111111	home_impression	logged-in-home	20534	\N	dog	말티즈	172	2026-03-22 22:22:36.253219+00	{"source": "home-recommendation", "resultRank": null, "queryLength": 0, "hasBirthDate": true, "searchSource": null, "seasonBucket": "spring", "guideCategory": "daily-care", "guidePriority": 90, "isMemorialPet": false, "guideSortOrder": 10, "strategyVersion": "guide-personalization-v3", "guideAgePolicyType": "all", "guideTargetSpecies": ["common"], "guideRotationWeight": 1, "petSpeciesDisplayName": "말티즈", "petRepresentativeLabel": "강아지", "guideAgePolicyLifeStage": null, "petRepresentativeSpecies": "dog"}
95ece2b5-cd6f-4781-9bc6-1f3fc116b4c2	74cd98ab-5c3c-4502-b6cc-6543d8bd6a70	28b808cf-021d-47a9-9c20-017174d6cb01	10000000-0000-4000-8000-000000000002	home_impression	logged-in-home	20534	\N	dog	말티즈	172	2026-03-22 22:38:20.378984+00	{"source": "home-recommendation", "resultRank": null, "queryLength": 0, "hasBirthDate": true, "searchSource": null, "seasonBucket": "spring", "guideCategory": "nutrition", "guidePriority": 89, "isMemorialPet": false, "guideSortOrder": 20, "strategyVersion": "guide-personalization-v3", "guideAgePolicyType": "all", "guideTargetSpecies": ["dog"], "guideRotationWeight": 1, "petSpeciesDisplayName": "말티즈", "petRepresentativeLabel": "강아지", "guideAgePolicyLifeStage": null, "petRepresentativeSpecies": "dog"}
0fd65f7c-893f-42f4-ac8d-6404d4813099	74cd98ab-5c3c-4502-b6cc-6543d8bd6a70	28b808cf-021d-47a9-9c20-017174d6cb01	11111111-1111-4111-8111-111111111111	home_impression	logged-in-home	20534	\N	dog	말티즈	172	2026-03-22 22:38:20.378984+00	{"source": "home-recommendation", "resultRank": null, "queryLength": 0, "hasBirthDate": true, "searchSource": null, "seasonBucket": "spring", "guideCategory": "daily-care", "guidePriority": 90, "isMemorialPet": false, "guideSortOrder": 10, "strategyVersion": "guide-personalization-v3", "guideAgePolicyType": "all", "guideTargetSpecies": ["common"], "guideRotationWeight": 1, "petSpeciesDisplayName": "말티즈", "petRepresentativeLabel": "강아지", "guideAgePolicyLifeStage": null, "petRepresentativeSpecies": "dog"}
34e3acaa-9a3e-4e37-a5ea-ab556476e9ec	74cd98ab-5c3c-4502-b6cc-6543d8bd6a70	28b808cf-021d-47a9-9c20-017174d6cb01	10000000-0000-4000-8000-000000000004	home_impression	logged-in-home	20534	\N	dog	말티즈	172	2026-03-22 22:43:21.351257+00	{"source": "home-recommendation", "resultRank": null, "queryLength": 0, "hasBirthDate": true, "searchSource": null, "seasonBucket": "spring", "guideCategory": "health", "guidePriority": 84, "isMemorialPet": false, "guideSortOrder": 40, "strategyVersion": "guide-personalization-v3", "guideAgePolicyType": "all", "guideTargetSpecies": ["dog"], "guideRotationWeight": 1, "petSpeciesDisplayName": "말티즈", "petRepresentativeLabel": "강아지", "guideAgePolicyLifeStage": null, "petRepresentativeSpecies": "dog"}
29867468-b3af-43d2-a485-0246938d9e25	74cd98ab-5c3c-4502-b6cc-6543d8bd6a70	28b808cf-021d-47a9-9c20-017174d6cb01	11111111-1111-4111-8111-111111111111	home_impression	logged-in-home	20534	\N	dog	말티즈	172	2026-03-22 22:43:21.351257+00	{"source": "home-recommendation", "resultRank": null, "queryLength": 0, "hasBirthDate": true, "searchSource": null, "seasonBucket": "spring", "guideCategory": "daily-care", "guidePriority": 90, "isMemorialPet": false, "guideSortOrder": 10, "strategyVersion": "guide-personalization-v3", "guideAgePolicyType": "all", "guideTargetSpecies": ["common"], "guideRotationWeight": 1, "petSpeciesDisplayName": "말티즈", "petRepresentativeLabel": "강아지", "guideAgePolicyLifeStage": null, "petRepresentativeSpecies": "dog"}
af261514-27f2-4ffb-be8f-0f1b8ff30ee2	74cd98ab-5c3c-4502-b6cc-6543d8bd6a70	28b808cf-021d-47a9-9c20-017174d6cb01	10000000-0000-4000-8000-000000000004	home_impression	logged-in-home	20534	\N	dog	말티즈	172	2026-03-22 23:04:59.442444+00	{"source": "home-recommendation", "resultRank": null, "queryLength": 0, "hasBirthDate": true, "searchSource": null, "seasonBucket": "spring", "guideCategory": "health", "guidePriority": 84, "isMemorialPet": false, "guideSortOrder": 40, "strategyVersion": "guide-personalization-v3", "guideAgePolicyType": "all", "guideTargetSpecies": ["dog"], "guideRotationWeight": 1, "petSpeciesDisplayName": "말티즈", "petRepresentativeLabel": "강아지", "guideAgePolicyLifeStage": null, "petRepresentativeSpecies": "dog"}
8766d75c-bddf-421b-8ce2-ced5effa41c3	74cd98ab-5c3c-4502-b6cc-6543d8bd6a70	28b808cf-021d-47a9-9c20-017174d6cb01	11111111-1111-4111-8111-111111111111	home_impression	logged-in-home	20534	\N	dog	말티즈	172	2026-03-22 23:04:59.442444+00	{"source": "home-recommendation", "resultRank": null, "queryLength": 0, "hasBirthDate": true, "searchSource": null, "seasonBucket": "spring", "guideCategory": "daily-care", "guidePriority": 90, "isMemorialPet": false, "guideSortOrder": 10, "strategyVersion": "guide-personalization-v3", "guideAgePolicyType": "all", "guideTargetSpecies": ["common"], "guideRotationWeight": 1, "petSpeciesDisplayName": "말티즈", "petRepresentativeLabel": "강아지", "guideAgePolicyLifeStage": null, "petRepresentativeSpecies": "dog"}
254f483e-34fb-4092-b8ea-a312d9084768	74cd98ab-5c3c-4502-b6cc-6543d8bd6a70	28b808cf-021d-47a9-9c20-017174d6cb01	10000000-0000-4000-8000-000000000004	home_impression	logged-in-home	20534	\N	dog	말티즈	172	2026-03-22 23:05:22.52752+00	{"source": "home-recommendation", "resultRank": null, "queryLength": 0, "hasBirthDate": true, "searchSource": null, "seasonBucket": "spring", "guideCategory": "health", "guidePriority": 84, "isMemorialPet": false, "guideSortOrder": 40, "strategyVersion": "guide-personalization-v3", "guideAgePolicyType": "all", "guideTargetSpecies": ["dog"], "guideRotationWeight": 1, "petSpeciesDisplayName": "말티즈", "petRepresentativeLabel": "강아지", "guideAgePolicyLifeStage": null, "petRepresentativeSpecies": "dog"}
e5bfd094-9cc7-449c-b057-dda05614e3f0	74cd98ab-5c3c-4502-b6cc-6543d8bd6a70	28b808cf-021d-47a9-9c20-017174d6cb01	11111111-1111-4111-8111-111111111111	home_impression	logged-in-home	20534	\N	dog	말티즈	172	2026-03-22 23:05:22.52752+00	{"source": "home-recommendation", "resultRank": null, "queryLength": 0, "hasBirthDate": true, "searchSource": null, "seasonBucket": "spring", "guideCategory": "daily-care", "guidePriority": 90, "isMemorialPet": false, "guideSortOrder": 10, "strategyVersion": "guide-personalization-v3", "guideAgePolicyType": "all", "guideTargetSpecies": ["common"], "guideRotationWeight": 1, "petSpeciesDisplayName": "말티즈", "petRepresentativeLabel": "강아지", "guideAgePolicyLifeStage": null, "petRepresentativeSpecies": "dog"}
b4afece7-e0ab-45db-853c-f3932b067938	74cd98ab-5c3c-4502-b6cc-6543d8bd6a70	28b808cf-021d-47a9-9c20-017174d6cb01	10000000-0000-4000-8000-000000000004	home_impression	logged-in-home	20534	\N	dog	말티즈	172	2026-03-22 23:25:14.583747+00	{"source": "home-recommendation", "resultRank": null, "queryLength": 0, "hasBirthDate": true, "searchSource": null, "seasonBucket": "spring", "guideCategory": "health", "guidePriority": 84, "isMemorialPet": false, "guideSortOrder": 40, "strategyVersion": "guide-personalization-v3", "guideAgePolicyType": "all", "guideTargetSpecies": ["dog"], "guideRotationWeight": 1, "petSpeciesDisplayName": "말티즈", "petRepresentativeLabel": "강아지", "guideAgePolicyLifeStage": null, "petRepresentativeSpecies": "dog"}
91753165-cc97-4f92-b91e-f161e629a37b	74cd98ab-5c3c-4502-b6cc-6543d8bd6a70	28b808cf-021d-47a9-9c20-017174d6cb01	11111111-1111-4111-8111-111111111111	home_impression	logged-in-home	20534	\N	dog	말티즈	172	2026-03-22 23:25:14.583747+00	{"source": "home-recommendation", "resultRank": null, "queryLength": 0, "hasBirthDate": true, "searchSource": null, "seasonBucket": "spring", "guideCategory": "daily-care", "guidePriority": 90, "isMemorialPet": false, "guideSortOrder": 10, "strategyVersion": "guide-personalization-v3", "guideAgePolicyType": "all", "guideTargetSpecies": ["common"], "guideRotationWeight": 1, "petSpeciesDisplayName": "말티즈", "petRepresentativeLabel": "강아지", "guideAgePolicyLifeStage": null, "petRepresentativeSpecies": "dog"}
4e7ddcf1-71d4-4a6c-ae67-b8bbd9feeb4f	74cd98ab-5c3c-4502-b6cc-6543d8bd6a70	28b808cf-021d-47a9-9c20-017174d6cb01	10000000-0000-4000-8000-000000000004	home_impression	logged-in-home	20534	\N	dog	말티즈	172	2026-03-22 23:30:36.527462+00	{"source": "home-recommendation", "resultRank": null, "queryLength": 0, "hasBirthDate": true, "searchSource": null, "seasonBucket": "spring", "guideCategory": "health", "guidePriority": 84, "isMemorialPet": false, "guideSortOrder": 40, "strategyVersion": "guide-personalization-v3", "guideAgePolicyType": "all", "guideTargetSpecies": ["dog"], "guideRotationWeight": 1, "petSpeciesDisplayName": "말티즈", "petRepresentativeLabel": "강아지", "guideAgePolicyLifeStage": null, "petRepresentativeSpecies": "dog"}
169cd117-4c73-48fb-822c-7c56e37da632	74cd98ab-5c3c-4502-b6cc-6543d8bd6a70	28b808cf-021d-47a9-9c20-017174d6cb01	11111111-1111-4111-8111-111111111111	home_impression	logged-in-home	20534	\N	dog	말티즈	172	2026-03-22 23:30:36.527462+00	{"source": "home-recommendation", "resultRank": null, "queryLength": 0, "hasBirthDate": true, "searchSource": null, "seasonBucket": "spring", "guideCategory": "daily-care", "guidePriority": 90, "isMemorialPet": false, "guideSortOrder": 10, "strategyVersion": "guide-personalization-v3", "guideAgePolicyType": "all", "guideTargetSpecies": ["common"], "guideRotationWeight": 1, "petSpeciesDisplayName": "말티즈", "petRepresentativeLabel": "강아지", "guideAgePolicyLifeStage": null, "petRepresentativeSpecies": "dog"}
47e745e4-69d4-4c1c-80bb-d52d372a1698	74cd98ab-5c3c-4502-b6cc-6543d8bd6a70	28b808cf-021d-47a9-9c20-017174d6cb01	10000000-0000-4000-8000-000000000004	home_impression	logged-in-home	20534	\N	dog	말티즈	172	2026-03-22 23:50:26.487972+00	{"source": "home-recommendation", "resultRank": null, "queryLength": 0, "hasBirthDate": true, "searchSource": null, "seasonBucket": "spring", "guideCategory": "health", "guidePriority": 84, "isMemorialPet": false, "guideSortOrder": 40, "strategyVersion": "guide-personalization-v3", "guideAgePolicyType": "all", "guideTargetSpecies": ["dog"], "guideRotationWeight": 1, "petSpeciesDisplayName": "말티즈", "petRepresentativeLabel": "강아지", "guideAgePolicyLifeStage": null, "petRepresentativeSpecies": "dog"}
b15ed6c1-c3ff-4ae7-81ca-50debeac2cc8	74cd98ab-5c3c-4502-b6cc-6543d8bd6a70	28b808cf-021d-47a9-9c20-017174d6cb01	11111111-1111-4111-8111-111111111111	home_impression	logged-in-home	20534	\N	dog	말티즈	172	2026-03-22 23:50:26.487972+00	{"source": "home-recommendation", "resultRank": null, "queryLength": 0, "hasBirthDate": true, "searchSource": null, "seasonBucket": "spring", "guideCategory": "daily-care", "guidePriority": 90, "isMemorialPet": false, "guideSortOrder": 10, "strategyVersion": "guide-personalization-v3", "guideAgePolicyType": "all", "guideTargetSpecies": ["common"], "guideRotationWeight": 1, "petSpeciesDisplayName": "말티즈", "petRepresentativeLabel": "강아지", "guideAgePolicyLifeStage": null, "petRepresentativeSpecies": "dog"}
670c7002-cbf4-4827-a5e5-2ce09e054b8c	74cd98ab-5c3c-4502-b6cc-6543d8bd6a70	28b808cf-021d-47a9-9c20-017174d6cb01	10000000-0000-4000-8000-000000000005	home_impression	logged-in-home	20535	\N	dog	말티즈	172	2026-03-23 00:23:00.596093+00	{"source": "home-recommendation", "resultRank": null, "queryLength": 0, "hasBirthDate": true, "searchSource": null, "seasonBucket": "spring", "guideCategory": "behavior", "guidePriority": 87, "isMemorialPet": false, "guideSortOrder": 50, "strategyVersion": "guide-personalization-v3", "guideAgePolicyType": "all", "guideTargetSpecies": ["dog"], "guideRotationWeight": 1, "petSpeciesDisplayName": "말티즈", "petRepresentativeLabel": "강아지", "guideAgePolicyLifeStage": null, "petRepresentativeSpecies": "dog"}
4cd70550-4233-4160-bb2c-ec6c18c6baf4	74cd98ab-5c3c-4502-b6cc-6543d8bd6a70	28b808cf-021d-47a9-9c20-017174d6cb01	11111111-1111-4111-8111-111111111111	home_impression	logged-in-home	20535	\N	dog	말티즈	172	2026-03-23 00:23:00.596093+00	{"source": "home-recommendation", "resultRank": null, "queryLength": 0, "hasBirthDate": true, "searchSource": null, "seasonBucket": "spring", "guideCategory": "daily-care", "guidePriority": 90, "isMemorialPet": false, "guideSortOrder": 10, "strategyVersion": "guide-personalization-v3", "guideAgePolicyType": "all", "guideTargetSpecies": ["common"], "guideRotationWeight": 1, "petSpeciesDisplayName": "말티즈", "petRepresentativeLabel": "강아지", "guideAgePolicyLifeStage": null, "petRepresentativeSpecies": "dog"}
00388527-30c5-48f8-8514-2e587215d546	74cd98ab-5c3c-4502-b6cc-6543d8bd6a70	28b808cf-021d-47a9-9c20-017174d6cb01	10000000-0000-4000-8000-000000000005	home_impression	logged-in-home	20535	\N	dog	말티즈	172	2026-03-23 01:01:19.123771+00	{"source": "home-recommendation", "resultRank": null, "queryLength": 0, "hasBirthDate": true, "searchSource": null, "seasonBucket": "spring", "guideCategory": "behavior", "guidePriority": 87, "isMemorialPet": false, "guideSortOrder": 50, "strategyVersion": "guide-personalization-v3", "guideAgePolicyType": "all", "guideTargetSpecies": ["dog"], "guideRotationWeight": 1, "petSpeciesDisplayName": "말티즈", "petRepresentativeLabel": "강아지", "guideAgePolicyLifeStage": null, "petRepresentativeSpecies": "dog"}
c977c1e8-7d49-477e-bfa7-b55cc76a3c28	74cd98ab-5c3c-4502-b6cc-6543d8bd6a70	28b808cf-021d-47a9-9c20-017174d6cb01	11111111-1111-4111-8111-111111111111	home_impression	logged-in-home	20535	\N	dog	말티즈	172	2026-03-23 01:01:19.123771+00	{"source": "home-recommendation", "resultRank": null, "queryLength": 0, "hasBirthDate": true, "searchSource": null, "seasonBucket": "spring", "guideCategory": "daily-care", "guidePriority": 90, "isMemorialPet": false, "guideSortOrder": 10, "strategyVersion": "guide-personalization-v3", "guideAgePolicyType": "all", "guideTargetSpecies": ["common"], "guideRotationWeight": 1, "petSpeciesDisplayName": "말티즈", "petRepresentativeLabel": "강아지", "guideAgePolicyLifeStage": null, "petRepresentativeSpecies": "dog"}
ffd1f72b-537e-4246-bc1c-010bab69b42d	74cd98ab-5c3c-4502-b6cc-6543d8bd6a70	28b808cf-021d-47a9-9c20-017174d6cb01	10000000-0000-4000-8000-000000000005	home_impression	logged-in-home	20535	\N	dog	말티즈	172	2026-03-23 01:23:34.341668+00	{"source": "home-recommendation", "resultRank": null, "queryLength": 0, "hasBirthDate": true, "searchSource": null, "seasonBucket": "spring", "guideCategory": "behavior", "guidePriority": 87, "isMemorialPet": false, "guideSortOrder": 50, "strategyVersion": "guide-personalization-v3", "guideAgePolicyType": "all", "guideTargetSpecies": ["dog"], "guideRotationWeight": 1, "petSpeciesDisplayName": "말티즈", "petRepresentativeLabel": "강아지", "guideAgePolicyLifeStage": null, "petRepresentativeSpecies": "dog"}
ddefec42-9ce7-4968-b1ca-8deca0252968	74cd98ab-5c3c-4502-b6cc-6543d8bd6a70	28b808cf-021d-47a9-9c20-017174d6cb01	11111111-1111-4111-8111-111111111111	home_impression	logged-in-home	20535	\N	dog	말티즈	172	2026-03-23 01:23:34.341668+00	{"source": "home-recommendation", "resultRank": null, "queryLength": 0, "hasBirthDate": true, "searchSource": null, "seasonBucket": "spring", "guideCategory": "daily-care", "guidePriority": 90, "isMemorialPet": false, "guideSortOrder": 10, "strategyVersion": "guide-personalization-v3", "guideAgePolicyType": "all", "guideTargetSpecies": ["common"], "guideRotationWeight": 1, "petSpeciesDisplayName": "말티즈", "petRepresentativeLabel": "강아지", "guideAgePolicyLifeStage": null, "petRepresentativeSpecies": "dog"}
19e50a68-1938-4715-8ec2-9abe760b50ac	74cd98ab-5c3c-4502-b6cc-6543d8bd6a70	28b808cf-021d-47a9-9c20-017174d6cb01	10000000-0000-4000-8000-000000000005	home_impression	logged-in-home	20535	\N	dog	말티즈	172	2026-03-23 01:28:06.633367+00	{"source": "home-recommendation", "resultRank": null, "queryLength": 0, "hasBirthDate": true, "searchSource": null, "seasonBucket": "spring", "guideCategory": "behavior", "guidePriority": 87, "isMemorialPet": false, "guideSortOrder": 50, "strategyVersion": "guide-personalization-v3", "guideAgePolicyType": "all", "guideTargetSpecies": ["dog"], "guideRotationWeight": 1, "petSpeciesDisplayName": "말티즈", "petRepresentativeLabel": "강아지", "guideAgePolicyLifeStage": null, "petRepresentativeSpecies": "dog"}
b9962fcc-7765-4abf-bfdb-d38e1a262a44	74cd98ab-5c3c-4502-b6cc-6543d8bd6a70	28b808cf-021d-47a9-9c20-017174d6cb01	11111111-1111-4111-8111-111111111111	home_impression	logged-in-home	20535	\N	dog	말티즈	172	2026-03-23 01:28:06.633367+00	{"source": "home-recommendation", "resultRank": null, "queryLength": 0, "hasBirthDate": true, "searchSource": null, "seasonBucket": "spring", "guideCategory": "daily-care", "guidePriority": 90, "isMemorialPet": false, "guideSortOrder": 10, "strategyVersion": "guide-personalization-v3", "guideAgePolicyType": "all", "guideTargetSpecies": ["common"], "guideRotationWeight": 1, "petSpeciesDisplayName": "말티즈", "petRepresentativeLabel": "강아지", "guideAgePolicyLifeStage": null, "petRepresentativeSpecies": "dog"}
7d73237a-fd9b-4853-8bea-ec1779a7d262	74cd98ab-5c3c-4502-b6cc-6543d8bd6a70	28b808cf-021d-47a9-9c20-017174d6cb01	10000000-0000-4000-8000-000000000005	home_impression	logged-in-home	20535	\N	dog	말티즈	172	2026-03-23 01:40:28.509709+00	{"source": "home-recommendation", "resultRank": null, "queryLength": 0, "hasBirthDate": true, "searchSource": null, "seasonBucket": "spring", "guideCategory": "behavior", "guidePriority": 87, "isMemorialPet": false, "guideSortOrder": 50, "strategyVersion": "guide-personalization-v3", "guideAgePolicyType": "all", "guideTargetSpecies": ["dog"], "guideRotationWeight": 1, "petSpeciesDisplayName": "말티즈", "petRepresentativeLabel": "강아지", "guideAgePolicyLifeStage": null, "petRepresentativeSpecies": "dog"}
5b1f4be8-d8bd-443c-96e4-790000bac358	74cd98ab-5c3c-4502-b6cc-6543d8bd6a70	28b808cf-021d-47a9-9c20-017174d6cb01	11111111-1111-4111-8111-111111111111	home_impression	logged-in-home	20535	\N	dog	말티즈	172	2026-03-23 01:40:28.509709+00	{"source": "home-recommendation", "resultRank": null, "queryLength": 0, "hasBirthDate": true, "searchSource": null, "seasonBucket": "spring", "guideCategory": "daily-care", "guidePriority": 90, "isMemorialPet": false, "guideSortOrder": 10, "strategyVersion": "guide-personalization-v3", "guideAgePolicyType": "all", "guideTargetSpecies": ["common"], "guideRotationWeight": 1, "petSpeciesDisplayName": "말티즈", "petRepresentativeLabel": "강아지", "guideAgePolicyLifeStage": null, "petRepresentativeSpecies": "dog"}
d5ef851b-845d-4931-bb23-f1e3bfe69578	74cd98ab-5c3c-4502-b6cc-6543d8bd6a70	28b808cf-021d-47a9-9c20-017174d6cb01	10000000-0000-4000-8000-000000000005	home_impression	logged-in-home	20535	\N	dog	말티즈	172	2026-03-23 01:43:12.893417+00	{"source": "home-recommendation", "resultRank": null, "queryLength": 0, "hasBirthDate": true, "searchSource": null, "seasonBucket": "spring", "guideCategory": "behavior", "guidePriority": 87, "isMemorialPet": false, "guideSortOrder": 50, "strategyVersion": "guide-personalization-v3", "guideAgePolicyType": "all", "guideTargetSpecies": ["dog"], "guideRotationWeight": 1, "petSpeciesDisplayName": "말티즈", "petRepresentativeLabel": "강아지", "guideAgePolicyLifeStage": null, "petRepresentativeSpecies": "dog"}
b66d7d6b-2e79-48f1-9a74-bab74cfb3418	74cd98ab-5c3c-4502-b6cc-6543d8bd6a70	28b808cf-021d-47a9-9c20-017174d6cb01	11111111-1111-4111-8111-111111111111	home_impression	logged-in-home	20535	\N	dog	말티즈	172	2026-03-23 01:43:12.893417+00	{"source": "home-recommendation", "resultRank": null, "queryLength": 0, "hasBirthDate": true, "searchSource": null, "seasonBucket": "spring", "guideCategory": "daily-care", "guidePriority": 90, "isMemorialPet": false, "guideSortOrder": 10, "strategyVersion": "guide-personalization-v3", "guideAgePolicyType": "all", "guideTargetSpecies": ["common"], "guideRotationWeight": 1, "petSpeciesDisplayName": "말티즈", "petRepresentativeLabel": "강아지", "guideAgePolicyLifeStage": null, "petRepresentativeSpecies": "dog"}
4bddbcfd-d915-481a-975e-b5cbbebd92e7	74cd98ab-5c3c-4502-b6cc-6543d8bd6a70	28b808cf-021d-47a9-9c20-017174d6cb01	10000000-0000-4000-8000-000000000005	home_impression	logged-in-home	20535	\N	dog	말티즈	172	2026-03-23 01:47:54.565373+00	{"source": "home-recommendation", "resultRank": null, "queryLength": 0, "hasBirthDate": true, "searchSource": null, "seasonBucket": "spring", "guideCategory": "behavior", "guidePriority": 87, "isMemorialPet": false, "guideSortOrder": 50, "strategyVersion": "guide-personalization-v3", "guideAgePolicyType": "all", "guideTargetSpecies": ["dog"], "guideRotationWeight": 1, "petSpeciesDisplayName": "말티즈", "petRepresentativeLabel": "강아지", "guideAgePolicyLifeStage": null, "petRepresentativeSpecies": "dog"}
70ff1e87-d839-42df-a028-04bed4f3c310	74cd98ab-5c3c-4502-b6cc-6543d8bd6a70	28b808cf-021d-47a9-9c20-017174d6cb01	11111111-1111-4111-8111-111111111111	home_impression	logged-in-home	20535	\N	dog	말티즈	172	2026-03-23 01:47:54.565373+00	{"source": "home-recommendation", "resultRank": null, "queryLength": 0, "hasBirthDate": true, "searchSource": null, "seasonBucket": "spring", "guideCategory": "daily-care", "guidePriority": 90, "isMemorialPet": false, "guideSortOrder": 10, "strategyVersion": "guide-personalization-v3", "guideAgePolicyType": "all", "guideTargetSpecies": ["common"], "guideRotationWeight": 1, "petSpeciesDisplayName": "말티즈", "petRepresentativeLabel": "강아지", "guideAgePolicyLifeStage": null, "petRepresentativeSpecies": "dog"}
7aa47ffa-2c42-4721-afce-080b06aeb185	74cd98ab-5c3c-4502-b6cc-6543d8bd6a70	28b808cf-021d-47a9-9c20-017174d6cb01	10000000-0000-4000-8000-000000000005	home_impression	logged-in-home	20535	\N	dog	말티즈	172	2026-03-23 01:49:15.026729+00	{"source": "home-recommendation", "resultRank": null, "queryLength": 0, "hasBirthDate": true, "searchSource": null, "seasonBucket": "spring", "guideCategory": "behavior", "guidePriority": 87, "isMemorialPet": false, "guideSortOrder": 50, "strategyVersion": "guide-personalization-v3", "guideAgePolicyType": "all", "guideTargetSpecies": ["dog"], "guideRotationWeight": 1, "petSpeciesDisplayName": "말티즈", "petRepresentativeLabel": "강아지", "guideAgePolicyLifeStage": null, "petRepresentativeSpecies": "dog"}
6fcc5f36-280b-4e6b-9bb6-b602cd9965e9	74cd98ab-5c3c-4502-b6cc-6543d8bd6a70	28b808cf-021d-47a9-9c20-017174d6cb01	11111111-1111-4111-8111-111111111111	home_impression	logged-in-home	20535	\N	dog	말티즈	172	2026-03-23 01:49:15.026729+00	{"source": "home-recommendation", "resultRank": null, "queryLength": 0, "hasBirthDate": true, "searchSource": null, "seasonBucket": "spring", "guideCategory": "daily-care", "guidePriority": 90, "isMemorialPet": false, "guideSortOrder": 10, "strategyVersion": "guide-personalization-v3", "guideAgePolicyType": "all", "guideTargetSpecies": ["common"], "guideRotationWeight": 1, "petSpeciesDisplayName": "말티즈", "petRepresentativeLabel": "강아지", "guideAgePolicyLifeStage": null, "petRepresentativeSpecies": "dog"}
aeb1accf-04ef-409b-9a9a-f0fa3a6c399b	74cd98ab-5c3c-4502-b6cc-6543d8bd6a70	28b808cf-021d-47a9-9c20-017174d6cb01	10000000-0000-4000-8000-000000000005	home_impression	logged-in-home	20535	\N	dog	말티즈	172	2026-03-23 01:50:34.133022+00	{"source": "home-recommendation", "resultRank": null, "queryLength": 0, "hasBirthDate": true, "searchSource": null, "seasonBucket": "spring", "guideCategory": "behavior", "guidePriority": 87, "isMemorialPet": false, "guideSortOrder": 50, "strategyVersion": "guide-personalization-v3", "guideAgePolicyType": "all", "guideTargetSpecies": ["dog"], "guideRotationWeight": 1, "petSpeciesDisplayName": "말티즈", "petRepresentativeLabel": "강아지", "guideAgePolicyLifeStage": null, "petRepresentativeSpecies": "dog"}
b478351f-9b02-4445-aece-66dfc3a4deba	74cd98ab-5c3c-4502-b6cc-6543d8bd6a70	28b808cf-021d-47a9-9c20-017174d6cb01	11111111-1111-4111-8111-111111111111	home_impression	logged-in-home	20535	\N	dog	말티즈	172	2026-03-23 01:50:34.133022+00	{"source": "home-recommendation", "resultRank": null, "queryLength": 0, "hasBirthDate": true, "searchSource": null, "seasonBucket": "spring", "guideCategory": "daily-care", "guidePriority": 90, "isMemorialPet": false, "guideSortOrder": 10, "strategyVersion": "guide-personalization-v3", "guideAgePolicyType": "all", "guideTargetSpecies": ["common"], "guideRotationWeight": 1, "petSpeciesDisplayName": "말티즈", "petRepresentativeLabel": "강아지", "guideAgePolicyLifeStage": null, "petRepresentativeSpecies": "dog"}
31d49969-bdf0-4cdb-b08c-696cd3303524	74cd98ab-5c3c-4502-b6cc-6543d8bd6a70	28b808cf-021d-47a9-9c20-017174d6cb01	10000000-0000-4000-8000-000000000005	home_impression	logged-in-home	20535	\N	dog	말티즈	172	2026-03-23 01:51:40.521486+00	{"source": "home-recommendation", "resultRank": null, "queryLength": 0, "hasBirthDate": true, "searchSource": null, "seasonBucket": "spring", "guideCategory": "behavior", "guidePriority": 87, "isMemorialPet": false, "guideSortOrder": 50, "strategyVersion": "guide-personalization-v3", "guideAgePolicyType": "all", "guideTargetSpecies": ["dog"], "guideRotationWeight": 1, "petSpeciesDisplayName": "말티즈", "petRepresentativeLabel": "강아지", "guideAgePolicyLifeStage": null, "petRepresentativeSpecies": "dog"}
a2025e1c-2813-4f23-8de0-eb537b1f4bed	74cd98ab-5c3c-4502-b6cc-6543d8bd6a70	28b808cf-021d-47a9-9c20-017174d6cb01	11111111-1111-4111-8111-111111111111	home_impression	logged-in-home	20535	\N	dog	말티즈	172	2026-03-23 01:51:40.521486+00	{"source": "home-recommendation", "resultRank": null, "queryLength": 0, "hasBirthDate": true, "searchSource": null, "seasonBucket": "spring", "guideCategory": "daily-care", "guidePriority": 90, "isMemorialPet": false, "guideSortOrder": 10, "strategyVersion": "guide-personalization-v3", "guideAgePolicyType": "all", "guideTargetSpecies": ["common"], "guideRotationWeight": 1, "petSpeciesDisplayName": "말티즈", "petRepresentativeLabel": "강아지", "guideAgePolicyLifeStage": null, "petRepresentativeSpecies": "dog"}
fa6f95ad-4609-4128-9fac-1162ef6e5171	74cd98ab-5c3c-4502-b6cc-6543d8bd6a70	28b808cf-021d-47a9-9c20-017174d6cb01	10000000-0000-4000-8000-000000000005	home_impression	logged-in-home	20535	\N	dog	말티즈	172	2026-03-23 01:52:03.581463+00	{"source": "home-recommendation", "resultRank": null, "queryLength": 0, "hasBirthDate": true, "searchSource": null, "seasonBucket": "spring", "guideCategory": "behavior", "guidePriority": 87, "isMemorialPet": false, "guideSortOrder": 50, "strategyVersion": "guide-personalization-v3", "guideAgePolicyType": "all", "guideTargetSpecies": ["dog"], "guideRotationWeight": 1, "petSpeciesDisplayName": "말티즈", "petRepresentativeLabel": "강아지", "guideAgePolicyLifeStage": null, "petRepresentativeSpecies": "dog"}
ddf7e9b9-0be1-438f-aca7-25e0cb1f66b5	74cd98ab-5c3c-4502-b6cc-6543d8bd6a70	28b808cf-021d-47a9-9c20-017174d6cb01	11111111-1111-4111-8111-111111111111	home_impression	logged-in-home	20535	\N	dog	말티즈	172	2026-03-23 01:52:03.581463+00	{"source": "home-recommendation", "resultRank": null, "queryLength": 0, "hasBirthDate": true, "searchSource": null, "seasonBucket": "spring", "guideCategory": "daily-care", "guidePriority": 90, "isMemorialPet": false, "guideSortOrder": 10, "strategyVersion": "guide-personalization-v3", "guideAgePolicyType": "all", "guideTargetSpecies": ["common"], "guideRotationWeight": 1, "petSpeciesDisplayName": "말티즈", "petRepresentativeLabel": "강아지", "guideAgePolicyLifeStage": null, "petRepresentativeSpecies": "dog"}
bbef9916-511b-457b-98e5-bf1e2fd3dfd2	74cd98ab-5c3c-4502-b6cc-6543d8bd6a70	28b808cf-021d-47a9-9c20-017174d6cb01	10000000-0000-4000-8000-000000000005	home_impression	logged-in-home	20535	\N	dog	말티즈	172	2026-03-23 01:56:19.129263+00	{"source": "home-recommendation", "resultRank": null, "queryLength": 0, "hasBirthDate": true, "searchSource": null, "seasonBucket": "spring", "guideCategory": "behavior", "guidePriority": 87, "isMemorialPet": false, "guideSortOrder": 50, "strategyVersion": "guide-personalization-v3", "guideAgePolicyType": "all", "guideTargetSpecies": ["dog"], "guideRotationWeight": 1, "petSpeciesDisplayName": "말티즈", "petRepresentativeLabel": "강아지", "guideAgePolicyLifeStage": null, "petRepresentativeSpecies": "dog"}
74729482-6ff5-43cf-b68b-d3162bcae937	74cd98ab-5c3c-4502-b6cc-6543d8bd6a70	28b808cf-021d-47a9-9c20-017174d6cb01	11111111-1111-4111-8111-111111111111	home_impression	logged-in-home	20535	\N	dog	말티즈	172	2026-03-23 01:56:19.129263+00	{"source": "home-recommendation", "resultRank": null, "queryLength": 0, "hasBirthDate": true, "searchSource": null, "seasonBucket": "spring", "guideCategory": "daily-care", "guidePriority": 90, "isMemorialPet": false, "guideSortOrder": 10, "strategyVersion": "guide-personalization-v3", "guideAgePolicyType": "all", "guideTargetSpecies": ["common"], "guideRotationWeight": 1, "petSpeciesDisplayName": "말티즈", "petRepresentativeLabel": "강아지", "guideAgePolicyLifeStage": null, "petRepresentativeSpecies": "dog"}
690acd17-4d1c-43d1-9754-ae2ee8e1aa61	74cd98ab-5c3c-4502-b6cc-6543d8bd6a70	28b808cf-021d-47a9-9c20-017174d6cb01	10000000-0000-4000-8000-000000000005	home_impression	logged-in-home	20535	\N	dog	말티즈	172	2026-03-23 01:56:55.83386+00	{"source": "home-recommendation", "resultRank": null, "queryLength": 0, "hasBirthDate": true, "searchSource": null, "seasonBucket": "spring", "guideCategory": "behavior", "guidePriority": 87, "isMemorialPet": false, "guideSortOrder": 50, "strategyVersion": "guide-personalization-v3", "guideAgePolicyType": "all", "guideTargetSpecies": ["dog"], "guideRotationWeight": 1, "petSpeciesDisplayName": "말티즈", "petRepresentativeLabel": "강아지", "guideAgePolicyLifeStage": null, "petRepresentativeSpecies": "dog"}
24f66a0e-6ef4-42e3-8d05-a2dbdc3c5a4a	74cd98ab-5c3c-4502-b6cc-6543d8bd6a70	28b808cf-021d-47a9-9c20-017174d6cb01	11111111-1111-4111-8111-111111111111	home_impression	logged-in-home	20535	\N	dog	말티즈	172	2026-03-23 01:56:55.83386+00	{"source": "home-recommendation", "resultRank": null, "queryLength": 0, "hasBirthDate": true, "searchSource": null, "seasonBucket": "spring", "guideCategory": "daily-care", "guidePriority": 90, "isMemorialPet": false, "guideSortOrder": 10, "strategyVersion": "guide-personalization-v3", "guideAgePolicyType": "all", "guideTargetSpecies": ["common"], "guideRotationWeight": 1, "petSpeciesDisplayName": "말티즈", "petRepresentativeLabel": "강아지", "guideAgePolicyLifeStage": null, "petRepresentativeSpecies": "dog"}
d970c751-7416-4f3a-b7bb-1b7defe5440a	74cd98ab-5c3c-4502-b6cc-6543d8bd6a70	28b808cf-021d-47a9-9c20-017174d6cb01	10000000-0000-4000-8000-000000000003	list_click	guide-list	\N	\N	dog	말티즈	172	2026-03-23 01:57:38.817946+00	{"source": "guide-list", "resultRank": 1, "queryLength": 0, "hasBirthDate": true, "searchSource": null, "seasonBucket": "spring", "guideCategory": "daily-care", "guidePriority": 94, "isMemorialPet": false, "guideSortOrder": 30, "strategyVersion": "guide-personalization-v3", "guideAgePolicyType": "lifeStage", "guideTargetSpecies": ["dog"], "guideRotationWeight": 2, "petSpeciesDisplayName": "말티즈", "petRepresentativeLabel": "강아지", "guideAgePolicyLifeStage": "senior", "petRepresentativeSpecies": "dog"}
bd977d60-ab37-4092-9f02-aeea4480756d	74cd98ab-5c3c-4502-b6cc-6543d8bd6a70	28b808cf-021d-47a9-9c20-017174d6cb01	10000000-0000-4000-8000-000000000003	detail_view	guide-detail	\N	\N	dog	말티즈	172	2026-03-23 01:57:39.033809+00	{"source": "guide-detail", "resultRank": null, "queryLength": 0, "hasBirthDate": true, "searchSource": null, "seasonBucket": "spring", "guideCategory": "daily-care", "guidePriority": 94, "isMemorialPet": false, "guideSortOrder": 30, "strategyVersion": "guide-personalization-v3", "guideAgePolicyType": "lifeStage", "guideTargetSpecies": ["dog"], "guideRotationWeight": 2, "petSpeciesDisplayName": "말티즈", "petRepresentativeLabel": "강아지", "guideAgePolicyLifeStage": "senior", "petRepresentativeSpecies": "dog"}
ddcfaee7-cb29-4607-a7bc-2133590f46e1	74cd98ab-5c3c-4502-b6cc-6543d8bd6a70	28b808cf-021d-47a9-9c20-017174d6cb01	10000000-0000-4000-8000-000000000005	home_impression	logged-in-home	20535	\N	dog	말티즈	172	2026-03-23 02:13:42.946896+00	{"source": "home-recommendation", "resultRank": null, "queryLength": 0, "hasBirthDate": true, "searchSource": null, "seasonBucket": "spring", "guideCategory": "behavior", "guidePriority": 87, "isMemorialPet": false, "guideSortOrder": 50, "strategyVersion": "guide-personalization-v3", "guideAgePolicyType": "all", "guideTargetSpecies": ["dog"], "guideRotationWeight": 1, "petSpeciesDisplayName": "말티즈", "petRepresentativeLabel": "강아지", "guideAgePolicyLifeStage": null, "petRepresentativeSpecies": "dog"}
a07f8b17-20ed-45ca-a4a1-e172eb6c89cb	74cd98ab-5c3c-4502-b6cc-6543d8bd6a70	28b808cf-021d-47a9-9c20-017174d6cb01	11111111-1111-4111-8111-111111111111	home_impression	logged-in-home	20535	\N	dog	말티즈	172	2026-03-23 02:13:42.946896+00	{"source": "home-recommendation", "resultRank": null, "queryLength": 0, "hasBirthDate": true, "searchSource": null, "seasonBucket": "spring", "guideCategory": "daily-care", "guidePriority": 90, "isMemorialPet": false, "guideSortOrder": 10, "strategyVersion": "guide-personalization-v3", "guideAgePolicyType": "all", "guideTargetSpecies": ["common"], "guideRotationWeight": 1, "petSpeciesDisplayName": "말티즈", "petRepresentativeLabel": "강아지", "guideAgePolicyLifeStage": null, "petRepresentativeSpecies": "dog"}
5b7b78c9-8f9b-4836-b84f-4260a1fdcf8d	74cd98ab-5c3c-4502-b6cc-6543d8bd6a70	28b808cf-021d-47a9-9c20-017174d6cb01	10000000-0000-4000-8000-000000000005	home_impression	logged-in-home	20535	\N	dog	말티즈	172	2026-03-23 02:16:19.276408+00	{"source": "home-recommendation", "resultRank": null, "queryLength": 0, "hasBirthDate": true, "searchSource": null, "seasonBucket": "spring", "guideCategory": "behavior", "guidePriority": 87, "isMemorialPet": false, "guideSortOrder": 50, "strategyVersion": "guide-personalization-v3", "guideAgePolicyType": "all", "guideTargetSpecies": ["dog"], "guideRotationWeight": 1, "petSpeciesDisplayName": "말티즈", "petRepresentativeLabel": "강아지", "guideAgePolicyLifeStage": null, "petRepresentativeSpecies": "dog"}
ce526b6f-b9aa-45a6-9dae-421d78ae2400	74cd98ab-5c3c-4502-b6cc-6543d8bd6a70	28b808cf-021d-47a9-9c20-017174d6cb01	11111111-1111-4111-8111-111111111111	home_impression	logged-in-home	20535	\N	dog	말티즈	172	2026-03-23 02:16:19.276408+00	{"source": "home-recommendation", "resultRank": null, "queryLength": 0, "hasBirthDate": true, "searchSource": null, "seasonBucket": "spring", "guideCategory": "daily-care", "guidePriority": 90, "isMemorialPet": false, "guideSortOrder": 10, "strategyVersion": "guide-personalization-v3", "guideAgePolicyType": "all", "guideTargetSpecies": ["common"], "guideRotationWeight": 1, "petSpeciesDisplayName": "말티즈", "petRepresentativeLabel": "강아지", "guideAgePolicyLifeStage": null, "petRepresentativeSpecies": "dog"}
1df8cc36-2602-4fc7-8782-d84842a87936	74cd98ab-5c3c-4502-b6cc-6543d8bd6a70	28b808cf-021d-47a9-9c20-017174d6cb01	10000000-0000-4000-8000-000000000005	home_impression	logged-in-home	20535	\N	dog	말티즈	172	2026-03-23 02:20:00.581023+00	{"source": "home-recommendation", "resultRank": null, "queryLength": 0, "hasBirthDate": true, "searchSource": null, "seasonBucket": "spring", "guideCategory": "behavior", "guidePriority": 87, "isMemorialPet": false, "guideSortOrder": 50, "strategyVersion": "guide-personalization-v3", "guideAgePolicyType": "all", "guideTargetSpecies": ["dog"], "guideRotationWeight": 1, "petSpeciesDisplayName": "말티즈", "petRepresentativeLabel": "강아지", "guideAgePolicyLifeStage": null, "petRepresentativeSpecies": "dog"}
2e460e41-410b-4df8-8b09-46d27dfd444f	74cd98ab-5c3c-4502-b6cc-6543d8bd6a70	28b808cf-021d-47a9-9c20-017174d6cb01	11111111-1111-4111-8111-111111111111	home_impression	logged-in-home	20535	\N	dog	말티즈	172	2026-03-23 02:20:00.581023+00	{"source": "home-recommendation", "resultRank": null, "queryLength": 0, "hasBirthDate": true, "searchSource": null, "seasonBucket": "spring", "guideCategory": "daily-care", "guidePriority": 90, "isMemorialPet": false, "guideSortOrder": 10, "strategyVersion": "guide-personalization-v3", "guideAgePolicyType": "all", "guideTargetSpecies": ["common"], "guideRotationWeight": 1, "petSpeciesDisplayName": "말티즈", "petRepresentativeLabel": "강아지", "guideAgePolicyLifeStage": null, "petRepresentativeSpecies": "dog"}
1b724dc9-0111-409c-a73f-d9d292b3130d	74cd98ab-5c3c-4502-b6cc-6543d8bd6a70	28b808cf-021d-47a9-9c20-017174d6cb01	10000000-0000-4000-8000-000000000005	home_impression	logged-in-home	20535	\N	dog	말티즈	172	2026-03-23 02:23:18.986395+00	{"source": "home-recommendation", "resultRank": null, "queryLength": 0, "hasBirthDate": true, "searchSource": null, "seasonBucket": "spring", "guideCategory": "behavior", "guidePriority": 87, "isMemorialPet": false, "guideSortOrder": 50, "strategyVersion": "guide-personalization-v3", "guideAgePolicyType": "all", "guideTargetSpecies": ["dog"], "guideRotationWeight": 1, "petSpeciesDisplayName": "말티즈", "petRepresentativeLabel": "강아지", "guideAgePolicyLifeStage": null, "petRepresentativeSpecies": "dog"}
3001bde5-da7c-4484-a58a-089d68862417	74cd98ab-5c3c-4502-b6cc-6543d8bd6a70	28b808cf-021d-47a9-9c20-017174d6cb01	11111111-1111-4111-8111-111111111111	home_impression	logged-in-home	20535	\N	dog	말티즈	172	2026-03-23 02:23:18.986395+00	{"source": "home-recommendation", "resultRank": null, "queryLength": 0, "hasBirthDate": true, "searchSource": null, "seasonBucket": "spring", "guideCategory": "daily-care", "guidePriority": 90, "isMemorialPet": false, "guideSortOrder": 10, "strategyVersion": "guide-personalization-v3", "guideAgePolicyType": "all", "guideTargetSpecies": ["common"], "guideRotationWeight": 1, "petSpeciesDisplayName": "말티즈", "petRepresentativeLabel": "강아지", "guideAgePolicyLifeStage": null, "petRepresentativeSpecies": "dog"}
8fb6ec7c-5eeb-44e1-acd7-e87633bea488	a53f9c6c-5bce-4a37-94f7-ef5f683e538c	0f4c8132-45bc-49d0-80e6-e2195dede416	10000000-0000-4000-8000-000000000011	home_impression	logged-in-home	20537	\N	other	도마뱀	0	2026-03-25 03:13:05.699469+00	{"source": "home-recommendation", "resultRank": null, "queryLength": 0, "hasBirthDate": true, "searchSource": null, "seasonBucket": "spring", "guideCategory": "environment", "guidePriority": 92, "isMemorialPet": false, "guideSortOrder": 110, "strategyVersion": "guide-personalization-v3", "guideAgePolicyType": "all", "guideTargetSpecies": ["other"], "guideRotationWeight": 1, "petSpeciesDisplayName": "도마뱀", "petRepresentativeLabel": "기타", "guideAgePolicyLifeStage": null, "petRepresentativeSpecies": "other"}
2bd8d773-0d61-4e2d-ac5e-f343c2f0fee2	a53f9c6c-5bce-4a37-94f7-ef5f683e538c	0f4c8132-45bc-49d0-80e6-e2195dede416	11111111-1111-4111-8111-111111111111	home_impression	logged-in-home	20537	\N	other	도마뱀	0	2026-03-25 03:13:05.699469+00	{"source": "home-recommendation", "resultRank": null, "queryLength": 0, "hasBirthDate": true, "searchSource": null, "seasonBucket": "spring", "guideCategory": "daily-care", "guidePriority": 90, "isMemorialPet": false, "guideSortOrder": 10, "strategyVersion": "guide-personalization-v3", "guideAgePolicyType": "all", "guideTargetSpecies": ["common"], "guideRotationWeight": 1, "petSpeciesDisplayName": "도마뱀", "petRepresentativeLabel": "기타", "guideAgePolicyLifeStage": null, "petRepresentativeSpecies": "other"}
6490dc37-30c4-4b1a-8f80-192993250ed5	74cd98ab-5c3c-4502-b6cc-6543d8bd6a70	28b808cf-021d-47a9-9c20-017174d6cb01	10000000-0000-4000-8000-000000000002	home_impression	logged-in-home	20537	\N	dog	말티즈	172	2026-03-25 04:52:12.498165+00	{"source": "home-recommendation", "resultRank": null, "queryLength": 0, "hasBirthDate": true, "searchSource": null, "seasonBucket": "spring", "guideCategory": "nutrition", "guidePriority": 89, "isMemorialPet": false, "guideSortOrder": 20, "strategyVersion": "guide-personalization-v3", "guideAgePolicyType": "all", "guideTargetSpecies": ["dog"], "guideRotationWeight": 1, "petSpeciesDisplayName": "말티즈", "petRepresentativeLabel": "강아지", "guideAgePolicyLifeStage": null, "petRepresentativeSpecies": "dog"}
9cf52467-e99d-4fd1-83cb-6181352f7429	74cd98ab-5c3c-4502-b6cc-6543d8bd6a70	28b808cf-021d-47a9-9c20-017174d6cb01	11111111-1111-4111-8111-111111111111	home_impression	logged-in-home	20537	\N	dog	말티즈	172	2026-03-25 04:52:12.498165+00	{"source": "home-recommendation", "resultRank": null, "queryLength": 0, "hasBirthDate": true, "searchSource": null, "seasonBucket": "spring", "guideCategory": "daily-care", "guidePriority": 90, "isMemorialPet": false, "guideSortOrder": 10, "strategyVersion": "guide-personalization-v3", "guideAgePolicyType": "all", "guideTargetSpecies": ["common"], "guideRotationWeight": 1, "petSpeciesDisplayName": "말티즈", "petRepresentativeLabel": "강아지", "guideAgePolicyLifeStage": null, "petRepresentativeSpecies": "dog"}
3d72e37a-d0d9-4e1e-84dd-bd5514d13fd7	74cd98ab-5c3c-4502-b6cc-6543d8bd6a70	28b808cf-021d-47a9-9c20-017174d6cb01	10000000-0000-4000-8000-000000000002	home_impression	logged-in-home	20537	\N	dog	말티즈	172	2026-03-25 07:30:27.206717+00	{"source": "home-recommendation", "resultRank": null, "queryLength": 0, "hasBirthDate": true, "searchSource": null, "seasonBucket": "spring", "guideCategory": "nutrition", "guidePriority": 89, "isMemorialPet": false, "guideSortOrder": 20, "strategyVersion": "guide-personalization-v3", "guideAgePolicyType": "all", "guideTargetSpecies": ["dog"], "guideRotationWeight": 1, "petSpeciesDisplayName": "말티즈", "petRepresentativeLabel": "강아지", "guideAgePolicyLifeStage": null, "petRepresentativeSpecies": "dog"}
fe436528-37b9-4786-b564-8949d282ec78	74cd98ab-5c3c-4502-b6cc-6543d8bd6a70	28b808cf-021d-47a9-9c20-017174d6cb01	11111111-1111-4111-8111-111111111111	home_impression	logged-in-home	20537	\N	dog	말티즈	172	2026-03-25 07:30:27.206717+00	{"source": "home-recommendation", "resultRank": null, "queryLength": 0, "hasBirthDate": true, "searchSource": null, "seasonBucket": "spring", "guideCategory": "daily-care", "guidePriority": 90, "isMemorialPet": false, "guideSortOrder": 10, "strategyVersion": "guide-personalization-v3", "guideAgePolicyType": "all", "guideTargetSpecies": ["common"], "guideRotationWeight": 1, "petSpeciesDisplayName": "말티즈", "petRepresentativeLabel": "강아지", "guideAgePolicyLifeStage": null, "petRepresentativeSpecies": "dog"}
819dc36a-21c4-4bd9-95e3-98dd3c9c81a5	74cd98ab-5c3c-4502-b6cc-6543d8bd6a70	28b808cf-021d-47a9-9c20-017174d6cb01	10000000-0000-4000-8000-000000000002	home_impression	logged-in-home	20537	\N	dog	말티즈	172	2026-03-25 07:54:46.776566+00	{"source": "home-recommendation", "resultRank": null, "queryLength": 0, "hasBirthDate": true, "searchSource": null, "seasonBucket": "spring", "guideCategory": "nutrition", "guidePriority": 89, "isMemorialPet": false, "guideSortOrder": 20, "strategyVersion": "guide-personalization-v3", "guideAgePolicyType": "all", "guideTargetSpecies": ["dog"], "guideRotationWeight": 1, "petSpeciesDisplayName": "말티즈", "petRepresentativeLabel": "강아지", "guideAgePolicyLifeStage": null, "petRepresentativeSpecies": "dog"}
a3de4984-62f5-4695-90a2-4ac7d143351c	74cd98ab-5c3c-4502-b6cc-6543d8bd6a70	28b808cf-021d-47a9-9c20-017174d6cb01	11111111-1111-4111-8111-111111111111	home_impression	logged-in-home	20537	\N	dog	말티즈	172	2026-03-25 07:54:46.776566+00	{"source": "home-recommendation", "resultRank": null, "queryLength": 0, "hasBirthDate": true, "searchSource": null, "seasonBucket": "spring", "guideCategory": "daily-care", "guidePriority": 90, "isMemorialPet": false, "guideSortOrder": 10, "strategyVersion": "guide-personalization-v3", "guideAgePolicyType": "all", "guideTargetSpecies": ["common"], "guideRotationWeight": 1, "petSpeciesDisplayName": "말티즈", "petRepresentativeLabel": "강아지", "guideAgePolicyLifeStage": null, "petRepresentativeSpecies": "dog"}
7711d9cd-3e2e-441a-b2cd-485660e922ab	74cd98ab-5c3c-4502-b6cc-6543d8bd6a70	28b808cf-021d-47a9-9c20-017174d6cb01	10000000-0000-4000-8000-000000000002	home_impression	logged-in-home	20537	\N	dog	말티즈	172	2026-03-25 08:15:26.347012+00	{"source": "home-recommendation", "resultRank": null, "queryLength": 0, "hasBirthDate": true, "searchSource": null, "seasonBucket": "spring", "guideCategory": "nutrition", "guidePriority": 89, "isMemorialPet": false, "guideSortOrder": 20, "strategyVersion": "guide-personalization-v3", "guideAgePolicyType": "all", "guideTargetSpecies": ["dog"], "guideRotationWeight": 1, "petSpeciesDisplayName": "말티즈", "petRepresentativeLabel": "강아지", "guideAgePolicyLifeStage": null, "petRepresentativeSpecies": "dog"}
57ec8ca0-42fd-46b5-aee7-5631adc3e0e9	74cd98ab-5c3c-4502-b6cc-6543d8bd6a70	28b808cf-021d-47a9-9c20-017174d6cb01	11111111-1111-4111-8111-111111111111	home_impression	logged-in-home	20537	\N	dog	말티즈	172	2026-03-25 08:15:26.347012+00	{"source": "home-recommendation", "resultRank": null, "queryLength": 0, "hasBirthDate": true, "searchSource": null, "seasonBucket": "spring", "guideCategory": "daily-care", "guidePriority": 90, "isMemorialPet": false, "guideSortOrder": 10, "strategyVersion": "guide-personalization-v3", "guideAgePolicyType": "all", "guideTargetSpecies": ["common"], "guideRotationWeight": 1, "petSpeciesDisplayName": "말티즈", "petRepresentativeLabel": "강아지", "guideAgePolicyLifeStage": null, "petRepresentativeSpecies": "dog"}
c5de2705-4710-4813-b8dd-2535dab6c3f7	74cd98ab-5c3c-4502-b6cc-6543d8bd6a70	28b808cf-021d-47a9-9c20-017174d6cb01	10000000-0000-4000-8000-000000000002	home_impression	logged-in-home	20537	\N	dog	말티즈	172	2026-03-25 08:23:44.861128+00	{"source": "home-recommendation", "resultRank": null, "queryLength": 0, "hasBirthDate": true, "searchSource": null, "seasonBucket": "spring", "guideCategory": "nutrition", "guidePriority": 89, "isMemorialPet": false, "guideSortOrder": 20, "strategyVersion": "guide-personalization-v3", "guideAgePolicyType": "all", "guideTargetSpecies": ["dog"], "guideRotationWeight": 1, "petSpeciesDisplayName": "말티즈", "petRepresentativeLabel": "강아지", "guideAgePolicyLifeStage": null, "petRepresentativeSpecies": "dog"}
9fb32673-6e9a-4427-817b-323c36f43df8	74cd98ab-5c3c-4502-b6cc-6543d8bd6a70	28b808cf-021d-47a9-9c20-017174d6cb01	11111111-1111-4111-8111-111111111111	home_impression	logged-in-home	20537	\N	dog	말티즈	172	2026-03-25 08:23:44.861128+00	{"source": "home-recommendation", "resultRank": null, "queryLength": 0, "hasBirthDate": true, "searchSource": null, "seasonBucket": "spring", "guideCategory": "daily-care", "guidePriority": 90, "isMemorialPet": false, "guideSortOrder": 10, "strategyVersion": "guide-personalization-v3", "guideAgePolicyType": "all", "guideTargetSpecies": ["common"], "guideRotationWeight": 1, "petSpeciesDisplayName": "말티즈", "petRepresentativeLabel": "강아지", "guideAgePolicyLifeStage": null, "petRepresentativeSpecies": "dog"}
47f23e90-4d71-41ab-92ff-093a4bf22379	a53f9c6c-5bce-4a37-94f7-ef5f683e538c	0f4c8132-45bc-49d0-80e6-e2195dede416	10000000-0000-4000-8000-000000000011	home_impression	logged-in-home	20538	\N	other	도마뱀	0	2026-03-26 01:08:12.252174+00	{"source": "home-recommendation", "resultRank": null, "queryLength": 0, "hasBirthDate": true, "searchSource": null, "seasonBucket": "spring", "guideCategory": "environment", "guidePriority": 92, "isMemorialPet": false, "guideSortOrder": 110, "strategyVersion": "guide-personalization-v3", "guideAgePolicyType": "all", "guideTargetSpecies": ["other"], "guideRotationWeight": 1, "petSpeciesDisplayName": "도마뱀", "petRepresentativeLabel": "기타", "guideAgePolicyLifeStage": null, "petRepresentativeSpecies": "other"}
fb4219bc-cd94-4581-8daf-3a2a31d12569	a53f9c6c-5bce-4a37-94f7-ef5f683e538c	0f4c8132-45bc-49d0-80e6-e2195dede416	11111111-1111-4111-8111-111111111111	home_impression	logged-in-home	20538	\N	other	도마뱀	0	2026-03-26 01:08:12.252174+00	{"source": "home-recommendation", "resultRank": null, "queryLength": 0, "hasBirthDate": true, "searchSource": null, "seasonBucket": "spring", "guideCategory": "daily-care", "guidePriority": 90, "isMemorialPet": false, "guideSortOrder": 10, "strategyVersion": "guide-personalization-v3", "guideAgePolicyType": "all", "guideTargetSpecies": ["common"], "guideRotationWeight": 1, "petSpeciesDisplayName": "도마뱀", "petRepresentativeLabel": "기타", "guideAgePolicyLifeStage": null, "petRepresentativeSpecies": "other"}
12e668b6-3bb6-408f-b63b-83870190d861	a53f9c6c-5bce-4a37-94f7-ef5f683e538c	0f4c8132-45bc-49d0-80e6-e2195dede416	10000000-0000-4000-8000-000000000011	home_impression	logged-in-home	20538	\N	other	도마뱀	0	2026-03-26 01:27:01.560073+00	{"source": "home-recommendation", "resultRank": null, "queryLength": 0, "hasBirthDate": true, "searchSource": null, "seasonBucket": "spring", "guideCategory": "environment", "guidePriority": 92, "isMemorialPet": false, "guideSortOrder": 110, "strategyVersion": "guide-personalization-v3", "guideAgePolicyType": "all", "guideTargetSpecies": ["other"], "guideRotationWeight": 1, "petSpeciesDisplayName": "도마뱀", "petRepresentativeLabel": "기타", "guideAgePolicyLifeStage": null, "petRepresentativeSpecies": "other"}
9104b082-2eee-4082-be50-4708795069bd	a53f9c6c-5bce-4a37-94f7-ef5f683e538c	0f4c8132-45bc-49d0-80e6-e2195dede416	11111111-1111-4111-8111-111111111111	home_impression	logged-in-home	20538	\N	other	도마뱀	0	2026-03-26 01:27:01.560073+00	{"source": "home-recommendation", "resultRank": null, "queryLength": 0, "hasBirthDate": true, "searchSource": null, "seasonBucket": "spring", "guideCategory": "daily-care", "guidePriority": 90, "isMemorialPet": false, "guideSortOrder": 10, "strategyVersion": "guide-personalization-v3", "guideAgePolicyType": "all", "guideTargetSpecies": ["common"], "guideRotationWeight": 1, "petSpeciesDisplayName": "도마뱀", "petRepresentativeLabel": "기타", "guideAgePolicyLifeStage": null, "petRepresentativeSpecies": "other"}
ddc675ba-9398-4502-b461-6bbee6813595	a53f9c6c-5bce-4a37-94f7-ef5f683e538c	0f4c8132-45bc-49d0-80e6-e2195dede416	10000000-0000-4000-8000-000000000011	home_impression	logged-in-home	20538	\N	other	도마뱀	0	2026-03-26 01:42:45.526088+00	{"source": "home-recommendation", "resultRank": null, "queryLength": 0, "hasBirthDate": true, "searchSource": null, "seasonBucket": "spring", "guideCategory": "environment", "guidePriority": 92, "isMemorialPet": false, "guideSortOrder": 110, "strategyVersion": "guide-personalization-v3", "guideAgePolicyType": "all", "guideTargetSpecies": ["other"], "guideRotationWeight": 1, "petSpeciesDisplayName": "도마뱀", "petRepresentativeLabel": "기타", "guideAgePolicyLifeStage": null, "petRepresentativeSpecies": "other"}
329a7031-81b5-40fd-bc02-e3157ba07493	a53f9c6c-5bce-4a37-94f7-ef5f683e538c	0f4c8132-45bc-49d0-80e6-e2195dede416	11111111-1111-4111-8111-111111111111	home_impression	logged-in-home	20538	\N	other	도마뱀	0	2026-03-26 01:42:45.526088+00	{"source": "home-recommendation", "resultRank": null, "queryLength": 0, "hasBirthDate": true, "searchSource": null, "seasonBucket": "spring", "guideCategory": "daily-care", "guidePriority": 90, "isMemorialPet": false, "guideSortOrder": 10, "strategyVersion": "guide-personalization-v3", "guideAgePolicyType": "all", "guideTargetSpecies": ["common"], "guideRotationWeight": 1, "petSpeciesDisplayName": "도마뱀", "petRepresentativeLabel": "기타", "guideAgePolicyLifeStage": null, "petRepresentativeSpecies": "other"}
3a104b4c-3c99-47ed-97ca-1db4e233967e	a53f9c6c-5bce-4a37-94f7-ef5f683e538c	0f4c8132-45bc-49d0-80e6-e2195dede416	10000000-0000-4000-8000-000000000011	home_impression	logged-in-home	20538	\N	other	도마뱀	0	2026-03-26 01:47:57.610425+00	{"source": "home-recommendation", "resultRank": null, "queryLength": 0, "hasBirthDate": true, "searchSource": null, "seasonBucket": "spring", "guideCategory": "environment", "guidePriority": 92, "isMemorialPet": false, "guideSortOrder": 110, "strategyVersion": "guide-personalization-v3", "guideAgePolicyType": "all", "guideTargetSpecies": ["other"], "guideRotationWeight": 1, "petSpeciesDisplayName": "도마뱀", "petRepresentativeLabel": "기타", "guideAgePolicyLifeStage": null, "petRepresentativeSpecies": "other"}
88ca1016-c922-4dd7-90e6-0c4b8e574885	a53f9c6c-5bce-4a37-94f7-ef5f683e538c	0f4c8132-45bc-49d0-80e6-e2195dede416	11111111-1111-4111-8111-111111111111	home_impression	logged-in-home	20538	\N	other	도마뱀	0	2026-03-26 01:47:57.610425+00	{"source": "home-recommendation", "resultRank": null, "queryLength": 0, "hasBirthDate": true, "searchSource": null, "seasonBucket": "spring", "guideCategory": "daily-care", "guidePriority": 90, "isMemorialPet": false, "guideSortOrder": 10, "strategyVersion": "guide-personalization-v3", "guideAgePolicyType": "all", "guideTargetSpecies": ["common"], "guideRotationWeight": 1, "petSpeciesDisplayName": "도마뱀", "petRepresentativeLabel": "기타", "guideAgePolicyLifeStage": null, "petRepresentativeSpecies": "other"}
a9b4e881-cbe3-4b42-a095-2491a7ae662d	a53f9c6c-5bce-4a37-94f7-ef5f683e538c	0f4c8132-45bc-49d0-80e6-e2195dede416	10000000-0000-4000-8000-000000000011	home_impression	logged-in-home	20538	\N	other	도마뱀	0	2026-03-26 05:12:06.903347+00	{"source": "home-recommendation", "resultRank": null, "queryLength": 0, "hasBirthDate": true, "searchSource": null, "seasonBucket": "spring", "guideCategory": "environment", "guidePriority": 92, "isMemorialPet": false, "guideSortOrder": 110, "strategyVersion": "guide-personalization-v3", "guideAgePolicyType": "all", "guideTargetSpecies": ["other"], "guideRotationWeight": 1, "petSpeciesDisplayName": "도마뱀", "petRepresentativeLabel": "기타", "guideAgePolicyLifeStage": null, "petRepresentativeSpecies": "other"}
a5eec947-fdd3-4e9b-965a-ea2e4bcf3045	a53f9c6c-5bce-4a37-94f7-ef5f683e538c	0f4c8132-45bc-49d0-80e6-e2195dede416	11111111-1111-4111-8111-111111111111	home_impression	logged-in-home	20538	\N	other	도마뱀	0	2026-03-26 05:12:06.903347+00	{"source": "home-recommendation", "resultRank": null, "queryLength": 0, "hasBirthDate": true, "searchSource": null, "seasonBucket": "spring", "guideCategory": "daily-care", "guidePriority": 90, "isMemorialPet": false, "guideSortOrder": 10, "strategyVersion": "guide-personalization-v3", "guideAgePolicyType": "all", "guideTargetSpecies": ["common"], "guideRotationWeight": 1, "petSpeciesDisplayName": "도마뱀", "petRepresentativeLabel": "기타", "guideAgePolicyLifeStage": null, "petRepresentativeSpecies": "other"}
115c8d4d-49c9-43f9-a479-69bee6793ce5	a53f9c6c-5bce-4a37-94f7-ef5f683e538c	0f4c8132-45bc-49d0-80e6-e2195dede416	10000000-0000-4000-8000-000000000020	home_impression	logged-in-home	20541	\N	other	도마뱀	0	2026-03-29 04:04:48.997832+00	{"source": "home-recommendation", "resultRank": null, "queryLength": 0, "hasBirthDate": true, "searchSource": null, "seasonBucket": "spring", "guideCategory": "health", "guidePriority": 93, "isMemorialPet": false, "guideSortOrder": 200, "strategyVersion": "guide-personalization-v3", "guideAgePolicyType": "all", "guideTargetSpecies": ["other"], "guideRotationWeight": 2, "petSpeciesDisplayName": "도마뱀", "petRepresentativeLabel": "기타", "guideAgePolicyLifeStage": null, "petRepresentativeSpecies": "other"}
1d8f7bd7-7264-4e8f-a83c-e1560bad1809	a53f9c6c-5bce-4a37-94f7-ef5f683e538c	0f4c8132-45bc-49d0-80e6-e2195dede416	11111111-1111-4111-8111-111111111111	home_impression	logged-in-home	20541	\N	other	도마뱀	0	2026-03-29 04:04:48.997832+00	{"source": "home-recommendation", "resultRank": null, "queryLength": 0, "hasBirthDate": true, "searchSource": null, "seasonBucket": "spring", "guideCategory": "daily-care", "guidePriority": 90, "isMemorialPet": false, "guideSortOrder": 10, "strategyVersion": "guide-personalization-v3", "guideAgePolicyType": "all", "guideTargetSpecies": ["common"], "guideRotationWeight": 1, "petSpeciesDisplayName": "도마뱀", "petRepresentativeLabel": "기타", "guideAgePolicyLifeStage": null, "petRepresentativeSpecies": "other"}
13ea6845-8902-44d9-a01f-cd42d2270ab1	a53f9c6c-5bce-4a37-94f7-ef5f683e538c	0f4c8132-45bc-49d0-80e6-e2195dede416	10000000-0000-4000-8000-000000000020	home_impression	logged-in-home	20541	\N	other	도마뱀	0	2026-03-29 04:34:38.275462+00	{"source": "home-recommendation", "resultRank": null, "queryLength": 0, "hasBirthDate": true, "searchSource": null, "seasonBucket": "spring", "guideCategory": "health", "guidePriority": 93, "isMemorialPet": false, "guideSortOrder": 200, "strategyVersion": "guide-personalization-v3", "guideAgePolicyType": "all", "guideTargetSpecies": ["other"], "guideRotationWeight": 2, "petSpeciesDisplayName": "도마뱀", "petRepresentativeLabel": "기타", "guideAgePolicyLifeStage": null, "petRepresentativeSpecies": "other"}
65045a54-4dc8-496a-b069-9c5e6debd8d6	a53f9c6c-5bce-4a37-94f7-ef5f683e538c	0f4c8132-45bc-49d0-80e6-e2195dede416	11111111-1111-4111-8111-111111111111	home_impression	logged-in-home	20541	\N	other	도마뱀	0	2026-03-29 04:34:38.275462+00	{"source": "home-recommendation", "resultRank": null, "queryLength": 0, "hasBirthDate": true, "searchSource": null, "seasonBucket": "spring", "guideCategory": "daily-care", "guidePriority": 90, "isMemorialPet": false, "guideSortOrder": 10, "strategyVersion": "guide-personalization-v3", "guideAgePolicyType": "all", "guideTargetSpecies": ["common"], "guideRotationWeight": 1, "petSpeciesDisplayName": "도마뱀", "petRepresentativeLabel": "기타", "guideAgePolicyLifeStage": null, "petRepresentativeSpecies": "other"}
c810ccab-bd63-4a89-9860-8ff854a5a4cd	a53f9c6c-5bce-4a37-94f7-ef5f683e538c	0f4c8132-45bc-49d0-80e6-e2195dede416	10000000-0000-4000-8000-000000000020	home_impression	logged-in-home	20541	\N	other	도마뱀	0	2026-03-29 04:45:59.155402+00	{"source": "home-recommendation", "resultRank": null, "queryLength": 0, "hasBirthDate": true, "searchSource": null, "seasonBucket": "spring", "guideCategory": "health", "guidePriority": 93, "isMemorialPet": false, "guideSortOrder": 200, "strategyVersion": "guide-personalization-v3", "guideAgePolicyType": "all", "guideTargetSpecies": ["other"], "guideRotationWeight": 2, "petSpeciesDisplayName": "도마뱀", "petRepresentativeLabel": "기타", "guideAgePolicyLifeStage": null, "petRepresentativeSpecies": "other"}
60d78080-0880-44e7-87c5-ee638c303a33	a53f9c6c-5bce-4a37-94f7-ef5f683e538c	0f4c8132-45bc-49d0-80e6-e2195dede416	11111111-1111-4111-8111-111111111111	home_impression	logged-in-home	20541	\N	other	도마뱀	0	2026-03-29 04:45:59.155402+00	{"source": "home-recommendation", "resultRank": null, "queryLength": 0, "hasBirthDate": true, "searchSource": null, "seasonBucket": "spring", "guideCategory": "daily-care", "guidePriority": 90, "isMemorialPet": false, "guideSortOrder": 10, "strategyVersion": "guide-personalization-v3", "guideAgePolicyType": "all", "guideTargetSpecies": ["common"], "guideRotationWeight": 1, "petSpeciesDisplayName": "도마뱀", "petRepresentativeLabel": "기타", "guideAgePolicyLifeStage": null, "petRepresentativeSpecies": "other"}
65d9326f-d577-45e6-8075-79ccff5b7a20	a53f9c6c-5bce-4a37-94f7-ef5f683e538c	0f4c8132-45bc-49d0-80e6-e2195dede416	10000000-0000-4000-8000-000000000020	home_impression	logged-in-home	20541	\N	other	도마뱀	0	2026-03-29 04:51:00.4067+00	{"source": "home-recommendation", "resultRank": null, "queryLength": 0, "hasBirthDate": true, "searchSource": null, "seasonBucket": "spring", "guideCategory": "health", "guidePriority": 93, "isMemorialPet": false, "guideSortOrder": 200, "strategyVersion": "guide-personalization-v3", "guideAgePolicyType": "all", "guideTargetSpecies": ["other"], "guideRotationWeight": 2, "petSpeciesDisplayName": "도마뱀", "petRepresentativeLabel": "기타", "guideAgePolicyLifeStage": null, "petRepresentativeSpecies": "other"}
164b8db8-a5bd-4d6c-a189-059d43a1d306	a53f9c6c-5bce-4a37-94f7-ef5f683e538c	0f4c8132-45bc-49d0-80e6-e2195dede416	11111111-1111-4111-8111-111111111111	home_impression	logged-in-home	20541	\N	other	도마뱀	0	2026-03-29 04:51:00.4067+00	{"source": "home-recommendation", "resultRank": null, "queryLength": 0, "hasBirthDate": true, "searchSource": null, "seasonBucket": "spring", "guideCategory": "daily-care", "guidePriority": 90, "isMemorialPet": false, "guideSortOrder": 10, "strategyVersion": "guide-personalization-v3", "guideAgePolicyType": "all", "guideTargetSpecies": ["common"], "guideRotationWeight": 1, "petSpeciesDisplayName": "도마뱀", "petRepresentativeLabel": "기타", "guideAgePolicyLifeStage": null, "petRepresentativeSpecies": "other"}
4a1d8c4c-ba36-4123-9f97-e7317f68263c	a53f9c6c-5bce-4a37-94f7-ef5f683e538c	0f4c8132-45bc-49d0-80e6-e2195dede416	10000000-0000-4000-8000-000000000020	home_impression	logged-in-home	20541	\N	other	도마뱀	0	2026-03-29 05:03:23.474978+00	{"source": "home-recommendation", "resultRank": null, "queryLength": 0, "hasBirthDate": true, "searchSource": null, "seasonBucket": "spring", "guideCategory": "health", "guidePriority": 93, "isMemorialPet": false, "guideSortOrder": 200, "strategyVersion": "guide-personalization-v3", "guideAgePolicyType": "all", "guideTargetSpecies": ["other"], "guideRotationWeight": 2, "petSpeciesDisplayName": "도마뱀", "petRepresentativeLabel": "기타", "guideAgePolicyLifeStage": null, "petRepresentativeSpecies": "other"}
6f10447b-e186-4e88-a318-989a37acc802	a53f9c6c-5bce-4a37-94f7-ef5f683e538c	0f4c8132-45bc-49d0-80e6-e2195dede416	11111111-1111-4111-8111-111111111111	home_impression	logged-in-home	20541	\N	other	도마뱀	0	2026-03-29 05:03:23.474978+00	{"source": "home-recommendation", "resultRank": null, "queryLength": 0, "hasBirthDate": true, "searchSource": null, "seasonBucket": "spring", "guideCategory": "daily-care", "guidePriority": 90, "isMemorialPet": false, "guideSortOrder": 10, "strategyVersion": "guide-personalization-v3", "guideAgePolicyType": "all", "guideTargetSpecies": ["common"], "guideRotationWeight": 1, "petSpeciesDisplayName": "도마뱀", "petRepresentativeLabel": "기타", "guideAgePolicyLifeStage": null, "petRepresentativeSpecies": "other"}
029ab6a0-dc6d-42e4-bff7-21b47880effc	a53f9c6c-5bce-4a37-94f7-ef5f683e538c	0f4c8132-45bc-49d0-80e6-e2195dede416	10000000-0000-4000-8000-000000000020	home_impression	logged-in-home	20541	\N	other	도마뱀	0	2026-03-29 05:10:23.972926+00	{"source": "home-recommendation", "resultRank": null, "queryLength": 0, "hasBirthDate": true, "searchSource": null, "seasonBucket": "spring", "guideCategory": "health", "guidePriority": 93, "isMemorialPet": false, "guideSortOrder": 200, "strategyVersion": "guide-personalization-v3", "guideAgePolicyType": "all", "guideTargetSpecies": ["other"], "guideRotationWeight": 2, "petSpeciesDisplayName": "도마뱀", "petRepresentativeLabel": "기타", "guideAgePolicyLifeStage": null, "petRepresentativeSpecies": "other"}
a1c0451e-1204-4537-8eae-f80ebc02ebee	a53f9c6c-5bce-4a37-94f7-ef5f683e538c	0f4c8132-45bc-49d0-80e6-e2195dede416	11111111-1111-4111-8111-111111111111	home_impression	logged-in-home	20541	\N	other	도마뱀	0	2026-03-29 05:10:23.972926+00	{"source": "home-recommendation", "resultRank": null, "queryLength": 0, "hasBirthDate": true, "searchSource": null, "seasonBucket": "spring", "guideCategory": "daily-care", "guidePriority": 90, "isMemorialPet": false, "guideSortOrder": 10, "strategyVersion": "guide-personalization-v3", "guideAgePolicyType": "all", "guideTargetSpecies": ["common"], "guideRotationWeight": 1, "petSpeciesDisplayName": "도마뱀", "petRepresentativeLabel": "기타", "guideAgePolicyLifeStage": null, "petRepresentativeSpecies": "other"}
1d89a74f-ddbe-4e30-8e7e-ecbe91326300	a53f9c6c-5bce-4a37-94f7-ef5f683e538c	0f4c8132-45bc-49d0-80e6-e2195dede416	10000000-0000-4000-8000-000000000020	home_impression	logged-in-home	20541	\N	other	도마뱀	0	2026-03-29 08:30:01.153553+00	{"source": "home-recommendation", "resultRank": null, "queryLength": 0, "hasBirthDate": true, "searchSource": null, "seasonBucket": "spring", "guideCategory": "health", "guidePriority": 93, "isMemorialPet": false, "guideSortOrder": 200, "strategyVersion": "guide-personalization-v3", "guideAgePolicyType": "all", "guideTargetSpecies": ["other"], "guideRotationWeight": 2, "petSpeciesDisplayName": "도마뱀", "petRepresentativeLabel": "기타", "guideAgePolicyLifeStage": null, "petRepresentativeSpecies": "other"}
dfa54e07-63ac-4b09-acb1-bf126f93367c	a53f9c6c-5bce-4a37-94f7-ef5f683e538c	0f4c8132-45bc-49d0-80e6-e2195dede416	11111111-1111-4111-8111-111111111111	home_impression	logged-in-home	20541	\N	other	도마뱀	0	2026-03-29 08:30:01.153553+00	{"source": "home-recommendation", "resultRank": null, "queryLength": 0, "hasBirthDate": true, "searchSource": null, "seasonBucket": "spring", "guideCategory": "daily-care", "guidePriority": 90, "isMemorialPet": false, "guideSortOrder": 10, "strategyVersion": "guide-personalization-v3", "guideAgePolicyType": "all", "guideTargetSpecies": ["common"], "guideRotationWeight": 1, "petSpeciesDisplayName": "도마뱀", "petRepresentativeLabel": "기타", "guideAgePolicyLifeStage": null, "petRepresentativeSpecies": "other"}
\.


--
-- Data for Name: pet_place_service_meta; Type: TABLE DATA; Schema: public; Owner: postgres
--

COPY "public"."pet_place_service_meta" ("id", "provider", "provider_place_id", "canonical_name", "canonical_category", "canonical_address", "canonical_road_address", "latitude", "longitude", "verification_status", "source_type", "pet_policy_text", "operating_status_label", "admin_note", "user_report_count", "bookmarked_count", "last_verified_at", "created_at", "updated_at", "primary_source_provider", "primary_source_place_id") FROM stdin;
\.


--
-- Data for Name: pet_place_bookmarks; Type: TABLE DATA; Schema: public; Owner: postgres
--

COPY "public"."pet_place_bookmarks" ("id", "user_id", "pet_place_meta_id", "note", "created_at", "updated_at") FROM stdin;
\.


--
-- Data for Name: pet_place_external_signals; Type: TABLE DATA; Schema: public; Owner: postgres
--

COPY "public"."pet_place_external_signals" ("id", "pet_place_meta_id", "signal_provider", "signal_key", "signal_value_boolean", "signal_value_text", "signal_score", "source_note", "observed_at", "created_at", "updated_at") FROM stdin;
\.


--
-- Data for Name: pet_place_search_logs; Type: TABLE DATA; Schema: public; Owner: postgres
--

COPY "public"."pet_place_search_logs" ("id", "user_id", "query_text", "source_domain", "anchor_latitude", "anchor_longitude", "result_count", "provider_mix", "created_at", "session_id") FROM stdin;
\.


--
-- Data for Name: pet_place_source_links; Type: TABLE DATA; Schema: public; Owner: postgres
--

COPY "public"."pet_place_source_links" ("id", "pet_place_meta_id", "provider", "provider_place_id", "source_place_name", "source_category_label", "source_address", "source_road_address", "latitude", "longitude", "source_payload", "matched_at", "created_at", "updated_at") FROM stdin;
\.


--
-- Data for Name: pet_place_user_reports; Type: TABLE DATA; Schema: public; Owner: postgres
--

COPY "public"."pet_place_user_reports" ("id", "user_id", "pet_place_meta_id", "report_status", "report_text", "evidence_url", "created_at", "updated_at") FROM stdin;
\.


--
-- Data for Name: pet_place_verification_logs; Type: TABLE DATA; Schema: public; Owner: postgres
--

COPY "public"."pet_place_verification_logs" ("id", "pet_place_meta_id", "actor_user_id", "previous_verification_status", "next_verification_status", "source_type", "note", "metadata", "created_at") FROM stdin;
\.


--
-- Data for Name: pet_schedules; Type: TABLE DATA; Schema: public; Owner: postgres
--

COPY "public"."pet_schedules" ("id", "user_id", "pet_id", "title", "note", "starts_at", "ends_at", "all_day", "category", "sub_category", "icon_key", "color_key", "reminder_minutes", "repeat_rule", "repeat_interval", "repeat_until", "linked_memory_id", "completed_at", "source", "external_calendar_id", "external_event_id", "sync_status", "created_at", "updated_at") FROM stdin;
803d3778-eae0-4404-b942-240401024809	249ef75b-269b-4664-950e-257c9995dd4a	a3c135d0-dcfa-4e3f-8087-8012d9a54acb	산책가기	ㅇㅅㅇ	2026-03-09 01:00:00+00	\N	f	meal	meal-plan	meal	green	{10}	daily	1	\N	\N	\N	manual	\N	\N	local	2026-03-09 03:13:07.328803+00	2026-03-09 03:13:07.328803+00
\.


--
-- Data for Name: pet_travel_places; Type: TABLE DATA; Schema: public; Owner: postgres
--

COPY "public"."pet_travel_places" ("id", "canonical_name", "address", "latitude", "longitude", "place_type", "primary_source", "primary_source_place_id", "created_at", "updated_at") FROM stdin;
\.


--
-- Data for Name: pet_travel_pet_policies; Type: TABLE DATA; Schema: public; Owner: postgres
--

COPY "public"."pet_travel_pet_policies" ("id", "place_id", "source_type", "policy_status", "policy_note", "confidence", "requires_onsite_check", "evidence_summary", "evidence_payload", "actor_user_id", "is_active", "created_at", "updated_at") FROM stdin;
\.


--
-- Data for Name: pet_travel_user_reports; Type: TABLE DATA; Schema: public; Owner: postgres
--

COPY "public"."pet_travel_user_reports" ("id", "place_id", "user_id", "report_type", "report_note", "evidence_payload", "report_status", "created_at", "updated_at") FROM stdin;
\.


--
-- Data for Name: profiles; Type: TABLE DATA; Schema: public; Owner: postgres
--

COPY "public"."profiles" ("user_id", "email", "nickname", "avatar_url", "locale", "created_at", "updated_at", "nickname_confirmed", "role") FROM stdin;
c72c89fa-9abf-4111-bebf-5846adc12053	qa-blocker-img-1774419705050@example.com	qablocke	\N	ko-KR	2026-03-25 06:21:45.944243+00	2026-03-25 06:21:45.944243+00	f	user
689a0687-d068-424f-b659-2fb726d486ff	qa-task4-fix-1774420000242-owner@example.com	ownerqat	\N	ko-KR	2026-03-25 06:26:41.077973+00	2026-03-25 06:26:41.077973+00	f	user
14ddfd01-6e3c-419c-a99f-0a6152341b91	qa-task4-fix-1774420000242-commenter@example.com	commente	\N	ko-KR	2026-03-25 06:26:42.188354+00	2026-03-25 06:26:42.188354+00	f	user
122e4bd3-a978-4229-89f5-b4359a736ee0	qa-task4-fix-1774420000242-reporter-a@example.com	reporter	\N	ko-KR	2026-03-25 06:26:43.665619+00	2026-03-25 06:26:43.665619+00	f	user
776e5850-11e6-4ae4-80cd-3f0089678086	qa-task6-seed-1774754098244@nuri.dev	qatask6s	\N	ko-KR	2026-03-29 03:14:58.812559+00	2026-03-29 03:14:58.812559+00	f	user
2b6273e1-d5a0-4cfd-8998-cd87a96f2098	qa-task4-fix-1774420000242-reporter-b@example.com	report00	\N	ko-KR	2026-03-25 06:26:44.33756+00	2026-03-25 06:26:44.33756+00	f	user
773b5bee-7cdc-4c45-b43c-4512e42644db	qa-task6-ui-1774756230735@nuri.dev	qatask6u	\N	ko-KR	2026-03-29 03:50:31.954305+00	2026-03-29 03:50:31.954305+00	f	user
78101bff-3156-4dfd-8f2f-a2343493109f	qa-task8-author-1774776294721-69wml9@example.com	qatask8a	\N	ko-KR	2026-03-29 09:24:55.027652+00	2026-03-29 09:24:55.027652+00	f	user
b3038080-7f32-45c3-9abd-fc32c8b7772b	qa-task4-fix-1774420000242-reporter-c@example.com	report01	\N	ko-KR	2026-03-25 06:26:45.353833+00	2026-03-25 06:26:45.353833+00	f	user
7b34899d-c462-4f23-bd28-37b15e797ba2	qa-task8-viewer-1774776294721-69wml9@example.com	qatask8v	\N	ko-KR	2026-03-29 09:24:55.698128+00	2026-03-29 09:24:55.698128+00	f	user
249ef75b-269b-4664-950e-257c9995dd4a	test1342@test.com	삐닝	\N	ko-KR	2026-03-06 18:01:43.501584+00	2026-03-07 05:19:16.928998+00	t	user
4479bfd9-3f3c-48bd-8e22-29c4be4d4331	qa-task4-fix-1774420000242-reporter-d@example.com	report02	\N	ko-KR	2026-03-25 06:26:46.240627+00	2026-03-25 06:26:46.240627+00	f	user
1e64edc9-219c-4ef8-b45c-350a31b8d85f	qwer1234@qwer.com	test	\N	ko-KR	2026-03-09 00:53:59.710301+00	2026-03-09 00:54:19.771761+00	t	user
16077677-c6c8-4a7d-96a4-888990422e62	qa-task4-fix-1774420000242-image-owner@example.com	imageown	\N	ko-KR	2026-03-25 06:26:46.860094+00	2026-03-25 06:26:46.860094+00	f	user
701836fd-2072-4666-a2f4-00f1d0916811	qa-task4-fix-1774420046091-owner@example.com	ownerq00	\N	ko-KR	2026-03-25 06:27:26.599567+00	2026-03-25 06:27:26.599567+00	f	user
74cd98ab-5c3c-4502-b6cc-6543d8bd6a70	test1234@test.com	누리	\N	ko-KR	2026-03-17 09:50:07.52237+00	2026-03-17 09:50:26.623528+00	t	user
a53f9c6c-5bce-4a37-94f7-ef5f683e538c	shinjaejun1996@gmail.com	관리자계정	\N	ko-KR	2026-03-15 18:20:22.609093+00	2026-03-21 23:16:46.622762+00	t	super_admin
f69bedc8-2440-4849-b574-a3c67f037276	qa-task4-fix-1774420046091-commenter@example.com	commen00	\N	ko-KR	2026-03-25 06:27:27.275013+00	2026-03-25 06:27:27.275013+00	f	user
c3e6de92-c9af-41b1-a229-aa7f6572b18f	qa-task4-1774418245739-author@example.com	qatask41	\N	ko-KR	2026-03-25 05:57:27.079833+00	2026-03-25 05:57:27.079833+00	f	user
2e722a74-b110-4d74-b753-166b8c6128d9	qa-task4-1774418300913-author@example.com	qatask00	\N	ko-KR	2026-03-25 05:58:21.465414+00	2026-03-25 05:58:21.465414+00	f	user
c18c049b-4064-4359-95cb-f335bdd67bc2	qa-task4-fix-1774420046091-reporter-a@example.com	report03	\N	ko-KR	2026-03-25 06:27:27.863226+00	2026-03-25 06:27:27.863226+00	f	user
b92f5857-8423-41c4-b321-63a1b4a8fdf3	qa-task4-1774418326693-author@example.com	Qor	\N	ko-KR	2026-03-25 05:58:46.972341+00	2026-03-25 05:58:47.237135+00	t	user
8f5481ba-b4dc-4e96-a6ec-e25d35d66e05	qa-task4-1774418326693-reporterb@example.com	Qrb	\N	ko-KR	2026-03-25 05:58:47.775043+00	2026-03-25 05:58:47.999025+00	t	user
d29705c7-070f-48fb-804c-42982c581abb	qa-task6-ui-1774756266802@nuri.dev	qatask13	\N	ko-KR	2026-03-29 03:51:07.246623+00	2026-03-29 03:51:07.246623+00	f	user
d0844cec-d67a-4c84-9716-8ff4f2678696	qa-task4-fix-1774420046091-reporter-b@example.com	report04	\N	ko-KR	2026-03-25 06:27:28.438551+00	2026-03-25 06:27:28.438551+00	f	user
a23320ca-0042-4b36-bfdc-3fa81d0a0b6b	qa-task4-1774418326693-reporterc@example.com	Qrc	\N	ko-KR	2026-03-25 05:58:48.548226+00	2026-03-25 05:58:48.706508+00	t	user
34aaf371-8cc7-4220-81b1-e809337e9fa4	qa-task4-1774418326693-reporterd@example.com	Qrd	\N	ko-KR	2026-03-25 05:58:49.320279+00	2026-03-25 05:58:49.621373+00	t	user
39ae9879-5a2d-4819-bdba-51c108213da4	qa-task4-fix-1774420046091-reporter-c@example.com	report05	\N	ko-KR	2026-03-25 06:27:29.062562+00	2026-03-25 06:27:29.062562+00	f	user
a33742f5-a324-4a22-bf4b-1b872f188090	qa-task4-fix-1774420046091-image-owner@example.com	imageo00	\N	ko-KR	2026-03-25 06:27:29.748914+00	2026-03-25 06:27:29.748914+00	f	user
1ea94510-c4e1-4e22-977c-c03fc4af1219	qa-task4-diag-1774420075603-owner@example.com	qatask4d	\N	ko-KR	2026-03-25 06:27:55.918427+00	2026-03-25 06:27:55.918427+00	f	user
fb4548ff-6f9e-44e5-97ed-7c6bd9a4fadf	qa-task4-diag-1774420075603-commenter@example.com	qatask01	\N	ko-KR	2026-03-25 06:27:56.599429+00	2026-03-25 06:27:56.599429+00	f	user
5d2b66b7-58eb-4399-b47c-f5aa9cb3c6fe	qa-task4-diag-1774420075603-reporter-a@example.com	qatask02	\N	ko-KR	2026-03-25 06:27:57.217858+00	2026-03-25 06:27:57.217858+00	f	user
5448d755-5b2d-4817-a5b7-2c41b7b8d55e	qa-task6-ui-1774756291393@nuri.dev	qatask14	\N	ko-KR	2026-03-29 03:51:31.976511+00	2026-03-29 03:51:31.976511+00	f	user
a1b99460-5e72-45e1-9231-66e65316c79b	qa-task4-diag-1774420075603-reporter-b@example.com	qatask03	\N	ko-KR	2026-03-25 06:27:57.653096+00	2026-03-25 06:27:57.653096+00	f	user
a2b7ef69-5c44-4ab3-a191-7d2983e2298a	qa-task4-diag-1774420075603-image-owner@example.com	qatask04	\N	ko-KR	2026-03-25 06:27:58.438549+00	2026-03-25 06:27:58.438549+00	f	user
5466693a-b069-49b4-8234-34e58772609c	qa-task4-reporter-1774420112896-owner@example.com	qatask4r	\N	ko-KR	2026-03-25 06:28:33.249475+00	2026-03-25 06:28:33.249475+00	f	user
ac2485f6-f554-42a3-a761-aff46b89ff59	qa-task6-seed-1774754603162@nuri.dev	qatask11	\N	ko-KR	2026-03-29 03:23:24.151484+00	2026-03-29 03:23:24.151484+00	f	user
57cfebe4-e352-411d-8b64-47eaf6d390cd	qa-task4-reporter-1774420112896-reporter@example.com	qatask05	\N	ko-KR	2026-03-25 06:28:33.759519+00	2026-03-25 06:28:33.759519+00	f	user
11cc1314-8473-4a27-8b1d-452210a487a9	qa-task8-author-1774776371016-057rlp@example.com	qatask16	\N	ko-KR	2026-03-29 09:26:11.433773+00	2026-03-29 09:26:11.433773+00	f	user
b016c852-1a85-49ff-9d94-3462d35e57f4	qa-task4-reporter-diag-1774420129807-owner@example.com	qatask06	\N	ko-KR	2026-03-25 06:28:50.085735+00	2026-03-25 06:28:50.085735+00	f	user
2843f28e-23a4-48c8-87e8-5d7aa4319caa	qa-task6-seed-1774754615059@nuri.dev	qatask12	\N	ko-KR	2026-03-29 03:23:35.309894+00	2026-03-29 03:23:35.309894+00	f	user
d5a4bfd1-b96d-4b00-88ca-1585831ccc8b	qa-task4-reporter-diag-1774420129807-reporter@example.com	qatask07	\N	ko-KR	2026-03-25 06:28:50.593704+00	2026-03-25 06:28:50.593704+00	f	user
21f8ceb5-ca5f-44f1-ad76-d9be4342fc00	qa-task4-reporter-1774420156736-owner-a@example.com	qatask08	\N	ko-KR	2026-03-25 06:29:17.054375+00	2026-03-25 06:29:17.054375+00	f	user
af2b6277-be7e-4ade-afd2-02fc127e0a32	qa-task8-viewer-1774776371016-057rlp@example.com	qatask17	\N	ko-KR	2026-03-29 09:26:11.965281+00	2026-03-29 09:26:11.965281+00	f	user
82084a78-2585-4949-b302-6cdeef9ec362	qa-task6-ui-1774756325798@nuri.dev	qatask15	\N	ko-KR	2026-03-29 03:52:06.404357+00	2026-03-29 03:52:06.404357+00	f	user
82ddd3ff-bcb7-450c-921d-a754c4da2f2a	qa-task6-operational-1774754747726@nuri.dev	qatask6o	\N	ko-KR	2026-03-29 03:25:48.040307+00	2026-03-29 03:25:48.040307+00	f	user
4848382d-e1e9-416f-aee0-ec2be79c9aa9	qa-task4-reporter-1774420156736-owner-b@example.com	qatask09	\N	ko-KR	2026-03-25 06:29:17.482175+00	2026-03-25 06:29:17.482175+00	f	user
6f541ac9-9df9-42a4-8515-eda2d562f17a	qa-task4-reporter-1774420156736-reporter@example.com	qatask10	\N	ko-KR	2026-03-25 06:29:17.903765+00	2026-03-25 06:29:17.903765+00	f	user
53e3a8f9-2b51-4bd9-8775-3da75970f3c1	qa-task4-image-1774420180711-owner@example.com	qatask4i	\N	ko-KR	2026-03-25 06:29:41.058595+00	2026-03-25 06:29:41.058595+00	f	user
\.


--
-- Data for Name: subscriptions; Type: TABLE DATA; Schema: public; Owner: postgres
--

COPY "public"."subscriptions" ("id", "user_id", "tier", "started_at", "expires_at", "store", "store_receipt", "created_at") FROM stdin;
\.


--
-- Data for Name: user_consent_history; Type: TABLE DATA; Schema: public; Owner: postgres
--

COPY "public"."user_consent_history" ("id", "user_id", "consent_type", "agreed", "policy_version", "source", "captured_at", "created_at", "anonymized_subject_id", "anonymized_at", "retention_note") FROM stdin;
783f8f5c-4fb2-4607-864c-2bbf5973aa83	249ef75b-269b-4664-950e-257c9995dd4a	terms	t	2026-03-06.v1	signup	2026-03-06 18:01:42.395+00	2026-03-06 18:01:46.375508+00	\N	\N	\N
b8b3014d-d20d-4a59-b3d3-92af04211116	249ef75b-269b-4664-950e-257c9995dd4a	privacy	t	2026-03-06.v1	signup	2026-03-06 18:01:42.395+00	2026-03-06 18:01:46.375508+00	\N	\N	\N
b9feedc2-ca10-45d2-8c8c-709bb74eec83	249ef75b-269b-4664-950e-257c9995dd4a	marketing	t	2026-03-06.v1	signup	2026-03-06 18:01:42.395+00	2026-03-06 18:01:46.375508+00	\N	\N	\N
3702f799-7948-476d-8e3d-18c475793774	1e64edc9-219c-4ef8-b45c-350a31b8d85f	terms	t	2026-03-06.v1	signup	2026-03-09 00:53:46.21+00	2026-03-09 00:54:00.830059+00	\N	\N	\N
6adbdf2d-433d-4a1e-a9a9-dc3ce0665707	1e64edc9-219c-4ef8-b45c-350a31b8d85f	privacy	t	2026-03-06.v1	signup	2026-03-09 00:53:46.21+00	2026-03-09 00:54:00.830059+00	\N	\N	\N
791e8944-3e85-4bc8-81a8-55325ece2d44	1e64edc9-219c-4ef8-b45c-350a31b8d85f	marketing	t	2026-03-06.v1	signup	2026-03-09 00:53:46.21+00	2026-03-09 00:54:00.830059+00	\N	\N	\N
e7cb70d5-2f8a-45e5-b97c-03be39d72516	74cd98ab-5c3c-4502-b6cc-6543d8bd6a70	terms	t	2026-03-06.v1	signup	2026-03-17 09:50:06.566+00	2026-03-17 09:50:09.589178+00	\N	\N	\N
d651d2c3-9a31-498f-946f-d922a63b93ae	74cd98ab-5c3c-4502-b6cc-6543d8bd6a70	privacy	t	2026-03-06.v1	signup	2026-03-17 09:50:06.566+00	2026-03-17 09:50:09.589178+00	\N	\N	\N
1e8d8e45-c792-431e-bb5a-d341fb999787	74cd98ab-5c3c-4502-b6cc-6543d8bd6a70	marketing	t	2026-03-06.v1	signup	2026-03-17 09:50:06.566+00	2026-03-17 09:50:09.589178+00	\N	\N	\N
\.


--
-- Name: blocked_nickname_patterns_id_seq; Type: SEQUENCE SET; Schema: public; Owner: postgres
--

SELECT pg_catalog.setval('"public"."blocked_nickname_patterns_id_seq"', 4, true);


--
-- Name: community_blocked_term_patterns_id_seq; Type: SEQUENCE SET; Schema: public; Owner: postgres
--

SELECT pg_catalog.setval('"public"."community_blocked_term_patterns_id_seq"', 2, true);


--
-- Name: community_blocked_terms_id_seq; Type: SEQUENCE SET; Schema: public; Owner: postgres
--

SELECT pg_catalog.setval('"public"."community_blocked_terms_id_seq"', 8, true);


--
-- PostgreSQL database dump complete
--

\unrestrict FLcFn4O6sfhQPGs0Mdmuj2aYDq644EK0x0ZvAgKr2gd44AWqD1HBMv92v4VzlFj

